дата,ряд,показатель,значение,единица,источник_файл,флаг
2015-01-01,Ember оптовая цена э/э,Austria,29.94,EUR/МВт·ч,european_wholesale_electricity_price_data_monthly.csv,
2015-01-01,Ember оптовая цена э/э,Belgium,42.33,EUR/МВт·ч,european_wholesale_electricity_price_data_monthly.csv,
2015-01-01,Ember оптовая цена э/э,Czechia,29.47,EUR/МВт·ч,european_wholesale_electricity_price_data_monthly.csv,
2015-01-01,Ember оптовая цена э/э,Denmark,27.12,EUR/МВт·ч,european_wholesale_electricity_price_data_monthly.csv,
2015-01-01,Ember оптовая цена э/э,Estonia,33.84,EUR/МВт·ч,european_wholesale_electricity_price_data_monthly.csv,
2015-01-01,Ember оптовая цена э/э,Finland,33.81,EUR/МВт·ч,european_wholesale_electricity_price_data_monthly.csv,
2015-01-01,Ember оптовая цена э/э,France,40.94,EUR/МВт·ч,european_wholesale_electricity_price_data_monthly.csv,
2015-01-01,Ember оптовая цена э/э,Germany,29.94,EUR/МВт·ч,european_wholesale_electricity_price_data_monthly.csv,
2015-01-01,Ember оптовая цена э/э,Greece,61.41,EUR/МВт·ч,european_wholesale_electricity_price_data_monthly.csv,
2015-01-01,Ember оптовая цена э/э,Hungary,42.16,EUR/МВт·ч,european_wholesale_electricity_price_data_monthly.csv,
2015-01-01,Ember оптовая цена э/э,Italy,50.84,EUR/МВт·ч,european_wholesale_electricity_price_data_monthly.csv,
2015-01-01,Ember оптовая цена э/э,Latvia,39.78,EUR/МВт·ч,european_wholesale_electricity_price_data_monthly.csv,
2015-01-01,Ember оптовая цена э/э,Lithuania,39.61,EUR/МВт·ч,european_wholesale_electricity_price_data_monthly.csv,
2015-01-01,Ember оптовая цена э/э,Luxembourg,29.94,EUR/МВт·ч,european_wholesale_electricity_price_data_monthly.csv,
2015-01-01,Ember оптовая цена э/э,Netherlands,40.51,EUR/МВт·ч,european_wholesale_electricity_price_data_monthly.csv,
2015-01-01,Ember оптовая цена э/э,Norway,29.19,EUR/МВт·ч,european_wholesale_electricity_price_data_monthly.csv,
2015-01-01,Ember оптовая цена э/э,Poland,33.53,EUR/МВт·ч,european_wholesale_electricity_price_data_monthly.csv,
2015-01-01,Ember оптовая цена э/э,Portugal,51.77,EUR/МВт·ч,european_wholesale_electricity_price_data_monthly.csv,
2015-01-01,Ember оптовая цена э/э,Romania,39.8,EUR/МВт·ч,european_wholesale_electricity_price_data_monthly.csv,
2015-01-01,Ember оптовая цена э/э,Slovakia,31.26,EUR/МВт·ч,european_wholesale_electricity_price_data_monthly.csv,
2015-01-01,Ember оптовая цена э/э,Slovenia,42.23,EUR/МВт·ч,european_wholesale_electricity_price_data_monthly.csv,
2015-01-01,Ember оптовая цена э/э,Spain,51.48,EUR/МВт·ч,european_wholesale_electricity_price_data_monthly.csv,
2015-01-01,Ember оптовая цена э/э,Sweden,30.24,EUR/МВт·ч,european_wholesale_electricity_price_data_monthly.csv,
2015-01-01,Ember оптовая цена э/э,Switzerland,44.0,EUR/МВт·ч,european_wholesale_electricity_price_data_monthly.csv,
2015-02-01,Ember оптовая цена э/э,Austria,36.69,EUR/МВт·ч,european_wholesale_electricity_price_data_monthly.csv,
2015-02-01,Ember оптовая цена э/э,Belgium,50.54,EUR/МВт·ч,european_wholesale_electricity_price_data_monthly.csv,
2015-02-01,Ember оптовая цена э/э,Czechia,36.12,EUR/МВт·ч,european_wholesale_electricity_price_data_monthly.csv,
2015-02-01,Ember оптовая цена э/э,Denmark,29.93,EUR/МВт·ч,european_wholesale_electricity_price_data_monthly.csv,
2015-02-01,Ember оптовая цена э/э,Estonia,33.43,EUR/МВт·ч,european_wholesale_electricity_price_data_monthly.csv,
2015-02-01,Ember оптовая цена э/э,Finland,33.15,EUR/МВт·ч,european_wholesale_electricity_price_data_monthly.csv,
2015-02-01,Ember оптовая цена э/э,France,50.14,EUR/МВт·ч,european_wholesale_electricity_price_data_monthly.csv,
2015-02-01,Ember оптовая цена э/э,Germany,36.69,EUR/МВт·ч,european_wholesale_electricity_price_data_monthly.csv,
2015-02-01,Ember оптовая цена э/э,Greece,56.94,EUR/МВт·ч,european_wholesale_electricity_price_data_monthly.csv,
2015-02-01,Ember оптовая цена э/э,Hungary,41.27,EUR/МВт·ч,european_wholesale_electricity_price_data_monthly.csv,
2015-02-01,Ember оптовая цена э/э,Italy,54.52,EUR/МВт·ч,european_wholesale_electricity_price_data_monthly.csv,
2015-02-01,Ember оптовая цена э/э,Latvia,39.44,EUR/МВт·ч,european_wholesale_electricity_price_data_monthly.csv,
2015-02-01,Ember оптовая цена э/э,Lithuania,39.44,EUR/МВт·ч,european_wholesale_electricity_price_data_monthly.csv,
2015-02-01,Ember оптовая цена э/э,Luxembourg,36.69,EUR/МВт·ч,european_wholesale_electricity_price_data_monthly.csv,
2015-02-01,Ember оптовая цена э/э,Netherlands,46.37,EUR/МВт·ч,european_wholesale_electricity_price_data_monthly.csv,
2015-02-01,Ember оптовая цена э/э,Norway,28.46,EUR/МВт·ч,european_wholesale_electricity_price_data_monthly.csv,
2015-02-01,Ember оптовая цена э/э,Poland,35.61,EUR/МВт·ч,european_wholesale_electricity_price_data_monthly.csv,
2015-02-01,Ember оптовая цена э/э,Portugal,42.61,EUR/МВт·ч,european_wholesale_electricity_price_data_monthly.csv,
2015-02-01,Ember оптовая цена э/э,Romania,37.12,EUR/МВт·ч,european_wholesale_electricity_price_data_monthly.csv,
2015-02-01,Ember оптовая цена э/э,Slovakia,36.65,EUR/МВт·ч,european_wholesale_electricity_price_data_monthly.csv,
2015-02-01,Ember оптовая цена э/э,Slovenia,42.02,EUR/МВт·ч,european_wholesale_electricity_price_data_monthly.csv,
2015-02-01,Ember оптовая цена э/э,Spain,42.6,EUR/МВт·ч,european_wholesale_electricity_price_data_monthly.csv,
2015-02-01,Ember оптовая цена э/э,Sweden,29.6,EUR/МВт·ч,european_wholesale_electricity_price_data_monthly.csv,
2015-02-01,Ember оптовая цена э/э,Switzerland,50.86,EUR/МВт·ч,european_wholesale_electricity_price_data_monthly.csv,
2015-03-01,Ember оптовая цена э/э,Austria,31.3,EUR/МВт·ч,european_wholesale_electricity_price_data_monthly.csv,
2015-03-01,Ember оптовая цена э/э,Belgium,47.05,EUR/МВт·ч,european_wholesale_electricity_price_data_monthly.csv,
2015-03-01,Ember оптовая цена э/э,Czechia,30.61,EUR/МВт·ч,european_wholesale_electricity_price_data_monthly.csv,
2015-03-01,Ember оптовая цена э/э,Denmark,26.88,EUR/МВт·ч,european_wholesale_electricity_price_data_monthly.csv,
2015-03-01,Ember оптовая цена э/э,Estonia,30.3,EUR/МВт·ч,european_wholesale_electricity_price_data_monthly.csv,
2015-03-01,Ember оптовая цена э/э,Finland,29.42,EUR/МВт·ч,european_wholesale_electricity_price_data_monthly.csv,
2015-03-01,Ember оптовая цена э/э,France,43.79,EUR/МВт·ч,european_wholesale_electricity_price_data_monthly.csv,
2015-03-01,Ember оптовая цена э/э,Germany,31.3,EUR/МВт·ч,european_wholesale_electricity_price_data_monthly.csv,
2015-03-01,Ember оптовая цена э/э,Greece,56.22,EUR/МВт·ч,european_wholesale_electricity_price_data_monthly.csv,
2015-03-01,Ember оптовая цена э/э,Hungary,35.64,EUR/МВт·ч,european_wholesale_electricity_price_data_monthly.csv,
2015-03-01,Ember оптовая цена э/э,Italy,49.94,EUR/МВт·ч,european_wholesale_electricity_price_data_monthly.csv,
2015-03-01,Ember оптовая цена э/э,Latvia,32.21,EUR/МВт·ч,european_wholesale_electricity_price_data_monthly.csv,
2015-03-01,Ember оптовая цена э/э,Lithuania,32.21,EUR/МВт·ч,european_wholesale_electricity_price_data_monthly.csv,
2015-03-01,Ember оптовая цена э/э,Luxembourg,31.3,EUR/МВт·ч,european_wholesale_electricity_price_data_monthly.csv,
2015-03-01,Ember оптовая цена э/э,Netherlands,42.18,EUR/МВт·ч,european_wholesale_electricity_price_data_monthly.csv,
2015-03-01,Ember оптовая цена э/э,Norway,24.94,EUR/МВт·ч,european_wholesale_electricity_price_data_monthly.csv,
2015-03-01,Ember оптовая цена э/э,Poland,33.14,EUR/МВт·ч,european_wholesale_electricity_price_data_monthly.csv,
2015-03-01,Ember оптовая цена э/э,Portugal,43.18,EUR/МВт·ч,european_wholesale_electricity_price_data_monthly.csv,
2015-03-01,Ember оптовая цена э/э,Romania,32.25,EUR/МВт·ч,european_wholesale_electricity_price_data_monthly.csv,
2015-03-01,Ember оптовая цена э/э,Slovakia,30.96,EUR/МВт·ч,european_wholesale_electricity_price_data_monthly.csv,
2015-03-01,Ember оптовая цена э/э,Slovenia,36.34,EUR/МВт·ч,european_wholesale_electricity_price_data_monthly.csv,
2015-03-01,Ember оптовая цена э/э,Spain,43.08,EUR/МВт·ч,european_wholesale_electricity_price_data_monthly.csv,
2015-03-01,Ember оптовая цена э/э,Sweden,25.88,EUR/МВт·ч,european_wholesale_electricity_price_data_monthly.csv,
2015-03-01,Ember оптовая цена э/э,Switzerland,44.48,EUR/МВт·ч,european_wholesale_electricity_price_data_monthly.csv,
2015-04-01,Ember оптовая цена э/э,Austria,29.78,EUR/МВт·ч,european_wholesale_electricity_price_data_monthly.csv,
2015-04-01,Ember оптовая цена э/э,Belgium,47.69,EUR/МВт·ч,european_wholesale_electricity_price_data_monthly.csv,
2015-04-01,Ember оптовая цена э/э,Czechia,29.84,EUR/МВт·ч,european_wholesale_electricity_price_data_monthly.csv,
2015-04-01,Ember оптовая цена э/э,Denmark,25.91,EUR/МВт·ч,european_wholesale_electricity_price_data_monthly.csv,
2015-04-01,Ember оптовая цена э/э,Estonia,30.49,EUR/МВт·ч,european_wholesale_electricity_price_data_monthly.csv,
2015-04-01,Ember оптовая цена э/э,Finland,30.09,EUR/МВт·ч,european_wholesale_electricity_price_data_monthly.csv,
2015-04-01,Ember оптовая цена э/э,France,39.52,EUR/МВт·ч,european_wholesale_electricity_price_data_monthly.csv,
2015-04-01,Ember оптовая цена э/э,Germany,29.78,EUR/МВт·ч,european_wholesale_electricity_price_data_monthly.csv,
2015-04-01,Ember оптовая цена э/э,Greece,47.95,EUR/МВт·ч,european_wholesale_electricity_price_data_monthly.csv,
2015-04-01,Ember оптовая цена э/э,Hungary,34.11,EUR/МВт·ч,european_wholesale_electricity_price_data_monthly.csv,
2015-04-01,Ember оптовая цена э/э,Italy,47.85,EUR/МВт·ч,european_wholesale_electricity_price_data_monthly.csv,
2015-04-01,Ember оптовая цена э/э,Latvia,34.81,EUR/МВт·ч,european_wholesale_electricity_price_data_monthly.csv,
2015-04-01,Ember оптовая цена э/э,Lithuania,35.61,EUR/МВт·ч,european_wholesale_electricity_price_data_monthly.csv,
2015-04-01,Ember оптовая цена э/э,Luxembourg,29.78,EUR/МВт·ч,european_wholesale_electricity_price_data_monthly.csv,
2015-04-01,Ember оптовая цена э/э,Netherlands,41.4,EUR/МВт·ч,european_wholesale_electricity_price_data_monthly.csv,
2015-04-01,Ember оптовая цена э/э,Norway,25.0,EUR/МВт·ч,european_wholesale_electricity_price_data_monthly.csv,
2015-04-01,Ember оптовая цена э/э,Poland,35.92,EUR/МВт·ч,european_wholesale_electricity_price_data_monthly.csv,
2015-04-01,Ember оптовая цена э/э,Portugal,45.54,EUR/МВт·ч,european_wholesale_electricity_price_data_monthly.csv,
2015-04-01,Ember оптовая цена э/э,Romania,26.42,EUR/МВт·ч,european_wholesale_electricity_price_data_monthly.csv,
2015-04-01,Ember оптовая цена э/э,Slovakia,29.97,EUR/МВт·ч,european_wholesale_electricity_price_data_monthly.csv,
2015-04-01,Ember оптовая цена э/э,Slovenia,34.81,EUR/МВт·ч,european_wholesale_electricity_price_data_monthly.csv,
2015-04-01,Ember оптовая цена э/э,Spain,45.37,EUR/МВт·ч,european_wholesale_electricity_price_data_monthly.csv,
2015-04-01,Ember оптовая цена э/э,Sweden,25.5,EUR/МВт·ч,european_wholesale_electricity_price_data_monthly.csv,
2015-04-01,Ember оптовая цена э/э,Switzerland,38.23,EUR/МВт·ч,european_wholesale_electricity_price_data_monthly.csv,
2015-05-01,Ember оптовая цена э/э,Austria,25.33,EUR/МВт·ч,european_wholesale_electricity_price_data_monthly.csv,
2015-05-01,Ember оптовая цена э/э,Belgium,37.58,EUR/МВт·ч,european_wholesale_electricity_price_data_monthly.csv,
2015-05-01,Ember оптовая цена э/э,Czechia,25.39,EUR/МВт·ч,european_wholesale_electricity_price_data_monthly.csv,
2015-05-01,Ember оптовая цена э/э,Denmark,22.56,EUR/МВт·ч,european_wholesale_electricity_price_data_monthly.csv,
2015-05-01,Ember оптовая цена э/э,Estonia,32.27,EUR/МВт·ч,european_wholesale_electricity_price_data_monthly.csv,
2015-05-01,Ember оптовая цена э/э,Finland,25.84,EUR/МВт·ч,european_wholesale_electricity_price_data_monthly.csv,
2015-05-01,Ember оптовая цена э/э,France,26.46,EUR/МВт·ч,european_wholesale_electricity_price_data_monthly.csv,
2015-05-01,Ember оптовая цена э/э,Germany,25.33,EUR/МВт·ч,european_wholesale_electricity_price_data_monthly.csv,
2015-05-01,Ember оптовая цена э/э,Greece,49.54,EUR/МВт·ч,european_wholesale_electricity_price_data_monthly.csv,
2015-05-01,Ember оптовая цена э/э,Hungary,29.63,EUR/МВт·ч,european_wholesale_electricity_price_data_monthly.csv,
2015-05-01,Ember оптовая цена э/э,Italy,47.28,EUR/МВт·ч,european_wholesale_electricity_price_data_monthly.csv,
2015-05-01,Ember оптовая цена э/э,Latvia,37.35,EUR/МВт·ч,european_wholesale_electricity_price_data_monthly.csv,
2015-05-01,Ember оптовая цена э/э,Lithuania,37.35,EUR/МВт·ч,european_wholesale_electricity_price_data_monthly.csv,
2015-05-01,Ember оптовая цена э/э,Luxembourg,25.33,EUR/МВт·ч,european_wholesale_electricity_price_data_monthly.csv,
2015-05-01,Ember оптовая цена э/э,Netherlands,37.34,EUR/МВт·ч,european_wholesale_electricity_price_data_monthly.csv,
2015-05-01,Ember оптовая цена э/э,Norway,22.04,EUR/МВт·ч,european_wholesale_electricity_price_data_monthly.csv,
2015-05-01,Ember оптовая цена э/э,Poland,38.92,EUR/МВт·ч,european_wholesale_electricity_price_data_monthly.csv,
2015-05-01,Ember оптовая цена э/э,Portugal,45.21,EUR/МВт·ч,european_wholesale_electricity_price_data_monthly.csv,
2015-05-01,Ember оптовая цена э/э,Romania,27.56,EUR/МВт·ч,european_wholesale_electricity_price_data_monthly.csv,
2015-05-01,Ember оптовая цена э/э,Slovakia,25.61,EUR/МВт·ч,european_wholesale_electricity_price_data_monthly.csv,
2015-05-01,Ember оптовая цена э/э,Slovenia,30.4,EUR/МВт·ч,european_wholesale_electricity_price_data_monthly.csv,
2015-05-01,Ember оптовая цена э/э,Spain,45.17,EUR/МВт·ч,european_wholesale_electricity_price_data_monthly.csv,
2015-05-01,Ember оптовая цена э/э,Sweden,22.59,EUR/МВт·ч,european_wholesale_electricity_price_data_monthly.csv,
2015-05-01,Ember оптовая цена э/э,Switzerland,25.04,EUR/МВт·ч,european_wholesale_electricity_price_data_monthly.csv,
2015-06-01,Ember оптовая цена э/э,Austria,30.11,EUR/МВт·ч,european_wholesale_electricity_price_data_monthly.csv,
2015-06-01,Ember оптовая цена э/э,Belgium,39.12,EUR/МВт·ч,european_wholesale_electricity_price_data_monthly.csv,
2015-06-01,Ember оптовая цена э/э,Czechia,30.67,EUR/МВт·ч,european_wholesale_electricity_price_data_monthly.csv,
2015-06-01,Ember оптовая цена э/э,Denmark,20.07,EUR/МВт·ч,european_wholesale_electricity_price_data_monthly.csv,
2015-06-01,Ember оптовая цена э/э,Estonia,27.24,EUR/МВт·ч,european_wholesale_electricity_price_data_monthly.csv,
2015-06-01,Ember оптовая цена э/э,Finland,21.54,EUR/МВт·ч,european_wholesale_electricity_price_data_monthly.csv,
2015-06-01,Ember оптовая цена э/э,France,32.16,EUR/МВт·ч,european_wholesale_electricity_price_data_monthly.csv,
2015-06-01,Ember оптовая цена э/э,Germany,30.11,EUR/МВт·ч,european_wholesale_electricity_price_data_monthly.csv,
2015-06-01,Ember оптовая цена э/э,Greece,48.18,EUR/МВт·ч,european_wholesale_electricity_price_data_monthly.csv,
2015-06-01,Ember оптовая цена э/э,Hungary,33.95,EUR/МВт·ч,european_wholesale_electricity_price_data_monthly.csv,
2015-06-01,Ember оптовая цена э/э,Italy,48.64,EUR/МВт·ч,european_wholesale_electricity_price_data_monthly.csv,
2015-06-01,Ember оптовая цена э/э,Latvia,42.78,EUR/МВт·ч,european_wholesale_electricity_price_data_monthly.csv,
2015-06-01,Ember оптовая цена э/э,Lithuania,42.78,EUR/МВт·ч,european_wholesale_electricity_price_data_monthly.csv,
2015-06-01,Ember оптовая цена э/э,Luxembourg,30.11,EUR/МВт·ч,european_wholesale_electricity_price_data_monthly.csv,
2015-06-01,Ember оптовая цена э/э,Netherlands,38.73,EUR/МВт·ч,european_wholesale_electricity_price_data_monthly.csv,
2015-06-01,Ember оптовая цена э/э,Norway,13.72,EUR/МВт·ч,european_wholesale_electricity_price_data_monthly.csv,
2015-06-01,Ember оптовая цена э/э,Poland,38.84,EUR/МВт·ч,european_wholesale_electricity_price_data_monthly.csv,
2015-06-01,Ember оптовая цена э/э,Portugal,54.76,EUR/МВт·ч,european_wholesale_electricity_price_data_monthly.csv,
2015-06-01,Ember оптовая цена э/э,Romania,32.89,EUR/МВт·ч,european_wholesale_electricity_price_data_monthly.csv,
2015-06-01,Ember оптовая цена э/э,Slovakia,31.08,EUR/МВт·ч,european_wholesale_electricity_price_data_monthly.csv,
2015-06-01,Ember оптовая цена э/э,Slovenia,34.2,EUR/МВт·ч,european_wholesale_electricity_price_data_monthly.csv,
2015-06-01,Ember оптовая цена э/э,Spain,54.75,EUR/МВт·ч,european_wholesale_electricity_price_data_monthly.csv,
2015-06-01,Ember оптовая цена э/э,Sweden,16.06,EUR/МВт·ч,european_wholesale_electricity_price_data_monthly.csv,
2015-06-01,Ember оптовая цена э/э,Switzerland,30.45,EUR/МВт·ч,european_wholesale_electricity_price_data_monthly.csv,
2015-07-01,Ember оптовая цена э/э,Austria,34.98,EUR/МВт·ч,european_wholesale_electricity_price_data_monthly.csv,
2015-07-01,Ember оптовая цена э/э,Belgium,42.58,EUR/МВт·ч,european_wholesale_electricity_price_data_monthly.csv,
2015-07-01,Ember оптовая цена э/э,Czechia,36.7,EUR/МВт·ч,european_wholesale_electricity_price_data_monthly.csv,
2015-07-01,Ember оптовая цена э/э,Denmark,13.69,EUR/МВт·ч,european_wholesale_electricity_price_data_monthly.csv,
2015-07-01,Ember оптовая цена э/э,Estonia,27.99,EUR/МВт·ч,european_wholesale_electricity_price_data_monthly.csv,
2015-07-01,Ember оптовая цена э/э,Finland,27.57,EUR/МВт·ч,european_wholesale_electricity_price_data_monthly.csv,
2015-07-01,Ember оптовая цена э/э,France,37.91,EUR/МВт·ч,european_wholesale_electricity_price_data_monthly.csv,
2015-07-01,Ember оптовая цена э/э,Germany,34.98,EUR/МВт·ч,european_wholesale_electricity_price_data_monthly.csv,
2015-07-01,Ember оптовая цена э/э,Greece,53.18,EUR/МВт·ч,european_wholesale_electricity_price_data_monthly.csv,
2015-07-01,Ember оптовая цена э/э,Hungary,52.35,EUR/МВт·ч,european_wholesale_electricity_price_data_monthly.csv,
2015-07-01,Ember оптовая цена э/э,Italy,67.71,EUR/МВт·ч,european_wholesale_electricity_price_data_monthly.csv,
2015-07-01,Ember оптовая цена э/э,Latvia,44.25,EUR/МВт·ч,european_wholesale_electricity_price_data_monthly.csv,
2015-07-01,Ember оптовая цена э/э,Lithuania,44.46,EUR/МВт·ч,european_wholesale_electricity_price_data_monthly.csv,
2015-07-01,Ember оптовая цена э/э,Luxembourg,34.98,EUR/МВт·ч,european_wholesale_electricity_price_data_monthly.csv,
2015-07-01,Ember оптовая цена э/э,Netherlands,42.19,EUR/МВт·ч,european_wholesale_electricity_price_data_monthly.csv,
2015-07-01,Ember оптовая цена э/э,Norway,8.94,EUR/МВт·ч,european_wholesale_electricity_price_data_monthly.csv,
2015-07-01,Ember оптовая цена э/э,Poland,40.0,EUR/МВт·ч,european_wholesale_electricity_price_data_monthly.csv,
2015-07-01,Ember оптовая цена э/э,Portugal,59.59,EUR/МВт·ч,european_wholesale_electricity_price_data_monthly.csv,
2015-07-01,Ember оптовая цена э/э,Romania,41.91,EUR/МВт·ч,european_wholesale_electricity_price_data_monthly.csv,
2015-07-01,Ember оптовая цена э/э,Slovakia,38.54,EUR/МВт·ч,european_wholesale_electricity_price_data_monthly.csv,
2015-07-01,Ember оптовая цена э/э,Slovenia,54.02,EUR/МВт·ч,european_wholesale_electricity_price_data_monthly.csv,
2015-07-01,Ember оптовая цена э/э,Spain,59.53,EUR/МВт·ч,european_wholesale_electricity_price_data_monthly.csv,
2015-07-01,Ember оптовая цена э/э,Sweden,9.07,EUR/МВт·ч,european_wholesale_electricity_price_data_monthly.csv,
2015-07-01,Ember оптовая цена э/э,Switzerland,35.98,EUR/МВт·ч,european_wholesale_electricity_price_data_monthly.csv,
2015-08-01,Ember оптовая цена э/э,Austria,31.61,EUR/МВт·ч,european_wholesale_electricity_price_data_monthly.csv,
2015-08-01,Ember оптовая цена э/э,Belgium,42.44,EUR/МВт·ч,european_wholesale_electricity_price_data_monthly.csv,
2015-08-01,Ember оптовая цена э/э,Czechia,32.69,EUR/МВт·ч,european_wholesale_electricity_price_data_monthly.csv,
2015-08-01,Ember оптовая цена э/э,Denmark,22.74,EUR/МВт·ч,european_wholesale_electricity_price_data_monthly.csv,
2015-08-01,Ember оптовая цена э/э,Estonia,31.23,EUR/МВт·ч,european_wholesale_electricity_price_data_monthly.csv,
2015-08-01,Ember оптовая цена э/э,Finland,31.15,EUR/МВт·ч,european_wholesale_electricity_price_data_monthly.csv,
2015-08-01,Ember оптовая цена э/э,France,32.19,EUR/МВт·ч,european_wholesale_electricity_price_data_monthly.csv,
2015-08-01,Ember оптовая цена э/э,Germany,31.61,EUR/МВт·ч,european_wholesale_electricity_price_data_monthly.csv,
2015-08-01,Ember оптовая цена э/э,Greece,50.18,EUR/МВт·ч,european_wholesale_electricity_price_data_monthly.csv,
2015-08-01,Ember оптовая цена э/э,Hungary,42.56,EUR/МВт·ч,european_wholesale_electricity_price_data_monthly.csv,
2015-08-01,Ember оптовая цена э/э,Italy,52.74,EUR/МВт·ч,european_wholesale_electricity_price_data_monthly.csv,
2015-08-01,Ember оптовая цена э/э,Latvia,46.44,EUR/МВт·ч,european_wholesale_electricity_price_data_monthly.csv,
2015-08-01,Ember оптовая цена э/э,Lithuania,46.44,EUR/МВт·ч,european_wholesale_electricity_price_data_monthly.csv,
2015-08-01,Ember оптовая цена э/э,Luxembourg,31.61,EUR/МВт·ч,european_wholesale_electricity_price_data_monthly.csv,
2015-08-01,Ember оптовая цена э/э,Netherlands,38.87,EUR/МВт·ч,european_wholesale_electricity_price_data_monthly.csv,
2015-08-01,Ember оптовая цена э/э,Norway,11.69,EUR/МВт·ч,european_wholesale_electricity_price_data_monthly.csv,
2015-08-01,Ember оптовая цена э/э,Poland,42.33,EUR/МВт·ч,european_wholesale_electricity_price_data_monthly.csv,
2015-08-01,Ember оптовая цена э/э,Portugal,55.62,EUR/МВт·ч,european_wholesale_electricity_price_data_monthly.csv,
2015-08-01,Ember оптовая цена э/э,Romania,40.7,EUR/МВт·ч,european_wholesale_electricity_price_data_monthly.csv,
2015-08-01,Ember оптовая цена э/э,Slovakia,33.3,EUR/МВт·ч,european_wholesale_electricity_price_data_monthly.csv,
2015-08-01,Ember оптовая цена э/э,Slovenia,42.94,EUR/МВт·ч,european_wholesale_electricity_price_data_monthly.csv,
2015-08-01,Ember оптовая цена э/э,Spain,55.61,EUR/МВт·ч,european_wholesale_electricity_price_data_monthly.csv,
2015-08-01,Ember оптовая цена э/э,Sweden,16.28,EUR/МВт·ч,european_wholesale_electricity_price_data_monthly.csv,
2015-08-01,Ember оптовая цена э/э,Switzerland,32.71,EUR/МВт·ч,european_wholesale_electricity_price_data_monthly.csv,
2015-09-01,Ember оптовая цена э/э,Austria,31.89,EUR/МВт·ч,european_wholesale_electricity_price_data_monthly.csv,
2015-09-01,Ember оптовая цена э/э,Belgium,52.49,EUR/МВт·ч,european_wholesale_electricity_price_data_monthly.csv,
2015-09-01,Ember оптовая цена э/э,Czechia,33.4,EUR/МВт·ч,european_wholesale_electricity_price_data_monthly.csv,
2015-09-01,Ember оптовая цена э/э,Denmark,22.82,EUR/МВт·ч,european_wholesale_electricity_price_data_monthly.csv,
2015-09-01,Ember оптовая цена э/э,Estonia,31.69,EUR/МВт·ч,european_wholesale_electricity_price_data_monthly.csv,
2015-09-01,Ember оптовая цена э/э,Finland,31.74,EUR/МВт·ч,european_wholesale_electricity_price_data_monthly.csv,
2015-09-01,Ember оптовая цена э/э,France,37.45,EUR/МВт·ч,european_wholesale_electricity_price_data_monthly.csv,
2015-09-01,Ember оптовая цена э/э,Germany,31.89,EUR/МВт·ч,european_wholesale_electricity_price_data_monthly.csv,
2015-09-01,Ember оптовая цена э/э,Greece,50.74,EUR/МВт·ч,european_wholesale_electricity_price_data_monthly.csv,
2015-09-01,Ember оптовая цена э/э,Hungary,47.53,EUR/МВт·ч,european_wholesale_electricity_price_data_monthly.csv,
2015-09-01,Ember оптовая цена э/э,Italy,49.45,EUR/МВт·ч,european_wholesale_electricity_price_data_monthly.csv,
2015-09-01,Ember оптовая цена э/э,Latvia,44.27,EUR/МВт·ч,european_wholesale_electricity_price_data_monthly.csv,
2015-09-01,Ember оптовая цена э/э,Lithuania,44.27,EUR/МВт·ч,european_wholesale_electricity_price_data_monthly.csv,
2015-09-01,Ember оптовая цена э/э,Luxembourg,31.89,EUR/МВт·ч,european_wholesale_electricity_price_data_monthly.csv,
2015-09-01,Ember оптовая цена э/э,Netherlands,39.65,EUR/МВт·ч,european_wholesale_electricity_price_data_monthly.csv,
2015-09-01,Ember оптовая цена э/э,Norway,15.22,EUR/МВт·ч,european_wholesale_electricity_price_data_monthly.csv,
2015-09-01,Ember оптовая цена э/э,Poland,39.06,EUR/МВт·ч,european_wholesale_electricity_price_data_monthly.csv,
2015-09-01,Ember оптовая цена э/э,Portugal,52.4,EUR/МВт·ч,european_wholesale_electricity_price_data_monthly.csv,
2015-09-01,Ember оптовая цена э/э,Romania,40.96,EUR/МВт·ч,european_wholesale_electricity_price_data_monthly.csv,
2015-09-01,Ember оптовая цена э/э,Slovakia,36.61,EUR/МВт·ч,european_wholesale_electricity_price_data_monthly.csv,
2015-09-01,Ember оптовая цена э/э,Slovenia,46.42,EUR/МВт·ч,european_wholesale_electricity_price_data_monthly.csv,
2015-09-01,Ember оптовая цена э/э,Spain,51.87,EUR/МВт·ч,european_wholesale_electricity_price_data_monthly.csv,
2015-09-01,Ember оптовая цена э/э,Sweden,21.07,EUR/МВт·ч,european_wholesale_electricity_price_data_monthly.csv,
2015-09-01,Ember оптовая цена э/э,Switzerland,36.57,EUR/МВт·ч,european_wholesale_electricity_price_data_monthly.csv,
2015-10-01,Ember оптовая цена э/э,Austria,39.37,EUR/МВт·ч,european_wholesale_electricity_price_data_monthly.csv,
2015-10-01,Ember оптовая цена э/э,Belgium,55.43,EUR/МВт·ч,european_wholesale_electricity_price_data_monthly.csv,
2015-10-01,Ember оптовая цена э/э,Czechia,39.08,EUR/МВт·ч,european_wholesale_electricity_price_data_monthly.csv,
2015-10-01,Ember оптовая цена э/э,Denmark,26.49,EUR/МВт·ч,european_wholesale_electricity_price_data_monthly.csv,
2015-10-01,Ember оптовая цена э/э,Estonia,35.02,EUR/МВт·ч,european_wholesale_electricity_price_data_monthly.csv,
2015-10-01,Ember оптовая цена э/э,Finland,33.54,EUR/МВт·ч,european_wholesale_electricity_price_data_monthly.csv,
2015-10-01,Ember оптовая цена э/э,France,44.96,EUR/МВт·ч,european_wholesale_electricity_price_data_monthly.csv,
2015-10-01,Ember оптовая цена э/э,Germany,39.37,EUR/МВт·ч,european_wholesale_electricity_price_data_monthly.csv,
2015-10-01,Ember оптовая цена э/э,Greece,48.05,EUR/МВт·ч,european_wholesale_electricity_price_data_monthly.csv,
2015-10-01,Ember оптовая цена э/э,Hungary,44.13,EUR/МВт·ч,european_wholesale_electricity_price_data_monthly.csv,
2015-10-01,Ember оптовая цена э/э,Italy,47.78,EUR/МВт·ч,european_wholesale_electricity_price_data_monthly.csv,
2015-10-01,Ember оптовая цена э/э,Latvia,56.52,EUR/МВт·ч,european_wholesale_electricity_price_data_monthly.csv,
2015-10-01,Ember оптовая цена э/э,Lithuania,56.52,EUR/МВт·ч,european_wholesale_electricity_price_data_monthly.csv,
2015-10-01,Ember оптовая цена э/э,Luxembourg,39.37,EUR/МВт·ч,european_wholesale_electricity_price_data_monthly.csv,
2015-10-01,Ember оптовая цена э/э,Netherlands,41.45,EUR/МВт·ч,european_wholesale_electricity_price_data_monthly.csv,
2015-10-01,Ember оптовая цена э/э,Norway,21.45,EUR/МВт·ч,european_wholesale_electricity_price_data_monthly.csv,
2015-10-01,Ember оптовая цена э/э,Poland,39.65,EUR/МВт·ч,european_wholesale_electricity_price_data_monthly.csv,
2015-10-01,Ember оптовая цена э/э,Portugal,49.88,EUR/МВт·ч,european_wholesale_electricity_price_data_monthly.csv,
2015-10-01,Ember оптовая цена э/э,Romania,39.22,EUR/МВт·ч,european_wholesale_electricity_price_data_monthly.csv,
2015-10-01,Ember оптовая цена э/э,Slovakia,42.29,EUR/МВт·ч,european_wholesale_electricity_price_data_monthly.csv,
2015-10-01,Ember оптовая цена э/э,Slovenia,43.76,EUR/МВт·ч,european_wholesale_electricity_price_data_monthly.csv,
2015-10-01,Ember оптовая цена э/э,Spain,49.89,EUR/МВт·ч,european_wholesale_electricity_price_data_monthly.csv,
2015-10-01,Ember оптовая цена э/э,Sweden,23.63,EUR/МВт·ч,european_wholesale_electricity_price_data_monthly.csv,
2015-10-01,Ember оптовая цена э/э,Switzerland,45.54,EUR/МВт·ч,european_wholesale_electricity_price_data_monthly.csv,
2015-11-01,Ember оптовая цена э/э,Austria,32.38,EUR/МВт·ч,european_wholesale_electricity_price_data_monthly.csv,
2015-11-01,Ember оптовая цена э/э,Belgium,43.11,EUR/МВт·ч,european_wholesale_electricity_price_data_monthly.csv,
2015-11-01,Ember оптовая цена э/э,Czechia,35.47,EUR/МВт·ч,european_wholesale_electricity_price_data_monthly.csv,
2015-11-01,Ember оптовая цена э/э,Denmark,25.52,EUR/МВт·ч,european_wholesale_electricity_price_data_monthly.csv,
2015-11-01,Ember оптовая цена э/э,Estonia,32.88,EUR/МВт·ч,european_wholesale_electricity_price_data_monthly.csv,
2015-11-01,Ember оптовая цена э/э,Finland,31.71,EUR/МВт·ч,european_wholesale_electricity_price_data_monthly.csv,
2015-11-01,Ember оптовая цена э/э,France,41.7,EUR/МВт·ч,european_wholesale_electricity_price_data_monthly.csv,
2015-11-01,Ember оптовая цена э/э,Germany,32.38,EUR/МВт·ч,european_wholesale_electricity_price_data_monthly.csv,
2015-11-01,Ember оптовая цена э/э,Greece,49.57,EUR/МВт·ч,european_wholesale_electricity_price_data_monthly.csv,
2015-11-01,Ember оптовая цена э/э,Hungary,41.51,EUR/МВт·ч,european_wholesale_electricity_price_data_monthly.csv,
2015-11-01,Ember оптовая цена э/э,Italy,55.16,EUR/МВт·ч,european_wholesale_electricity_price_data_monthly.csv,
2015-11-01,Ember оптовая цена э/э,Latvia,45.75,EUR/МВт·ч,european_wholesale_electricity_price_data_monthly.csv,
2015-11-01,Ember оптовая цена э/э,Lithuania,45.84,EUR/МВт·ч,european_wholesale_electricity_price_data_monthly.csv,
2015-11-01,Ember оптовая цена э/э,Luxembourg,32.38,EUR/МВт·ч,european_wholesale_electricity_price_data_monthly.csv,
2015-11-01,Ember оптовая цена э/э,Netherlands,38.44,EUR/МВт·ч,european_wholesale_electricity_price_data_monthly.csv,
2015-11-01,Ember оптовая цена э/э,Norway,24.25,EUR/МВт·ч,european_wholesale_electricity_price_data_monthly.csv,
2015-11-01,Ember оптовая цена э/э,Poland,36.31,EUR/МВт·ч,european_wholesale_electricity_price_data_monthly.csv,
2015-11-01,Ember оптовая цена э/э,Portugal,51.48,EUR/МВт·ч,european_wholesale_electricity_price_data_monthly.csv,
2015-11-01,Ember оптовая цена э/э,Romania,36.88,EUR/МВт·ч,european_wholesale_electricity_price_data_monthly.csv,
2015-11-01,Ember оптовая цена э/э,Slovakia,36.63,EUR/МВт·ч,european_wholesale_electricity_price_data_monthly.csv,
2015-11-01,Ember оптовая цена э/э,Slovenia,45.57,EUR/МВт·ч,european_wholesale_electricity_price_data_monthly.csv,
2015-11-01,Ember оптовая цена э/э,Spain,51.22,EUR/МВт·ч,european_wholesale_electricity_price_data_monthly.csv,
2015-11-01,Ember оптовая цена э/э,Sweden,25.52,EUR/МВт·ч,european_wholesale_electricity_price_data_monthly.csv,
2015-11-01,Ember оптовая цена э/э,Switzerland,48.17,EUR/МВт·ч,european_wholesale_electricity_price_data_monthly.csv,
2015-12-01,Ember оптовая цена э/э,Austria,27.79,EUR/МВт·ч,european_wholesale_electricity_price_data_monthly.csv,
2015-12-01,Ember оптовая цена э/э,Belgium,35.94,EUR/МВт·ч,european_wholesale_electricity_price_data_monthly.csv,
2015-12-01,Ember оптовая цена э/э,Czechia,28.76,EUR/МВт·ч,european_wholesale_electricity_price_data_monthly.csv,
2015-12-01,Ember оптовая цена э/э,Denmark,19.21,EUR/МВт·ч,european_wholesale_electricity_price_data_monthly.csv,
2015-12-01,Ember оптовая цена э/э,Estonia,26.72,EUR/МВт·ч,european_wholesale_electricity_price_data_monthly.csv,
2015-12-01,Ember оптовая цена э/э,Finland,26.56,EUR/МВт·ч,european_wholesale_electricity_price_data_monthly.csv,
2015-12-01,Ember оптовая цена э/э,France,35.13,EUR/МВт·ч,european_wholesale_electricity_price_data_monthly.csv,
2015-12-01,Ember оптовая цена э/э,Germany,27.79,EUR/МВт·ч,european_wholesale_electricity_price_data_monthly.csv,
2015-12-01,Ember оптовая цена э/э,Greece,51.32,EUR/МВт·ч,european_wholesale_electricity_price_data_monthly.csv,
2015-12-01,Ember оптовая цена э/э,Hungary,42.28,EUR/МВт·ч,european_wholesale_electricity_price_data_monthly.csv,
2015-12-01,Ember оптовая цена э/э,Italy,55.75,EUR/МВт·ч,european_wholesale_electricity_price_data_monthly.csv,
2015-12-01,Ember оптовая цена э/э,Latvia,38.35,EUR/МВт·ч,european_wholesale_electricity_price_data_monthly.csv,
2015-12-01,Ember оптовая цена э/э,Lithuania,38.35,EUR/МВт·ч,european_wholesale_electricity_price_data_monthly.csv,
2015-12-01,Ember оптовая цена э/э,Luxembourg,27.79,EUR/МВт·ч,european_wholesale_electricity_price_data_monthly.csv,
2015-12-01,Ember оптовая цена э/э,Netherlands,33.71,EUR/МВт·ч,european_wholesale_electricity_price_data_monthly.csv,
2015-12-01,Ember оптовая цена э/э,Norway,17.81,EUR/МВт·ч,european_wholesale_electricity_price_data_monthly.csv,
2015-12-01,Ember оптовая цена э/э,Poland,33.26,EUR/МВт·ч,european_wholesale_electricity_price_data_monthly.csv,
2015-12-01,Ember оптовая цена э/э,Portugal,52.89,EUR/МВт·ч,european_wholesale_electricity_price_data_monthly.csv,
2015-12-01,Ember оптовая цена э/э,Romania,40.75,EUR/МВт·ч,european_wholesale_electricity_price_data_monthly.csv,
2015-12-01,Ember оптовая цена э/э,Slovakia,29.9,EUR/МВт·ч,european_wholesale_electricity_price_data_monthly.csv,
2015-12-01,Ember оптовая цена э/э,Slovenia,44.19,EUR/МВт·ч,european_wholesale_electricity_price_data_monthly.csv,
2015-12-01,Ember оптовая цена э/э,Spain,52.59,EUR/МВт·ч,european_wholesale_electricity_price_data_monthly.csv,
2015-12-01,Ember оптовая цена э/э,Sweden,19.12,EUR/МВт·ч,european_wholesale_electricity_price_data_monthly.csv,
2015-12-01,Ember оптовая цена э/э,Switzerland,52.24,EUR/МВт·ч,european_wholesale_electricity_price_data_monthly.csv,
2016-01-01,Ember оптовая цена э/э,Austria,29.03,EUR/МВт·ч,european_wholesale_electricity_price_data_monthly.csv,
2016-01-01,Ember оптовая цена э/э,Belgium,32.6,EUR/МВт·ч,european_wholesale_electricity_price_data_monthly.csv,
2016-01-01,Ember оптовая цена э/э,Czechia,31.89,EUR/МВт·ч,european_wholesale_electricity_price_data_monthly.csv,
2016-01-01,Ember оптовая цена э/э,Denmark,27.39,EUR/МВт·ч,european_wholesale_electricity_price_data_monthly.csv,
2016-01-01,Ember оптовая цена э/э,Estonia,37.76,EUR/МВт·ч,european_wholesale_electricity_price_data_monthly.csv,
2016-01-01,Ember оптовая цена э/э,Finland,37.83,EUR/МВт·ч,european_wholesale_electricity_price_data_monthly.csv,
2016-01-01,Ember оптовая цена э/э,France,33.6,EUR/МВт·ч,european_wholesale_electricity_price_data_monthly.csv,
2016-01-01,Ember оптовая цена э/э,Germany,29.03,EUR/МВт·ч,european_wholesale_electricity_price_data_monthly.csv,
2016-01-01,Ember оптовая цена э/э,Greece,48.74,EUR/МВт·ч,european_wholesale_electricity_price_data_monthly.csv,
2016-01-01,Ember оптовая цена э/э,Hungary,43.09,EUR/МВт·ч,european_wholesale_electricity_price_data_monthly.csv,
2016-01-01,Ember оптовая цена э/э,Italy,46.47,EUR/МВт·ч,european_wholesale_electricity_price_data_monthly.csv,
2016-01-01,Ember оптовая цена э/э,Latvia,50.01,EUR/МВт·ч,european_wholesale_electricity_price_data_monthly.csv,
2016-01-01,Ember оптовая цена э/э,Lithuania,50.31,EUR/МВт·ч,european_wholesale_electricity_price_data_monthly.csv,
2016-01-01,Ember оптовая цена э/э,Luxembourg,29.03,EUR/МВт·ч,european_wholesale_electricity_price_data_monthly.csv,
2016-01-01,Ember оптовая цена э/э,Netherlands,31.56,EUR/МВт·ч,european_wholesale_electricity_price_data_monthly.csv,
2016-01-01,Ember оптовая цена э/э,Norway,27.91,EUR/МВт·ч,european_wholesale_electricity_price_data_monthly.csv,
2016-01-01,Ember оптовая цена э/э,Poland,37.74,EUR/МВт·ч,european_wholesale_electricity_price_data_monthly.csv,
2016-01-01,Ember оптовая цена э/э,Portugal,36.38,EUR/МВт·ч,european_wholesale_electricity_price_data_monthly.csv,
2016-01-01,Ember оптовая цена э/э,Romania,40.7,EUR/МВт·ч,european_wholesale_electricity_price_data_monthly.csv,
2016-01-01,Ember оптовая цена э/э,Slovakia,34.47,EUR/МВт·ч,european_wholesale_electricity_price_data_monthly.csv,
2016-01-01,Ember оптовая цена э/э,Slovenia,43.16,EUR/МВт·ч,european_wholesale_electricity_price_data_monthly.csv,
2016-01-01,Ember оптовая цена э/э,Spain,36.51,EUR/МВт·ч,european_wholesale_electricity_price_data_monthly.csv,
2016-01-01,Ember оптовая цена э/э,Sweden,30.49,EUR/МВт·ч,european_wholesale_electricity_price_data_monthly.csv,
2016-01-01,Ember оптовая цена э/э,Switzerland,45.96,EUR/МВт·ч,european_wholesale_electricity_price_data_monthly.csv,
2016-02-01,Ember оптовая цена э/э,Austria,22.0,EUR/МВт·ч,european_wholesale_electricity_price_data_monthly.csv,
2016-02-01,Ember оптовая цена э/э,Belgium,25.4,EUR/МВт·ч,european_wholesale_electricity_price_data_monthly.csv,
2016-02-01,Ember оптовая цена э/э,Czechia,23.37,EUR/МВт·ч,european_wholesale_electricity_price_data_monthly.csv,
2016-02-01,Ember оптовая цена э/э,Denmark,18.79,EUR/МВт·ч,european_wholesale_electricity_price_data_monthly.csv,
2016-02-01,Ember оптовая цена э/э,Estonia,28.28,EUR/МВт·ч,european_wholesale_electricity_price_data_monthly.csv,
2016-02-01,Ember оптовая цена э/э,Finland,26.09,EUR/МВт·ч,european_wholesale_electricity_price_data_monthly.csv,
2016-02-01,Ember оптовая цена э/э,France,25.54,EUR/МВт·ч,european_wholesale_electricity_price_data_monthly.csv,
2016-02-01,Ember оптовая цена э/э,Germany,22.0,EUR/МВт·ч,european_wholesale_electricity_price_data_monthly.csv,
2016-02-01,Ember оптовая цена э/э,Greece,43.91,EUR/МВт·ч,european_wholesale_electricity_price_data_monthly.csv,
2016-02-01,Ember оптовая цена э/э,Hungary,26.4,EUR/МВт·ч,european_wholesale_electricity_price_data_monthly.csv,
2016-02-01,Ember оптовая цена э/э,Italy,36.96,EUR/МВт·ч,european_wholesale_electricity_price_data_monthly.csv,
2016-02-01,Ember оптовая цена э/э,Latvia,29.65,EUR/МВт·ч,european_wholesale_electricity_price_data_monthly.csv,
2016-02-01,Ember оптовая цена э/э,Lithuania,29.65,EUR/МВт·ч,european_wholesale_electricity_price_data_monthly.csv,
2016-02-01,Ember оптовая цена э/э,Luxembourg,22.0,EUR/МВт·ч,european_wholesale_electricity_price_data_monthly.csv,
2016-02-01,Ember оптовая цена э/э,Netherlands,25.2,EUR/МВт·ч,european_wholesale_electricity_price_data_monthly.csv,
2016-02-01,Ember оптовая цена э/э,Norway,19.2,EUR/МВт·ч,european_wholesale_electricity_price_data_monthly.csv,
2016-02-01,Ember оптовая цена э/э,Poland,32.25,EUR/МВт·ч,european_wholesale_electricity_price_data_monthly.csv,
2016-02-01,Ember оптовая цена э/э,Portugal,27.33,EUR/МВт·ч,european_wholesale_electricity_price_data_monthly.csv,
2016-02-01,Ember оптовая цена э/э,Romania,26.38,EUR/МВт·ч,european_wholesale_electricity_price_data_monthly.csv,
2016-02-01,Ember оптовая цена э/э,Slovakia,23.37,EUR/МВт·ч,european_wholesale_electricity_price_data_monthly.csv,
2016-02-01,Ember оптовая цена э/э,Slovenia,27.2,EUR/МВт·ч,european_wholesale_electricity_price_data_monthly.csv,
2016-02-01,Ember оптовая цена э/э,Spain,27.48,EUR/МВт·ч,european_wholesale_electricity_price_data_monthly.csv,
2016-02-01,Ember оптовая цена э/э,Sweden,19.48,EUR/МВт·ч,european_wholesale_electricity_price_data_monthly.csv,
2016-02-01,Ember оптовая цена э/э,Switzerland,34.19,EUR/МВт·ч,european_wholesale_electricity_price_data_monthly.csv,
2016-03-01,Ember оптовая цена э/э,Austria,24.3,EUR/МВт·ч,european_wholesale_electricity_price_data_monthly.csv,
2016-03-01,Ember оптовая цена э/э,Belgium,27.12,EUR/МВт·ч,european_wholesale_electricity_price_data_monthly.csv,
2016-03-01,Ember оптовая цена э/э,Czechia,23.72,EUR/МВт·ч,european_wholesale_electricity_price_data_monthly.csv,
2016-03-01,Ember оптовая цена э/э,Denmark,21.39,EUR/МВт·ч,european_wholesale_electricity_price_data_monthly.csv,
2016-03-01,Ember оптовая цена э/э,Estonia,29.39,EUR/МВт·ч,european_wholesale_electricity_price_data_monthly.csv,
2016-03-01,Ember оптовая цена э/э,Finland,27.09,EUR/МВт·ч,european_wholesale_electricity_price_data_monthly.csv,
2016-03-01,Ember оптовая цена э/э,France,27.09,EUR/МВт·ч,european_wholesale_electricity_price_data_monthly.csv,
2016-03-01,Ember оптовая цена э/э,Germany,24.3,EUR/МВт·ч,european_wholesale_electricity_price_data_monthly.csv,
2016-03-01,Ember оптовая цена э/э,Greece,40.75,EUR/МВт·ч,european_wholesale_electricity_price_data_monthly.csv,
2016-03-01,Ember оптовая цена э/э,Hungary,25.84,EUR/МВт·ч,european_wholesale_electricity_price_data_monthly.csv,
2016-03-01,Ember оптовая цена э/э,Italy,35.23,EUR/МВт·ч,european_wholesale_electricity_price_data_monthly.csv,
2016-03-01,Ember оптовая цена э/э,Latvia,29.85,EUR/МВт·ч,european_wholesale_electricity_price_data_monthly.csv,
2016-03-01,Ember оптовая цена э/э,Lithuania,30.79,EUR/МВт·ч,european_wholesale_electricity_price_data_monthly.csv,
2016-03-01,Ember оптовая цена э/э,Luxembourg,24.3,EUR/МВт·ч,european_wholesale_electricity_price_data_monthly.csv,
2016-03-01,Ember оптовая цена э/э,Netherlands,26.14,EUR/МВт·ч,european_wholesale_electricity_price_data_monthly.csv,
2016-03-01,Ember оптовая цена э/э,Norway,21.39,EUR/МВт·ч,european_wholesale_electricity_price_data_monthly.csv,
2016-03-01,Ember оптовая цена э/э,Poland,33.64,EUR/МВт·ч,european_wholesale_electricity_price_data_monthly.csv,
2016-03-01,Ember оптовая цена э/э,Portugal,27.68,EUR/МВт·ч,european_wholesale_electricity_price_data_monthly.csv,
2016-03-01,Ember оптовая цена э/э,Romania,26.09,EUR/МВт·ч,european_wholesale_electricity_price_data_monthly.csv,
2016-03-01,Ember оптовая цена э/э,Slovakia,23.83,EUR/МВт·ч,european_wholesale_electricity_price_data_monthly.csv,
2016-03-01,Ember оптовая цена э/э,Slovenia,26.35,EUR/МВт·ч,european_wholesale_electricity_price_data_monthly.csv,
2016-03-01,Ember оптовая цена э/э,Spain,27.79,EUR/МВт·ч,european_wholesale_electricity_price_data_monthly.csv,
2016-03-01,Ember оптовая цена э/э,Sweden,21.74,EUR/МВт·ч,european_wholesale_electricity_price_data_monthly.csv,
2016-03-01,Ember оптовая цена э/э,Switzerland,29.21,EUR/МВт·ч,european_wholesale_electricity_price_data_monthly.csv,
2016-04-01,Ember оптовая цена э/э,Austria,24.21,EUR/МВт·ч,european_wholesale_electricity_price_data_monthly.csv,
2016-04-01,Ember оптовая цена э/э,Belgium,25.43,EUR/МВт·ч,european_wholesale_electricity_price_data_monthly.csv,
2016-04-01,Ember оптовая цена э/э,Czechia,24.7,EUR/МВт·ч,european_wholesale_electricity_price_data_monthly.csv,
2016-04-01,Ember оптовая цена э/э,Denmark,22.07,EUR/МВт·ч,european_wholesale_electricity_price_data_monthly.csv,
2016-04-01,Ember оптовая цена э/э,Estonia,29.73,EUR/МВт·ч,european_wholesale_electricity_price_data_monthly.csv,
2016-04-01,Ember оптовая цена э/э,Finland,27.25,EUR/МВт·ч,european_wholesale_electricity_price_data_monthly.csv,
2016-04-01,Ember оптовая цена э/э,France,25.48,EUR/МВт·ч,european_wholesale_electricity_price_data_monthly.csv,
2016-04-01,Ember оптовая цена э/э,Germany,24.21,EUR/МВт·ч,european_wholesale_electricity_price_data_monthly.csv,
2016-04-01,Ember оптовая цена э/э,Greece,38.98,EUR/МВт·ч,european_wholesale_electricity_price_data_monthly.csv,
2016-04-01,Ember оптовая цена э/э,Hungary,29.17,EUR/МВт·ч,european_wholesale_electricity_price_data_monthly.csv,
2016-04-01,Ember оптовая цена э/э,Italy,31.88,EUR/МВт·ч,european_wholesale_electricity_price_data_monthly.csv,
2016-04-01,Ember оптовая цена э/э,Latvia,30.71,EUR/МВт·ч,european_wholesale_electricity_price_data_monthly.csv,
2016-04-01,Ember оптовая цена э/э,Lithuania,33.04,EUR/МВт·ч,european_wholesale_electricity_price_data_monthly.csv,
2016-04-01,Ember оптовая цена э/э,Luxembourg,24.21,EUR/МВт·ч,european_wholesale_electricity_price_data_monthly.csv,
2016-04-01,Ember оптовая цена э/э,Netherlands,25.32,EUR/МВт·ч,european_wholesale_electricity_price_data_monthly.csv,
2016-04-01,Ember оптовая цена э/э,Norway,21.84,EUR/МВт·ч,european_wholesale_electricity_price_data_monthly.csv,
2016-04-01,Ember оптовая цена э/э,Poland,35.87,EUR/МВт·ч,european_wholesale_electricity_price_data_monthly.csv,
2016-04-01,Ember оптовая цена э/э,Portugal,23.48,EUR/МВт·ч,european_wholesale_electricity_price_data_monthly.csv,
2016-04-01,Ember оптовая цена э/э,Romania,28.93,EUR/МВт·ч,european_wholesale_electricity_price_data_monthly.csv,
2016-04-01,Ember оптовая цена э/э,Slovakia,25.83,EUR/МВт·ч,european_wholesale_electricity_price_data_monthly.csv,
2016-04-01,Ember оптовая цена э/э,Slovenia,28.35,EUR/МВт·ч,european_wholesale_electricity_price_data_monthly.csv,
2016-04-01,Ember оптовая цена э/э,Spain,24.09,EUR/МВт·ч,european_wholesale_electricity_price_data_monthly.csv,
2016-04-01,Ember оптовая цена э/э,Sweden,22.09,EUR/МВт·ч,european_wholesale_electricity_price_data_monthly.csv,
2016-04-01,Ember оптовая цена э/э,Switzerland,25.23,EUR/МВт·ч,european_wholesale_electricity_price_data_monthly.csv,
2016-05-01,Ember оптовая цена э/э,Austria,22.55,EUR/МВт·ч,european_wholesale_electricity_price_data_monthly.csv,
2016-05-01,Ember оптовая цена э/э,Belgium,25.38,EUR/МВт·ч,european_wholesale_electricity_price_data_monthly.csv,
2016-05-01,Ember оптовая цена э/э,Czechia,24.36,EUR/МВт·ч,european_wholesale_electricity_price_data_monthly.csv,
2016-05-01,Ember оптовая цена э/э,Denmark,23.81,EUR/МВт·ч,european_wholesale_electricity_price_data_monthly.csv,
2016-05-01,Ember оптовая цена э/э,Estonia,28.26,EUR/МВт·ч,european_wholesale_electricity_price_data_monthly.csv,
2016-05-01,Ember оптовая цена э/э,Finland,28.07,EUR/МВт·ч,european_wholesale_electricity_price_data_monthly.csv,
2016-05-01,Ember оптовая цена э/э,France,24.28,EUR/МВт·ч,european_wholesale_electricity_price_data_monthly.csv,
2016-05-01,Ember оптовая цена э/э,Germany,22.55,EUR/МВт·ч,european_wholesale_electricity_price_data_monthly.csv,
2016-05-01,Ember оптовая цена э/э,Greece,41.29,EUR/МВт·ч,european_wholesale_electricity_price_data_monthly.csv,
2016-05-01,Ember оптовая цена э/э,Hungary,27.17,EUR/МВт·ч,european_wholesale_electricity_price_data_monthly.csv,
2016-05-01,Ember оптовая цена э/э,Italy,34.31,EUR/МВт·ч,european_wholesale_electricity_price_data_monthly.csv,
2016-05-01,Ember оптовая цена э/э,Latvia,32.68,EUR/МВт·ч,european_wholesale_electricity_price_data_monthly.csv,
2016-05-01,Ember оптовая цена э/э,Lithuania,32.87,EUR/МВт·ч,european_wholesale_electricity_price_data_monthly.csv,
2016-05-01,Ember оптовая цена э/э,Luxembourg,22.55,EUR/МВт·ч,european_wholesale_electricity_price_data_monthly.csv,
2016-05-01,Ember оптовая цена э/э,Netherlands,27.2,EUR/МВт·ч,european_wholesale_electricity_price_data_monthly.csv,
2016-05-01,Ember оптовая цена э/э,Norway,22.75,EUR/МВт·ч,european_wholesale_electricity_price_data_monthly.csv,
2016-05-01,Ember оптовая цена э/э,Poland,34.84,EUR/МВт·ч,european_wholesale_electricity_price_data_monthly.csv,
2016-05-01,Ember оптовая цена э/э,Portugal,24.98,EUR/МВт·ч,european_wholesale_electricity_price_data_monthly.csv,
2016-05-01,Ember оптовая цена э/э,Romania,26.88,EUR/МВт·ч,european_wholesale_electricity_price_data_monthly.csv,
2016-05-01,Ember оптовая цена э/э,Slovakia,25.16,EUR/МВт·ч,european_wholesale_electricity_price_data_monthly.csv,
2016-05-01,Ember оптовая цена э/э,Slovenia,26.55,EUR/МВт·ч,european_wholesale_electricity_price_data_monthly.csv,
2016-05-01,Ember оптовая цена э/э,Spain,25.81,EUR/МВт·ч,european_wholesale_electricity_price_data_monthly.csv,
2016-05-01,Ember оптовая цена э/э,Sweden,23.68,EUR/МВт·ч,european_wholesale_electricity_price_data_monthly.csv,
2016-05-01,Ember оптовая цена э/э,Switzerland,23.69,EUR/МВт·ч,european_wholesale_electricity_price_data_monthly.csv,
2016-06-01,Ember оптовая цена э/э,Austria,27.7,EUR/МВт·ч,european_wholesale_electricity_price_data_monthly.csv,
2016-06-01,Ember оптовая цена э/э,Belgium,30.7,EUR/МВт·ч,european_wholesale_electricity_price_data_monthly.csv,
2016-06-01,Ember оптовая цена э/э,Czechia,32.15,EUR/МВт·ч,european_wholesale_electricity_price_data_monthly.csv,
2016-06-01,Ember оптовая цена э/э,Denmark,30.57,EUR/МВт·ч,european_wholesale_electricity_price_data_monthly.csv,
2016-06-01,Ember оптовая цена э/э,Estonia,36.24,EUR/МВт·ч,european_wholesale_electricity_price_data_monthly.csv,
2016-06-01,Ember оптовая цена э/э,Finland,35.42,EUR/МВт·ч,european_wholesale_electricity_price_data_monthly.csv,
2016-06-01,Ember оптовая цена э/э,France,28.02,EUR/МВт·ч,european_wholesale_electricity_price_data_monthly.csv,
2016-06-01,Ember оптовая цена э/э,Germany,27.7,EUR/МВт·ч,european_wholesale_electricity_price_data_monthly.csv,
2016-06-01,Ember оптовая цена э/э,Greece,41.29,EUR/МВт·ч,european_wholesale_electricity_price_data_monthly.csv,
2016-06-01,Ember оптовая цена э/э,Hungary,32.78,EUR/МВт·ч,european_wholesale_electricity_price_data_monthly.csv,
2016-06-01,Ember оптовая цена э/э,Italy,36.32,EUR/МВт·ч,european_wholesale_electricity_price_data_monthly.csv,
2016-06-01,Ember оптовая цена э/э,Latvia,40.54,EUR/МВт·ч,european_wholesale_electricity_price_data_monthly.csv,
2016-06-01,Ember оптовая цена э/э,Lithuania,40.54,EUR/МВт·ч,european_wholesale_electricity_price_data_monthly.csv,
2016-06-01,Ember оптовая цена э/э,Luxembourg,27.7,EUR/МВт·ч,european_wholesale_electricity_price_data_monthly.csv,
2016-06-01,Ember оптовая цена э/э,Netherlands,32.6,EUR/МВт·ч,european_wholesale_electricity_price_data_monthly.csv,
2016-06-01,Ember оптовая цена э/э,Norway,25.57,EUR/МВт·ч,european_wholesale_electricity_price_data_monthly.csv,
2016-06-01,Ember оптовая цена э/э,Poland,45.28,EUR/МВт·ч,european_wholesale_electricity_price_data_monthly.csv,
2016-06-01,Ember оптовая цена э/э,Portugal,38.31,EUR/МВт·ч,european_wholesale_electricity_price_data_monthly.csv,
2016-06-01,Ember оптовая цена э/э,Romania,29.87,EUR/МВт·ч,european_wholesale_electricity_price_data_monthly.csv,
2016-06-01,Ember оптовая цена э/э,Slovakia,32.27,EUR/МВт·ч,european_wholesale_electricity_price_data_monthly.csv,
2016-06-01,Ember оптовая цена э/э,Slovenia,31.95,EUR/МВт·ч,european_wholesale_electricity_price_data_monthly.csv,
2016-06-01,Ember оптовая цена э/э,Spain,38.92,EUR/МВт·ч,european_wholesale_electricity_price_data_monthly.csv,
2016-06-01,Ember оптовая цена э/э,Sweden,33.74,EUR/МВт·ч,european_wholesale_electricity_price_data_monthly.csv,
2016-06-01,Ember оптовая цена э/э,Switzerland,27.73,EUR/МВт·ч,european_wholesale_electricity_price_data_monthly.csv,
2016-06-01,Ember оптовая цена э/э,United Kingdom,45.46,EUR/МВт·ч,european_wholesale_electricity_price_data_monthly.csv,
2016-07-01,Ember оптовая цена э/э,Austria,27.18,EUR/МВт·ч,european_wholesale_electricity_price_data_monthly.csv,
2016-07-01,Ember оптовая цена э/э,Belgium,31.32,EUR/МВт·ч,european_wholesale_electricity_price_data_monthly.csv,
2016-07-01,Ember оптовая цена э/э,Czechia,29.48,EUR/МВт·ч,european_wholesale_electricity_price_data_monthly.csv,
2016-07-01,Ember оптовая цена э/э,Denmark,27.7,EUR/МВт·ч,european_wholesale_electricity_price_data_monthly.csv,
2016-07-01,Ember оптовая цена э/э,Estonia,30.96,EUR/МВт·ч,european_wholesale_electricity_price_data_monthly.csv,
2016-07-01,Ember оптовая цена э/э,Finland,30.96,EUR/МВт·ч,european_wholesale_electricity_price_data_monthly.csv,
2016-07-01,Ember оптовая цена э/э,France,30.1,EUR/МВт·ч,european_wholesale_electricity_price_data_monthly.csv,
2016-07-01,Ember оптовая цена э/э,Germany,27.18,EUR/МВт·ч,european_wholesale_electricity_price_data_monthly.csv,
2016-07-01,Ember оптовая цена э/э,Greece,42.59,EUR/МВт·ч,european_wholesale_electricity_price_data_monthly.csv,
2016-07-01,Ember оптовая цена э/э,Hungary,35.16,EUR/МВт·ч,european_wholesale_electricity_price_data_monthly.csv,
2016-07-01,Ember оптовая цена э/э,Italy,42.86,EUR/МВт·ч,european_wholesale_electricity_price_data_monthly.csv,
2016-07-01,Ember оптовая цена э/э,Latvia,38.21,EUR/МВт·ч,european_wholesale_electricity_price_data_monthly.csv,
2016-07-01,Ember оптовая цена э/э,Lithuania,39.22,EUR/МВт·ч,european_wholesale_electricity_price_data_monthly.csv,
2016-07-01,Ember оптовая цена э/э,Luxembourg,27.18,EUR/МВт·ч,european_wholesale_electricity_price_data_monthly.csv,
2016-07-01,Ember оптовая цена э/э,Netherlands,33.07,EUR/МВт·ч,european_wholesale_electricity_price_data_monthly.csv,
2016-07-01,Ember оптовая цена э/э,Norway,24.93,EUR/МВт·ч,european_wholesale_electricity_price_data_monthly.csv,
2016-07-01,Ember оптовая цена э/э,Poland,34.72,EUR/МВт·ч,european_wholesale_electricity_price_data_monthly.csv,
2016-07-01,Ember оптовая цена э/э,Portugal,40.35,EUR/МВт·ч,european_wholesale_electricity_price_data_monthly.csv,
2016-07-01,Ember оптовая цена э/э,Romania,30.69,EUR/МВт·ч,european_wholesale_electricity_price_data_monthly.csv,
2016-07-01,Ember оптовая цена э/э,Slovakia,29.48,EUR/МВт·ч,european_wholesale_electricity_price_data_monthly.csv,
2016-07-01,Ember оптовая цена э/э,Slovenia,36.06,EUR/МВт·ч,european_wholesale_electricity_price_data_monthly.csv,
2016-07-01,Ember оптовая цена э/э,Spain,40.52,EUR/МВт·ч,european_wholesale_electricity_price_data_monthly.csv,
2016-07-01,Ember оптовая цена э/э,Sweden,28.96,EUR/МВт·ч,european_wholesale_electricity_price_data_monthly.csv,
2016-07-01,Ember оптовая цена э/э,Switzerland,28.18,EUR/МВт·ч,european_wholesale_electricity_price_data_monthly.csv,
2016-07-01,Ember оптовая цена э/э,United Kingdom,44.65,EUR/МВт·ч,european_wholesale_electricity_price_data_monthly.csv,
2016-08-01,Ember оптовая цена э/э,Austria,27.18,EUR/МВт·ч,european_wholesale_electricity_price_data_monthly.csv,
2016-08-01,Ember оптовая цена э/э,Belgium,28.91,EUR/МВт·ч,european_wholesale_electricity_price_data_monthly.csv,
2016-08-01,Ember оптовая цена э/э,Czechia,27.63,EUR/МВт·ч,european_wholesale_electricity_price_data_monthly.csv,
2016-08-01,Ember оптовая цена э/э,Denmark,28.63,EUR/МВт·ч,european_wholesale_electricity_price_data_monthly.csv,
2016-08-01,Ember оптовая цена э/э,Estonia,31.38,EUR/МВт·ч,european_wholesale_electricity_price_data_monthly.csv,
2016-08-01,Ember оптовая цена э/э,Finland,31.38,EUR/МВт·ч,european_wholesale_electricity_price_data_monthly.csv,
2016-08-01,Ember оптовая цена э/э,France,29.72,EUR/МВт·ч,european_wholesale_electricity_price_data_monthly.csv,
2016-08-01,Ember оптовая цена э/э,Germany,27.18,EUR/МВт·ч,european_wholesale_electricity_price_data_monthly.csv,
2016-08-01,Ember оптовая цена э/э,Greece,39.04,EUR/МВт·ч,european_wholesale_electricity_price_data_monthly.csv,
2016-08-01,Ember оптовая цена э/э,Hungary,33.01,EUR/МВт·ч,european_wholesale_electricity_price_data_monthly.csv,
2016-08-01,Ember оптовая цена э/э,Italy,37.16,EUR/МВт·ч,european_wholesale_electricity_price_data_monthly.csv,
2016-08-01,Ember оптовая цена э/э,Latvia,33.76,EUR/МВт·ч,european_wholesale_electricity_price_data_monthly.csv,
2016-08-01,Ember оптовая цена э/э,Lithuania,33.78,EUR/МВт·ч,european_wholesale_electricity_price_data_monthly.csv,
2016-08-01,Ember оптовая цена э/э,Luxembourg,27.18,EUR/МВт·ч,european_wholesale_electricity_price_data_monthly.csv,
2016-08-01,Ember оптовая цена э/э,Netherlands,28.35,EUR/МВт·ч,european_wholesale_electricity_price_data_monthly.csv,
2016-08-01,Ember оптовая цена э/э,Norway,23.88,EUR/МВт·ч,european_wholesale_electricity_price_data_monthly.csv,
2016-08-01,Ember оптовая цена э/э,Poland,32.81,EUR/МВт·ч,european_wholesale_electricity_price_data_monthly.csv,
2016-08-01,Ember оптовая цена э/э,Portugal,41.13,EUR/МВт·ч,european_wholesale_electricity_price_data_monthly.csv,
2016-08-01,Ember оптовая цена э/э,Romania,30.75,EUR/МВт·ч,european_wholesale_electricity_price_data_monthly.csv,
2016-08-01,Ember оптовая цена э/э,Slovakia,27.63,EUR/МВт·ч,european_wholesale_electricity_price_data_monthly.csv,
2016-08-01,Ember оптовая цена э/э,Slovenia,32.73,EUR/МВт·ч,european_wholesale_electricity_price_data_monthly.csv,
2016-08-01,Ember оптовая цена э/э,Spain,41.14,EUR/МВт·ч,european_wholesale_electricity_price_data_monthly.csv,
2016-08-01,Ember оптовая цена э/э,Sweden,30.49,EUR/МВт·ч,european_wholesale_electricity_price_data_monthly.csv,
2016-08-01,Ember оптовая цена э/э,Switzerland,29.38,EUR/МВт·ч,european_wholesale_electricity_price_data_monthly.csv,
2016-08-01,Ember оптовая цена э/э,United Kingdom,41.57,EUR/МВт·ч,european_wholesale_electricity_price_data_monthly.csv,
2016-09-01,Ember оптовая цена э/э,Austria,30.51,EUR/МВт·ч,european_wholesale_electricity_price_data_monthly.csv,
2016-09-01,Ember оптовая цена э/э,Belgium,37.73,EUR/МВт·ч,european_wholesale_electricity_price_data_monthly.csv,
2016-09-01,Ember оптовая цена э/э,Czechia,33.43,EUR/МВт·ч,european_wholesale_electricity_price_data_monthly.csv,
2016-09-01,Ember оптовая цена э/э,Denmark,29.75,EUR/МВт·ч,european_wholesale_electricity_price_data_monthly.csv,
2016-09-01,Ember оптовая цена э/э,Estonia,32.41,EUR/МВт·ч,european_wholesale_electricity_price_data_monthly.csv,
2016-09-01,Ember оптовая цена э/э,Finland,32.53,EUR/МВт·ч,european_wholesale_electricity_price_data_monthly.csv,
2016-09-01,Ember оптовая цена э/э,France,37.2,EUR/МВт·ч,european_wholesale_electricity_price_data_monthly.csv,
2016-09-01,Ember оптовая цена э/э,Germany,30.51,EUR/МВт·ч,european_wholesale_electricity_price_data_monthly.csv,
2016-09-01,Ember оптовая цена э/э,Greece,39.97,EUR/МВт·ч,european_wholesale_electricity_price_data_monthly.csv,
2016-09-01,Ember оптовая цена э/э,Hungary,36.48,EUR/МВт·ч,european_wholesale_electricity_price_data_monthly.csv,
2016-09-01,Ember оптовая цена э/э,Italy,42.93,EUR/МВт·ч,european_wholesale_electricity_price_data_monthly.csv,
2016-09-01,Ember оптовая цена э/э,Latvia,34.04,EUR/МВт·ч,european_wholesale_electricity_price_data_monthly.csv,
2016-09-01,Ember оптовая цена э/э,Lithuania,34.04,EUR/МВт·ч,european_wholesale_electricity_price_data_monthly.csv,
2016-09-01,Ember оптовая цена э/э,Luxembourg,30.51,EUR/МВт·ч,european_wholesale_electricity_price_data_monthly.csv,
2016-09-01,Ember оптовая цена э/э,Netherlands,32.87,EUR/МВт·ч,european_wholesale_electricity_price_data_monthly.csv,
2016-09-01,Ember оптовая цена э/э,Norway,24.46,EUR/МВт·ч,european_wholesale_electricity_price_data_monthly.csv,
2016-09-01,Ember оптовая цена э/э,Poland,35.66,EUR/МВт·ч,european_wholesale_electricity_price_data_monthly.csv,
2016-09-01,Ember оптовая цена э/э,Portugal,43.63,EUR/МВт·ч,european_wholesale_electricity_price_data_monthly.csv,
2016-09-01,Ember оптовая цена э/э,Romania,35.72,EUR/МВт·ч,european_wholesale_electricity_price_data_monthly.csv,
2016-09-01,Ember оптовая цена э/э,Slovakia,33.43,EUR/МВт·ч,european_wholesale_electricity_price_data_monthly.csv,
2016-09-01,Ember оптовая цена э/э,Slovenia,37.3,EUR/МВт·ч,european_wholesale_electricity_price_data_monthly.csv,
2016-09-01,Ember оптовая цена э/э,Spain,43.61,EUR/МВт·ч,european_wholesale_electricity_price_data_monthly.csv,
2016-09-01,Ember оптовая цена э/э,Sweden,29.26,EUR/МВт·ч,european_wholesale_electricity_price_data_monthly.csv,
2016-09-01,Ember оптовая цена э/э,Switzerland,35.87,EUR/МВт·ч,european_wholesale_electricity_price_data_monthly.csv,
2016-09-01,Ember оптовая цена э/э,United Kingdom,53.58,EUR/МВт·ч,european_wholesale_electricity_price_data_monthly.csv,
2016-10-01,Ember оптовая цена э/э,Austria,37.14,EUR/МВт·ч,european_wholesale_electricity_price_data_monthly.csv,
2016-10-01,Ember оптовая цена э/э,Belgium,57.19,EUR/МВт·ч,european_wholesale_electricity_price_data_monthly.csv,
2016-10-01,Ember оптовая цена э/э,Bulgaria,35.53,EUR/МВт·ч,european_wholesale_electricity_price_data_monthly.csv,
2016-10-01,Ember оптовая цена э/э,Czechia,43.45,EUR/МВт·ч,european_wholesale_electricity_price_data_monthly.csv,
2016-10-01,Ember оптовая цена э/э,Denmark,34.65,EUR/МВт·ч,european_wholesale_electricity_price_data_monthly.csv,
2016-10-01,Ember оптовая цена э/э,Estonia,37.59,EUR/МВт·ч,european_wholesale_electricity_price_data_monthly.csv,
2016-10-01,Ember оптовая цена э/э,Finland,37.59,EUR/МВт·ч,european_wholesale_electricity_price_data_monthly.csv,
2016-10-01,Ember оптовая цена э/э,France,55.19,EUR/МВт·ч,european_wholesale_electricity_price_data_monthly.csv,
2016-10-01,Ember оптовая цена э/э,Germany,37.14,EUR/МВт·ч,european_wholesale_electricity_price_data_monthly.csv,
2016-10-01,Ember оптовая цена э/э,Greece,43.19,EUR/МВт·ч,european_wholesale_electricity_price_data_monthly.csv,
2016-10-01,Ember оптовая цена э/э,Hungary,45.6,EUR/МВт·ч,european_wholesale_electricity_price_data_monthly.csv,
2016-10-01,Ember оптовая цена э/э,Italy,53.06,EUR/МВт·ч,european_wholesale_electricity_price_data_monthly.csv,
2016-10-01,Ember оптовая цена э/э,Latvia,38.51,EUR/МВт·ч,european_wholesale_electricity_price_data_monthly.csv,
2016-10-01,Ember оптовая цена э/э,Lithuania,38.51,EUR/МВт·ч,european_wholesale_electricity_price_data_monthly.csv,
2016-10-01,Ember оптовая цена э/э,Luxembourg,37.14,EUR/МВт·ч,european_wholesale_electricity_price_data_monthly.csv,
2016-10-01,Ember оптовая цена э/э,Netherlands,38.01,EUR/МВт·ч,european_wholesale_electricity_price_data_monthly.csv,
2016-10-01,Ember оптовая цена э/э,Norway,32.1,EUR/МВт·ч,european_wholesale_electricity_price_data_monthly.csv,
2016-10-01,Ember оптовая цена э/э,Poland,37.91,EUR/МВт·ч,european_wholesale_electricity_price_data_monthly.csv,
2016-10-01,Ember оптовая цена э/э,Portugal,52.8,EUR/МВт·ч,european_wholesale_electricity_price_data_monthly.csv,
2016-10-01,Ember оптовая цена э/э,Romania,41.21,EUR/МВт·ч,european_wholesale_electricity_price_data_monthly.csv,
2016-10-01,Ember оптовая цена э/э,Slovakia,43.08,EUR/МВт·ч,european_wholesale_electricity_price_data_monthly.csv,
2016-10-01,Ember оптовая цена э/э,Slovenia,45.82,EUR/МВт·ч,european_wholesale_electricity_price_data_monthly.csv,
2016-10-01,Ember оптовая цена э/э,Spain,52.85,EUR/МВт·ч,european_wholesale_electricity_price_data_monthly.csv,
2016-10-01,Ember оптовая цена э/э,Sweden,36.3,EUR/МВт·ч,european_wholesale_electricity_price_data_monthly.csv,
2016-10-01,Ember оптовая цена э/э,Switzerland,55.91,EUR/МВт·ч,european_wholesale_electricity_price_data_monthly.csv,
2016-10-01,Ember оптовая цена э/э,United Kingdom,54.95,EUR/МВт·ч,european_wholesale_electricity_price_data_monthly.csv,
2016-11-01,Ember оптовая цена э/э,Austria,38.21,EUR/МВт·ч,european_wholesale_electricity_price_data_monthly.csv,
2016-11-01,Ember оптовая цена э/э,Belgium,62.32,EUR/МВт·ч,european_wholesale_electricity_price_data_monthly.csv,
2016-11-01,Ember оптовая цена э/э,Bulgaria,35.91,EUR/МВт·ч,european_wholesale_electricity_price_data_monthly.csv,
2016-11-01,Ember оптовая цена э/э,Czechia,40.01,EUR/МВт·ч,european_wholesale_electricity_price_data_monthly.csv,
2016-11-01,Ember оптовая цена э/э,Denmark,38.65,EUR/МВт·ч,european_wholesale_electricity_price_data_monthly.csv,
2016-11-01,Ember оптовая цена э/э,Estonia,40.86,EUR/МВт·ч,european_wholesale_electricity_price_data_monthly.csv,
2016-11-01,Ember оптовая цена э/э,Finland,41.01,EUR/МВт·ч,european_wholesale_electricity_price_data_monthly.csv,
2016-11-01,Ember оптовая цена э/э,France,65.18,EUR/МВт·ч,european_wholesale_electricity_price_data_monthly.csv,
2016-11-01,Ember оптовая цена э/э,Germany,38.21,EUR/МВт·ч,european_wholesale_electricity_price_data_monthly.csv,
2016-11-01,Ember оптовая цена э/э,Greece,43.11,EUR/МВт·ч,european_wholesale_electricity_price_data_monthly.csv,
2016-11-01,Ember оптовая цена э/э,Hungary,40.64,EUR/МВт·ч,european_wholesale_electricity_price_data_monthly.csv,
2016-11-01,Ember оптовая цена э/э,Italy,58.31,EUR/МВт·ч,european_wholesale_electricity_price_data_monthly.csv,
2016-11-01,Ember оптовая цена э/э,Latvia,40.47,EUR/МВт·ч,european_wholesale_electricity_price_data_monthly.csv,
2016-11-01,Ember оптовая цена э/э,Lithuania,40.57,EUR/МВт·ч,european_wholesale_electricity_price_data_monthly.csv,
2016-11-01,Ember оптовая цена э/э,Luxembourg,38.21,EUR/МВт·ч,european_wholesale_electricity_price_data_monthly.csv,
2016-11-01,Ember оптовая цена э/э,Netherlands,42.85,EUR/МВт·ч,european_wholesale_electricity_price_data_monthly.csv,
2016-11-01,Ember оптовая цена э/э,Norway,38.13,EUR/МВт·ч,european_wholesale_electricity_price_data_monthly.csv,
2016-11-01,Ember оптовая цена э/э,Poland,36.24,EUR/МВт·ч,european_wholesale_electricity_price_data_monthly.csv,
2016-11-01,Ember оптовая цена э/э,Portugal,56.27,EUR/МВт·ч,european_wholesale_electricity_price_data_monthly.csv,
2016-11-01,Ember оптовая цена э/э,Romania,37.24,EUR/МВт·ч,european_wholesale_electricity_price_data_monthly.csv,
2016-11-01,Ember оптовая цена э/э,Slovakia,40.05,EUR/МВт·ч,european_wholesale_electricity_price_data_monthly.csv,
2016-11-01,Ember оптовая цена э/э,Slovenia,41.74,EUR/МВт·ч,european_wholesale_electricity_price_data_monthly.csv,
2016-11-01,Ember оптовая цена э/э,Spain,56.15,EUR/МВт·ч,european_wholesale_electricity_price_data_monthly.csv,
2016-11-01,Ember оптовая цена э/э,Sweden,41.0,EUR/МВт·ч,european_wholesale_electricity_price_data_monthly.csv,
2016-11-01,Ember оптовая цена э/э,Switzerland,60.7,EUR/МВт·ч,european_wholesale_electricity_price_data_monthly.csv,
2016-11-01,Ember оптовая цена э/э,United Kingdom,68.54,EUR/МВт·ч,european_wholesale_electricity_price_data_monthly.csv,
2016-12-01,Ember оптовая цена э/э,Austria,37.47,EUR/МВт·ч,european_wholesale_electricity_price_data_monthly.csv,
2016-12-01,Ember оптовая цена э/э,Belgium,54.92,EUR/МВт·ч,european_wholesale_electricity_price_data_monthly.csv,
2016-12-01,Ember оптовая цена э/э,Bulgaria,42.06,EUR/МВт·ч,european_wholesale_electricity_price_data_monthly.csv,
2016-12-01,Ember оптовая цена э/э,Czechia,39.31,EUR/МВт·ч,european_wholesale_electricity_price_data_monthly.csv,
2016-12-01,Ember оптовая цена э/э,Denmark,29.69,EUR/МВт·ч,european_wholesale_electricity_price_data_monthly.csv,
2016-12-01,Ember оптовая цена э/э,Estonia,34.0,EUR/МВт·ч,european_wholesale_electricity_price_data_monthly.csv,
2016-12-01,Ember оптовая цена э/э,Finland,33.98,EUR/МВт·ч,european_wholesale_electricity_price_data_monthly.csv,
2016-12-01,Ember оптовая цена э/э,France,59.24,EUR/МВт·ч,european_wholesale_electricity_price_data_monthly.csv,
2016-12-01,Ember оптовая цена э/э,Germany,37.47,EUR/МВт·ч,european_wholesale_electricity_price_data_monthly.csv,
2016-12-01,Ember оптовая цена э/э,Greece,51.11,EUR/МВт·ч,european_wholesale_electricity_price_data_monthly.csv,
2016-12-01,Ember оптовая цена э/э,Hungary,49.17,EUR/МВт·ч,european_wholesale_electricity_price_data_monthly.csv,
2016-12-01,Ember оптовая цена э/э,Italy,56.37,EUR/МВт·ч,european_wholesale_electricity_price_data_monthly.csv,
2016-12-01,Ember оптовая цена э/э,Latvia,34.17,EUR/МВт·ч,european_wholesale_electricity_price_data_monthly.csv,
2016-12-01,Ember оптовая цена э/э,Lithuania,34.78,EUR/МВт·ч,european_wholesale_electricity_price_data_monthly.csv,
2016-12-01,Ember оптовая цена э/э,Luxembourg,37.47,EUR/МВт·ч,european_wholesale_electricity_price_data_monthly.csv,
2016-12-01,Ember оптовая цена э/э,Netherlands,43.5,EUR/МВт·ч,european_wholesale_electricity_price_data_monthly.csv,
2016-12-01,Ember оптовая цена э/э,Norway,31.42,EUR/МВт·ч,european_wholesale_electricity_price_data_monthly.csv,
2016-12-01,Ember оптовая цена э/э,Poland,34.2,EUR/МВт·ч,european_wholesale_electricity_price_data_monthly.csv,
2016-12-01,Ember оптовая цена э/э,Portugal,60.27,EUR/МВт·ч,european_wholesale_electricity_price_data_monthly.csv,
2016-12-01,Ember оптовая цена э/э,Romania,43.09,EUR/МВт·ч,european_wholesale_electricity_price_data_monthly.csv,
2016-12-01,Ember оптовая цена э/э,Serbia,52.88,EUR/МВт·ч,european_wholesale_electricity_price_data_monthly.csv,
2016-12-01,Ember оптовая цена э/э,Slovakia,39.61,EUR/МВт·ч,european_wholesale_electricity_price_data_monthly.csv,
2016-12-01,Ember оптовая цена э/э,Slovenia,49.58,EUR/МВт·ч,european_wholesale_electricity_price_data_monthly.csv,
2016-12-01,Ember оптовая цена э/э,Spain,60.49,EUR/МВт·ч,european_wholesale_electricity_price_data_monthly.csv,
2016-12-01,Ember оптовая цена э/э,Sweden,33.34,EUR/МВт·ч,european_wholesale_electricity_price_data_monthly.csv,
2016-12-01,Ember оптовая цена э/э,Switzerland,58.23,EUR/МВт·ч,european_wholesale_electricity_price_data_monthly.csv,
2016-12-01,Ember оптовая цена э/э,United Kingdom,57.37,EUR/МВт·ч,european_wholesale_electricity_price_data_monthly.csv,
2017-01-01,Ember оптовая цена э/э,Austria,52.41,EUR/МВт·ч,european_wholesale_electricity_price_data_monthly.csv,
2017-01-01,Ember оптовая цена э/э,Belgium,72.66,EUR/МВт·ч,european_wholesale_electricity_price_data_monthly.csv,
2017-01-01,Ember оптовая цена э/э,Bulgaria,54.41,EUR/МВт·ч,european_wholesale_electricity_price_data_monthly.csv,
2017-01-01,Ember оптовая цена э/э,Czechia,54.31,EUR/МВт·ч,european_wholesale_electricity_price_data_monthly.csv,
2017-01-01,Ember оптовая цена э/э,Denmark,32.07,EUR/МВт·ч,european_wholesale_electricity_price_data_monthly.csv,
2017-01-01,Ember оптовая цена э/э,Estonia,33.27,EUR/МВт·ч,european_wholesale_electricity_price_data_monthly.csv,
2017-01-01,Ember оптовая цена э/э,Finland,33.3,EUR/МВт·ч,european_wholesale_electricity_price_data_monthly.csv,
2017-01-01,Ember оптовая цена э/э,France,78.0,EUR/МВт·ч,european_wholesale_electricity_price_data_monthly.csv,
2017-01-01,Ember оптовая цена э/э,Germany,52.41,EUR/МВт·ч,european_wholesale_electricity_price_data_monthly.csv,
2017-01-01,Ember оптовая цена э/э,Greece,74.62,EUR/МВт·ч,european_wholesale_electricity_price_data_monthly.csv,
2017-01-01,Ember оптовая цена э/э,Hungary,81.23,EUR/МВт·ч,european_wholesale_electricity_price_data_monthly.csv,
2017-01-01,Ember оптовая цена э/э,Italy,72.08,EUR/МВт·ч,european_wholesale_electricity_price_data_monthly.csv,
2017-01-01,Ember оптовая цена э/э,Latvia,35.15,EUR/МВт·ч,european_wholesale_electricity_price_data_monthly.csv,
2017-01-01,Ember оптовая цена э/э,Lithuania,36.89,EUR/МВт·ч,european_wholesale_electricity_price_data_monthly.csv,
2017-01-01,Ember оптовая цена э/э,Luxembourg,52.41,EUR/МВт·ч,european_wholesale_electricity_price_data_monthly.csv,
2017-01-01,Ember оптовая цена э/э,Netherlands,50.76,EUR/МВт·ч,european_wholesale_electricity_price_data_monthly.csv,
2017-01-01,Ember оптовая цена э/э,Norway,29.96,EUR/МВт·ч,european_wholesale_electricity_price_data_monthly.csv,
2017-01-01,Ember оптовая цена э/э,Poland,36.89,EUR/МВт·ч,european_wholesale_electricity_price_data_monthly.csv,
2017-01-01,Ember оптовая цена э/э,Portugal,71.54,EUR/МВт·ч,european_wholesale_electricity_price_data_monthly.csv,
2017-01-01,Ember оптовая цена э/э,Romania,75.2,EUR/МВт·ч,european_wholesale_electricity_price_data_monthly.csv,
2017-01-01,Ember оптовая цена э/э,Serbia,82.92,EUR/МВт·ч,european_wholesale_electricity_price_data_monthly.csv,
2017-01-01,Ember оптовая цена э/э,Slovakia,58.13,EUR/МВт·ч,european_wholesale_electricity_price_data_monthly.csv,
2017-01-01,Ember оптовая цена э/э,Slovenia,76.81,EUR/МВт·ч,european_wholesale_electricity_price_data_monthly.csv,
2017-01-01,Ember оптовая цена э/э,Spain,71.51,EUR/МВт·ч,european_wholesale_electricity_price_data_monthly.csv,
2017-01-01,Ember оптовая цена э/э,Sweden,32.29,EUR/МВт·ч,european_wholesale_electricity_price_data_monthly.csv,
2017-01-01,Ember оптовая цена э/э,Switzerland,76.87,EUR/МВт·ч,european_wholesale_electricity_price_data_monthly.csv,
2017-01-01,Ember оптовая цена э/э,United Kingdom,61.36,EUR/МВт·ч,european_wholesale_electricity_price_data_monthly.csv,
2017-02-01,Ember оптовая цена э/э,Austria,39.68,EUR/МВт·ч,european_wholesale_electricity_price_data_monthly.csv,
2017-02-01,Ember оптовая цена э/э,Belgium,47.55,EUR/МВт·ч,european_wholesale_electricity_price_data_monthly.csv,
2017-02-01,Ember оптовая цена э/э,Bulgaria,43.28,EUR/МВт·ч,european_wholesale_electricity_price_data_monthly.csv,
2017-02-01,Ember оптовая цена э/э,Czechia,40.6,EUR/МВт·ч,european_wholesale_electricity_price_data_monthly.csv,
2017-02-01,Ember оптовая цена э/э,Denmark,30.98,EUR/МВт·ч,european_wholesale_electricity_price_data_monthly.csv,
2017-02-01,Ember оптовая цена э/э,Estonia,35.13,EUR/МВт·ч,european_wholesale_electricity_price_data_monthly.csv,
2017-02-01,Ember оптовая цена э/э,Finland,35.07,EUR/МВт·ч,european_wholesale_electricity_price_data_monthly.csv,
2017-02-01,Ember оптовая цена э/э,France,51.33,EUR/МВт·ч,european_wholesale_electricity_price_data_monthly.csv,
2017-02-01,Ember оптовая цена э/э,Germany,39.68,EUR/МВт·ч,european_wholesale_electricity_price_data_monthly.csv,
2017-02-01,Ember оптовая цена э/э,Greece,56.18,EUR/МВт·ч,european_wholesale_electricity_price_data_monthly.csv,
2017-02-01,Ember оптовая цена э/э,Hungary,55.56,EUR/МВт·ч,european_wholesale_electricity_price_data_monthly.csv,
2017-02-01,Ember оптовая цена э/э,Italy,55.49,EUR/МВт·ч,european_wholesale_electricity_price_data_monthly.csv,
2017-02-01,Ember оптовая цена э/э,Latvia,36.26,EUR/МВт·ч,european_wholesale_electricity_price_data_monthly.csv,
2017-02-01,Ember оптовая цена э/э,Lithuania,36.45,EUR/МВт·ч,european_wholesale_electricity_price_data_monthly.csv,
2017-02-01,Ember оптовая цена э/э,Luxembourg,39.68,EUR/МВт·ч,european_wholesale_electricity_price_data_monthly.csv,
2017-02-01,Ember оптовая цена э/э,Netherlands,43.06,EUR/МВт·ч,european_wholesale_electricity_price_data_monthly.csv,
2017-02-01,Ember оптовая цена э/э,Norway,31.34,EUR/МВт·ч,european_wholesale_electricity_price_data_monthly.csv,
2017-02-01,Ember оптовая цена э/э,Poland,35.97,EUR/МВт·ч,european_wholesale_electricity_price_data_monthly.csv,
2017-02-01,Ember оптовая цена э/э,Portugal,51.35,EUR/МВт·ч,european_wholesale_electricity_price_data_monthly.csv,
2017-02-01,Ember оптовая цена э/э,Romania,53.83,EUR/МВт·ч,european_wholesale_electricity_price_data_monthly.csv,
2017-02-01,Ember оптовая цена э/э,Serbia,55.44,EUR/МВт·ч,european_wholesale_electricity_price_data_monthly.csv,
2017-02-01,Ember оптовая цена э/э,Slovakia,45.78,EUR/МВт·ч,european_wholesale_electricity_price_data_monthly.csv,
2017-02-01,Ember оптовая цена э/э,Slovenia,53.1,EUR/МВт·ч,european_wholesale_electricity_price_data_monthly.csv,
2017-02-01,Ember оптовая цена э/э,Spain,51.7,EUR/МВт·ч,european_wholesale_electricity_price_data_monthly.csv,
2017-02-01,Ember оптовая цена э/э,Sweden,33.3,EUR/МВт·ч,european_wholesale_electricity_price_data_monthly.csv,
2017-02-01,Ember оптовая цена э/э,Switzerland,55.16,EUR/МВт·ч,european_wholesale_electricity_price_data_monthly.csv,
2017-02-01,Ember оптовая цена э/э,United Kingdom,57.61,EUR/МВт·ч,european_wholesale_electricity_price_data_monthly.csv,
2017-03-01,Ember оптовая цена э/э,Austria,31.69,EUR/МВт·ч,european_wholesale_electricity_price_data_monthly.csv,
2017-03-01,Ember оптовая цена э/э,Belgium,34.47,EUR/МВт·ч,european_wholesale_electricity_price_data_monthly.csv,
2017-03-01,Ember оптовая цена э/э,Bulgaria,31.85,EUR/МВт·ч,european_wholesale_electricity_price_data_monthly.csv,
2017-03-01,Ember оптовая цена э/э,Czechia,31.67,EUR/МВт·ч,european_wholesale_electricity_price_data_monthly.csv,
2017-03-01,Ember оптовая цена э/э,Denmark,29.45,EUR/МВт·ч,european_wholesale_electricity_price_data_monthly.csv,
2017-03-01,Ember оптовая цена э/э,Estonia,30.65,EUR/МВт·ч,european_wholesale_electricity_price_data_monthly.csv,
2017-03-01,Ember оптовая цена э/э,Finland,30.67,EUR/МВт·ч,european_wholesale_electricity_price_data_monthly.csv,
2017-03-01,Ember оптовая цена э/э,France,35.4,EUR/МВт·ч,european_wholesale_electricity_price_data_monthly.csv,
2017-03-01,Ember оптовая цена э/э,Germany,31.69,EUR/МВт·ч,european_wholesale_electricity_price_data_monthly.csv,
2017-03-01,Ember оптовая цена э/э,Greece,46.2,EUR/МВт·ч,european_wholesale_electricity_price_data_monthly.csv,
2017-03-01,Ember оптовая цена э/э,Hungary,37.91,EUR/МВт·ч,european_wholesale_electricity_price_data_monthly.csv,
2017-03-01,Ember оптовая цена э/э,Italy,44.41,EUR/МВт·ч,european_wholesale_electricity_price_data_monthly.csv,
2017-03-01,Ember оптовая цена э/э,Latvia,30.65,EUR/МВт·ч,european_wholesale_electricity_price_data_monthly.csv,
2017-03-01,Ember оптовая цена э/э,Lithuania,31.26,EUR/МВт·ч,european_wholesale_electricity_price_data_monthly.csv,
2017-03-01,Ember оптовая цена э/э,Luxembourg,31.69,EUR/МВт·ч,european_wholesale_electricity_price_data_monthly.csv,
2017-03-01,Ember оптовая цена э/э,Netherlands,34.53,EUR/МВт·ч,european_wholesale_electricity_price_data_monthly.csv,
2017-03-01,Ember оптовая цена э/э,Norway,30.02,EUR/МВт·ч,european_wholesale_electricity_price_data_monthly.csv,
2017-03-01,Ember оптовая цена э/э,Poland,33.98,EUR/МВт·ч,european_wholesale_electricity_price_data_monthly.csv,
2017-03-01,Ember оптовая цена э/э,Portugal,43.92,EUR/МВт·ч,european_wholesale_electricity_price_data_monthly.csv,
2017-03-01,Ember оптовая цена э/э,Romania,36.42,EUR/МВт·ч,european_wholesale_electricity_price_data_monthly.csv,
2017-03-01,Ember оптовая цена э/э,Serbia,37.47,EUR/МВт·ч,european_wholesale_electricity_price_data_monthly.csv,
2017-03-01,Ember оптовая цена э/э,Slovakia,32.12,EUR/МВт·ч,european_wholesale_electricity_price_data_monthly.csv,
2017-03-01,Ember оптовая цена э/э,Slovenia,37.17,EUR/МВт·ч,european_wholesale_electricity_price_data_monthly.csv,
2017-03-01,Ember оптовая цена э/э,Spain,43.16,EUR/МВт·ч,european_wholesale_electricity_price_data_monthly.csv,
2017-03-01,Ember оптовая цена э/э,Sweden,30.42,EUR/МВт·ч,european_wholesale_electricity_price_data_monthly.csv,
2017-03-01,Ember оптовая цена э/э,Switzerland,36.89,EUR/МВт·ч,european_wholesale_electricity_price_data_monthly.csv,
2017-03-01,Ember оптовая цена э/э,United Kingdom,47.88,EUR/МВт·ч,european_wholesale_electricity_price_data_monthly.csv,
2017-04-01,Ember оптовая цена э/э,Austria,28.72,EUR/МВт·ч,european_wholesale_electricity_price_data_monthly.csv,
2017-04-01,Ember оптовая цена э/э,Belgium,37.32,EUR/МВт·ч,european_wholesale_electricity_price_data_monthly.csv,
2017-04-01,Ember оптовая цена э/э,Bulgaria,34.93,EUR/МВт·ч,european_wholesale_electricity_price_data_monthly.csv,
2017-04-01,Ember оптовая цена э/э,Czechia,29.63,EUR/МВт·ч,european_wholesale_electricity_price_data_monthly.csv,
2017-04-01,Ember оптовая цена э/э,Denmark,27.97,EUR/МВт·ч,european_wholesale_electricity_price_data_monthly.csv,
2017-04-01,Ember оптовая цена э/э,Estonia,31.17,EUR/МВт·ч,european_wholesale_electricity_price_data_monthly.csv,
2017-04-01,Ember оптовая цена э/э,Finland,31.4,EUR/МВт·ч,european_wholesale_electricity_price_data_monthly.csv,
2017-04-01,Ember оптовая цена э/э,France,34.74,EUR/МВт·ч,european_wholesale_electricity_price_data_monthly.csv,
2017-04-01,Ember оптовая цена э/э,Germany,28.72,EUR/МВт·ч,european_wholesale_electricity_price_data_monthly.csv,
2017-04-01,Ember оптовая цена э/э,Greece,44.6,EUR/МВт·ч,european_wholesale_electricity_price_data_monthly.csv,
2017-04-01,Ember оптовая цена э/э,Hungary,39.61,EUR/МВт·ч,european_wholesale_electricity_price_data_monthly.csv,
2017-04-01,Ember оптовая цена э/э,Italy,42.88,EUR/МВт·ч,european_wholesale_electricity_price_data_monthly.csv,
2017-04-01,Ember оптовая цена э/э,Latvia,31.41,EUR/МВт·ч,european_wholesale_electricity_price_data_monthly.csv,
2017-04-01,Ember оптовая цена э/э,Lithuania,31.42,EUR/МВт·ч,european_wholesale_electricity_price_data_monthly.csv,
2017-04-01,Ember оптовая цена э/э,Luxembourg,28.72,EUR/МВт·ч,european_wholesale_electricity_price_data_monthly.csv,
2017-04-01,Ember оптовая цена э/э,Netherlands,35.35,EUR/МВт·ч,european_wholesale_electricity_price_data_monthly.csv,
2017-04-01,Ember оптовая цена э/э,Norway,28.92,EUR/МВт·ч,european_wholesale_electricity_price_data_monthly.csv,
2017-04-01,Ember оптовая цена э/э,Poland,33.16,EUR/МВт·ч,european_wholesale_electricity_price_data_monthly.csv,
2017-04-01,Ember оптовая цена э/э,Portugal,44.17,EUR/МВт·ч,european_wholesale_electricity_price_data_monthly.csv,
2017-04-01,Ember оптовая цена э/э,Romania,37.98,EUR/МВт·ч,european_wholesale_electricity_price_data_monthly.csv,
2017-04-01,Ember оптовая цена э/э,Serbia,39.89,EUR/МВт·ч,european_wholesale_electricity_price_data_monthly.csv,
2017-04-01,Ember оптовая цена э/э,Slovakia,31.52,EUR/МВт·ч,european_wholesale_electricity_price_data_monthly.csv,
2017-04-01,Ember оптовая цена э/э,Slovenia,38.34,EUR/МВт·ч,european_wholesale_electricity_price_data_monthly.csv,
2017-04-01,Ember оптовая цена э/э,Spain,43.69,EUR/МВт·ч,european_wholesale_electricity_price_data_monthly.csv,
2017-04-01,Ember оптовая цена э/э,Sweden,28.95,EUR/МВт·ч,european_wholesale_electricity_price_data_monthly.csv,
2017-04-01,Ember оптовая цена э/э,Switzerland,33.59,EUR/МВт·ч,european_wholesale_electricity_price_data_monthly.csv,
2017-04-01,Ember оптовая цена э/э,United Kingdom,48.39,EUR/МВт·ч,european_wholesale_electricity_price_data_monthly.csv,
2017-05-01,Ember оптовая цена э/э,Austria,30.61,EUR/МВт·ч,european_wholesale_electricity_price_data_monthly.csv,
2017-05-01,Ember оптовая цена э/э,Belgium,37.2,EUR/МВт·ч,european_wholesale_electricity_price_data_monthly.csv,
2017-05-01,Ember оптовая цена э/э,Bulgaria,36.26,EUR/МВт·ч,european_wholesale_electricity_price_data_monthly.csv,
2017-05-01,Ember оптовая цена э/э,Czechia,33.61,EUR/МВт·ч,european_wholesale_electricity_price_data_monthly.csv,
2017-05-01,Ember оптовая цена э/э,Denmark,29.38,EUR/МВт·ч,european_wholesale_electricity_price_data_monthly.csv,
2017-05-01,Ember оптовая цена э/э,Estonia,30.65,EUR/МВт·ч,european_wholesale_electricity_price_data_monthly.csv,
2017-05-01,Ember оптовая цена э/э,Finland,30.66,EUR/МВт·ч,european_wholesale_electricity_price_data_monthly.csv,
2017-05-01,Ember оптовая цена э/э,France,34.26,EUR/МВт·ч,european_wholesale_electricity_price_data_monthly.csv,
2017-05-01,Ember оптовая цена э/э,Germany,30.61,EUR/МВт·ч,european_wholesale_electricity_price_data_monthly.csv,
2017-05-01,Ember оптовая цена э/э,Greece,45.78,EUR/МВт·ч,european_wholesale_electricity_price_data_monthly.csv,
2017-05-01,Ember оптовая цена э/э,Hungary,42.79,EUR/МВт·ч,european_wholesale_electricity_price_data_monthly.csv,
2017-05-01,Ember оптовая цена э/э,Italy,43.01,EUR/МВт·ч,european_wholesale_electricity_price_data_monthly.csv,
2017-05-01,Ember оптовая цена э/э,Latvia,32.45,EUR/МВт·ч,european_wholesale_electricity_price_data_monthly.csv,
2017-05-01,Ember оптовая цена э/э,Lithuania,32.45,EUR/МВт·ч,european_wholesale_electricity_price_data_monthly.csv,
2017-05-01,Ember оптовая цена э/э,Luxembourg,30.61,EUR/МВт·ч,european_wholesale_electricity_price_data_monthly.csv,
2017-05-01,Ember оптовая цена э/э,Netherlands,35.06,EUR/МВт·ч,european_wholesale_electricity_price_data_monthly.csv,
2017-05-01,Ember оптовая цена э/э,Norway,27.95,EUR/МВт·ч,european_wholesale_electricity_price_data_monthly.csv,
2017-05-01,Ember оптовая цена э/э,Poland,35.48,EUR/МВт·ч,european_wholesale_electricity_price_data_monthly.csv,
2017-05-01,Ember оптовая цена э/э,Portugal,47.18,EUR/МВт·ч,european_wholesale_electricity_price_data_monthly.csv,
2017-05-01,Ember оптовая цена э/э,Romania,40.24,EUR/МВт·ч,european_wholesale_electricity_price_data_monthly.csv,
2017-05-01,Ember оптовая цена э/э,Serbia,41.49,EUR/МВт·ч,european_wholesale_electricity_price_data_monthly.csv,
2017-05-01,Ember оптовая цена э/э,Slovakia,34.28,EUR/МВт·ч,european_wholesale_electricity_price_data_monthly.csv,
2017-05-01,Ember оптовая цена э/э,Slovenia,40.1,EUR/МВт·ч,european_wholesale_electricity_price_data_monthly.csv,
2017-05-01,Ember оптовая цена э/э,Spain,47.17,EUR/МВт·ч,european_wholesale_electricity_price_data_monthly.csv,
2017-05-01,Ember оптовая цена э/э,Sweden,29.59,EUR/МВт·ч,european_wholesale_electricity_price_data_monthly.csv,
2017-05-01,Ember оптовая цена э/э,Switzerland,33.86,EUR/МВт·ч,european_wholesale_electricity_price_data_monthly.csv,
2017-05-01,Ember оптовая цена э/э,United Kingdom,48.13,EUR/МВт·ч,european_wholesale_electricity_price_data_monthly.csv,
2017-06-01,Ember оптовая цена э/э,Austria,30.0,EUR/МВт·ч,european_wholesale_electricity_price_data_monthly.csv,
2017-06-01,Ember оптовая цена э/э,Belgium,32.72,EUR/МВт·ч,european_wholesale_electricity_price_data_monthly.csv,
2017-06-01,Ember оптовая цена э/э,Bulgaria,34.92,EUR/МВт·ч,european_wholesale_electricity_price_data_monthly.csv,
2017-06-01,Ember оптовая цена э/э,Czechia,34.87,EUR/МВт·ч,european_wholesale_electricity_price_data_monthly.csv,
2017-06-01,Ember оптовая цена э/э,Denmark,28.49,EUR/МВт·ч,european_wholesale_electricity_price_data_monthly.csv,
2017-06-01,Ember оптовая цена э/э,Estonia,30.66,EUR/МВт·ч,european_wholesale_electricity_price_data_monthly.csv,
2017-06-01,Ember оптовая цена э/э,Finland,30.65,EUR/МВт·ч,european_wholesale_electricity_price_data_monthly.csv,
2017-06-01,Ember оптовая цена э/э,France,32.74,EUR/МВт·ч,european_wholesale_electricity_price_data_monthly.csv,
2017-06-01,Ember оптовая цена э/э,Germany,30.0,EUR/МВт·ч,european_wholesale_electricity_price_data_monthly.csv,
2017-06-01,Ember оптовая цена э/э,Greece,51.3,EUR/МВт·ч,european_wholesale_electricity_price_data_monthly.csv,
2017-06-01,Ember оптовая цена э/э,Hungary,43.92,EUR/МВт·ч,european_wholesale_electricity_price_data_monthly.csv,
2017-06-01,Ember оптовая цена э/э,Italy,48.85,EUR/МВт·ч,european_wholesale_electricity_price_data_monthly.csv,
2017-06-01,Ember оптовая цена э/э,Latvia,38.37,EUR/МВт·ч,european_wholesale_electricity_price_data_monthly.csv,
2017-06-01,Ember оптовая цена э/э,Lithuania,38.37,EUR/МВт·ч,european_wholesale_electricity_price_data_monthly.csv,
2017-06-01,Ember оптовая цена э/э,Luxembourg,30.0,EUR/МВт·ч,european_wholesale_electricity_price_data_monthly.csv,
2017-06-01,Ember оптовая цена э/э,Netherlands,33.3,EUR/МВт·ч,european_wholesale_electricity_price_data_monthly.csv,
2017-06-01,Ember оптовая цена э/э,Norway,23.72,EUR/МВт·ч,european_wholesale_electricity_price_data_monthly.csv,
2017-06-01,Ember оптовая цена э/э,Poland,36.07,EUR/МВт·ч,european_wholesale_electricity_price_data_monthly.csv,
2017-06-01,Ember оптовая цена э/э,Portugal,50.2,EUR/МВт·ч,european_wholesale_electricity_price_data_monthly.csv,
2017-06-01,Ember оптовая цена э/э,Romania,42.43,EUR/МВт·ч,european_wholesale_electricity_price_data_monthly.csv,
2017-06-01,Ember оптовая цена э/э,Serbia,44.94,EUR/МВт·ч,european_wholesale_electricity_price_data_monthly.csv,
2017-06-01,Ember оптовая цена э/э,Slovakia,38.21,EUR/МВт·ч,european_wholesale_electricity_price_data_monthly.csv,
2017-06-01,Ember оптовая цена э/э,Slovenia,44.26,EUR/МВт·ч,european_wholesale_electricity_price_data_monthly.csv,
2017-06-01,Ember оптовая цена э/э,Spain,50.2,EUR/МВт·ч,european_wholesale_electricity_price_data_monthly.csv,
2017-06-01,Ember оптовая цена э/э,Sweden,27.22,EUR/МВт·ч,european_wholesale_electricity_price_data_monthly.csv,
2017-06-01,Ember оптовая цена э/э,Switzerland,32.12,EUR/МВт·ч,european_wholesale_electricity_price_data_monthly.csv,
2017-06-01,Ember оптовая цена э/э,United Kingdom,43.24,EUR/МВт·ч,european_wholesale_electricity_price_data_monthly.csv,
2017-07-01,Ember оптовая цена э/э,Austria,33.01,EUR/МВт·ч,european_wholesale_electricity_price_data_monthly.csv,
2017-07-01,Ember оптовая цена э/э,Belgium,33.55,EUR/МВт·ч,european_wholesale_electricity_price_data_monthly.csv,
2017-07-01,Ember оптовая цена э/э,Bulgaria,42.16,EUR/МВт·ч,european_wholesale_electricity_price_data_monthly.csv,
2017-07-01,Ember оптовая цена э/э,Czechia,40.25,EUR/МВт·ч,european_wholesale_electricity_price_data_monthly.csv,
2017-07-01,Ember оптовая цена э/э,Denmark,31.72,EUR/МВт·ч,european_wholesale_electricity_price_data_monthly.csv,
2017-07-01,Ember оптовая цена э/э,Estonia,34.33,EUR/МВт·ч,european_wholesale_electricity_price_data_monthly.csv,
2017-07-01,Ember оптовая цена э/э,Finland,34.18,EUR/МВт·ч,european_wholesale_electricity_price_data_monthly.csv,
2017-07-01,Ember оптовая цена э/э,France,34.61,EUR/МВт·ч,european_wholesale_electricity_price_data_monthly.csv,
2017-07-01,Ember оптовая цена э/э,Germany,33.01,EUR/МВт·ч,european_wholesale_electricity_price_data_monthly.csv,
2017-07-01,Ember оптовая цена э/э,Greece,52.54,EUR/МВт·ч,european_wholesale_electricity_price_data_monthly.csv,
2017-07-01,Ember оптовая цена э/э,Hungary,51.88,EUR/МВт·ч,european_wholesale_electricity_price_data_monthly.csv,
2017-07-01,Ember оптовая цена э/э,Italy,50.31,EUR/МВт·ч,european_wholesale_electricity_price_data_monthly.csv,
2017-07-01,Ember оптовая цена э/э,Latvia,36.29,EUR/МВт·ч,european_wholesale_electricity_price_data_monthly.csv,
2017-07-01,Ember оптовая цена э/э,Lithuania,36.29,EUR/МВт·ч,european_wholesale_electricity_price_data_monthly.csv,
2017-07-01,Ember оптовая цена э/э,Luxembourg,33.01,EUR/МВт·ч,european_wholesale_electricity_price_data_monthly.csv,
2017-07-01,Ember оптовая цена э/э,Netherlands,34.46,EUR/МВт·ч,european_wholesale_electricity_price_data_monthly.csv,
2017-07-01,Ember оптовая цена э/э,Norway,24.89,EUR/МВт·ч,european_wholesale_electricity_price_data_monthly.csv,
2017-07-01,Ember оптовая цена э/э,Poland,36.4,EUR/МВт·ч,european_wholesale_electricity_price_data_monthly.csv,
2017-07-01,Ember оптовая цена э/э,Portugal,48.6,EUR/МВт·ч,european_wholesale_electricity_price_data_monthly.csv,
2017-07-01,Ember оптовая цена э/э,Romania,50.58,EUR/МВт·ч,european_wholesale_electricity_price_data_monthly.csv,
2017-07-01,Ember оптовая цена э/э,Serbia,52.57,EUR/МВт·ч,european_wholesale_electricity_price_data_monthly.csv,
2017-07-01,Ember оптовая цена э/э,Slovakia,42.1,EUR/МВт·ч,european_wholesale_electricity_price_data_monthly.csv,
2017-07-01,Ember оптовая цена э/э,Slovenia,50.0,EUR/МВт·ч,european_wholesale_electricity_price_data_monthly.csv,
2017-07-01,Ember оптовая цена э/э,Spain,48.63,EUR/МВт·ч,european_wholesale_electricity_price_data_monthly.csv,
2017-07-01,Ember оптовая цена э/э,Sweden,30.82,EUR/МВт·ч,european_wholesale_electricity_price_data_monthly.csv,
2017-07-01,Ember оптовая цена э/э,Switzerland,34.28,EUR/МВт·ч,european_wholesale_electricity_price_data_monthly.csv,
2017-07-01,Ember оптовая цена э/э,United Kingdom,46.06,EUR/МВт·ч,european_wholesale_electricity_price_data_monthly.csv,
2017-08-01,Ember оптовая цена э/э,Austria,30.86,EUR/МВт·ч,european_wholesale_electricity_price_data_monthly.csv,
2017-08-01,Ember оптовая цена э/э,Belgium,31.79,EUR/МВт·ч,european_wholesale_electricity_price_data_monthly.csv,
2017-08-01,Ember оптовая цена э/э,Bulgaria,38.42,EUR/МВт·ч,european_wholesale_electricity_price_data_monthly.csv,
2017-08-01,Ember оптовая цена э/э,Czechia,34.1,EUR/МВт·ч,european_wholesale_electricity_price_data_monthly.csv,
2017-08-01,Ember оптовая цена э/э,Denmark,33.37,EUR/МВт·ч,european_wholesale_electricity_price_data_monthly.csv,
2017-08-01,Ember оптовая цена э/э,Estonia,36.35,EUR/МВт·ч,european_wholesale_electricity_price_data_monthly.csv,
2017-08-01,Ember оптовая цена э/э,Finland,36.3,EUR/МВт·ч,european_wholesale_electricity_price_data_monthly.csv,
2017-08-01,Ember оптовая цена э/э,France,32.02,EUR/МВт·ч,european_wholesale_electricity_price_data_monthly.csv,
2017-08-01,Ember оптовая цена э/э,Germany,30.86,EUR/МВт·ч,european_wholesale_electricity_price_data_monthly.csv,
2017-08-01,Ember оптовая цена э/э,Greece,50.57,EUR/МВт·ч,european_wholesale_electricity_price_data_monthly.csv,
2017-08-01,Ember оптовая цена э/э,Hungary,58.27,EUR/МВт·ч,european_wholesale_electricity_price_data_monthly.csv,
2017-08-01,Ember оптовая цена э/э,Italy,55.79,EUR/МВт·ч,european_wholesale_electricity_price_data_monthly.csv,
2017-08-01,Ember оптовая цена э/э,Latvia,37.33,EUR/МВт·ч,european_wholesale_electricity_price_data_monthly.csv,
2017-08-01,Ember оптовая цена э/э,Lithuania,37.3,EUR/МВт·ч,european_wholesale_electricity_price_data_monthly.csv,
2017-08-01,Ember оптовая цена э/э,Luxembourg,30.86,EUR/МВт·ч,european_wholesale_electricity_price_data_monthly.csv,
2017-08-01,Ember оптовая цена э/э,Netherlands,33.06,EUR/МВт·ч,european_wholesale_electricity_price_data_monthly.csv,
2017-08-01,Ember оптовая цена э/э,Norway,26.03,EUR/МВт·ч,european_wholesale_electricity_price_data_monthly.csv,
2017-08-01,Ember оптовая цена э/э,Poland,38.47,EUR/МВт·ч,european_wholesale_electricity_price_data_monthly.csv,
2017-08-01,Ember оптовая цена э/э,Portugal,47.43,EUR/МВт·ч,european_wholesale_electricity_price_data_monthly.csv,
2017-08-01,Ember оптовая цена э/э,Romania,56.86,EUR/МВт·ч,european_wholesale_electricity_price_data_monthly.csv,
2017-08-01,Ember оптовая цена э/э,Serbia,59.27,EUR/МВт·ч,european_wholesale_electricity_price_data_monthly.csv,
2017-08-01,Ember оптовая цена э/э,Slovakia,46.45,EUR/МВт·ч,european_wholesale_electricity_price_data_monthly.csv,
2017-08-01,Ember оптовая цена э/э,Slovenia,57.41,EUR/МВт·ч,european_wholesale_electricity_price_data_monthly.csv,
2017-08-01,Ember оптовая цена э/э,Spain,47.45,EUR/МВт·ч,european_wholesale_electricity_price_data_monthly.csv,
2017-08-01,Ember оптовая цена э/э,Sweden,33.63,EUR/МВт·ч,european_wholesale_electricity_price_data_monthly.csv,
2017-08-01,Ember оптовая цена э/э,Switzerland,32.05,EUR/МВт·ч,european_wholesale_electricity_price_data_monthly.csv,
2017-08-01,Ember оптовая цена э/э,United Kingdom,46.6,EUR/МВт·ч,european_wholesale_electricity_price_data_monthly.csv,
2017-09-01,Ember оптовая цена э/э,Austria,34.3,EUR/МВт·ч,european_wholesale_electricity_price_data_monthly.csv,
2017-09-01,Ember оптовая цена э/э,Belgium,37.2,EUR/МВт·ч,european_wholesale_electricity_price_data_monthly.csv,
2017-09-01,Ember оптовая цена э/э,Bulgaria,37.79,EUR/МВт·ч,european_wholesale_electricity_price_data_monthly.csv,
2017-09-01,Ember оптовая цена э/э,Czechia,34.72,EUR/МВт·ч,european_wholesale_electricity_price_data_monthly.csv,
2017-09-01,Ember оптовая цена э/э,Denmark,35.5,EUR/МВт·ч,european_wholesale_electricity_price_data_monthly.csv,
2017-09-01,Ember оптовая цена э/э,Estonia,37.26,EUR/МВт·ч,european_wholesale_electricity_price_data_monthly.csv,
2017-09-01,Ember оптовая цена э/э,Finland,37.25,EUR/МВт·ч,european_wholesale_electricity_price_data_monthly.csv,
2017-09-01,Ember оптовая цена э/э,France,37.0,EUR/МВт·ч,european_wholesale_electricity_price_data_monthly.csv,
2017-09-01,Ember оптовая цена э/э,Germany,34.3,EUR/МВт·ч,european_wholesale_electricity_price_data_monthly.csv,
2017-09-01,Ember оптовая цена э/э,Greece,53.06,EUR/МВт·ч,european_wholesale_electricity_price_data_monthly.csv,
2017-09-01,Ember оптовая цена э/э,Hungary,42.84,EUR/МВт·ч,european_wholesale_electricity_price_data_monthly.csv,
2017-09-01,Ember оптовая цена э/э,Italy,48.59,EUR/МВт·ч,european_wholesale_electricity_price_data_monthly.csv,
2017-09-01,Ember оптовая цена э/э,Latvia,37.68,EUR/МВт·ч,european_wholesale_electricity_price_data_monthly.csv,
2017-09-01,Ember оптовая цена э/э,Lithuania,37.78,EUR/МВт·ч,european_wholesale_electricity_price_data_monthly.csv,
2017-09-01,Ember оптовая цена э/э,Luxembourg,34.3,EUR/МВт·ч,european_wholesale_electricity_price_data_monthly.csv,
2017-09-01,Ember оптовая цена э/э,Netherlands,38.75,EUR/МВт·ч,european_wholesale_electricity_price_data_monthly.csv,
2017-09-01,Ember оптовая цена э/э,Norway,30.36,EUR/МВт·ч,european_wholesale_electricity_price_data_monthly.csv,
2017-09-01,Ember оптовая цена э/э,Poland,39.52,EUR/МВт·ч,european_wholesale_electricity_price_data_monthly.csv,
2017-09-01,Ember оптовая цена э/э,Portugal,49.17,EUR/МВт·ч,european_wholesale_electricity_price_data_monthly.csv,
2017-09-01,Ember оптовая цена э/э,Romania,42.94,EUR/МВт·ч,european_wholesale_electricity_price_data_monthly.csv,
2017-09-01,Ember оптовая цена э/э,Serbia,43.34,EUR/МВт·ч,european_wholesale_electricity_price_data_monthly.csv,
2017-09-01,Ember оптовая цена э/э,Slovakia,38.68,EUR/МВт·ч,european_wholesale_electricity_price_data_monthly.csv,
2017-09-01,Ember оптовая цена э/э,Slovenia,41.94,EUR/МВт·ч,european_wholesale_electricity_price_data_monthly.csv,
2017-09-01,Ember оптовая цена э/э,Spain,49.16,EUR/МВт·ч,european_wholesale_electricity_price_data_monthly.csv,
2017-09-01,Ember оптовая цена э/э,Sweden,36.25,EUR/МВт·ч,european_wholesale_electricity_price_data_monthly.csv,
2017-09-01,Ember оптовая цена э/э,Switzerland,37.27,EUR/МВт·ч,european_wholesale_electricity_price_data_monthly.csv,
2017-09-01,Ember оптовая цена э/э,United Kingdom,51.36,EUR/МВт·ч,european_wholesale_electricity_price_data_monthly.csv,
2017-10-01,Ember оптовая цена э/э,Austria,28.29,EUR/МВт·ч,european_wholesale_electricity_price_data_monthly.csv,
2017-10-01,Ember оптовая цена э/э,Belgium,49.01,EUR/МВт·ч,european_wholesale_electricity_price_data_monthly.csv,
2017-10-01,Ember оптовая цена э/э,Bulgaria,41.57,EUR/МВт·ч,european_wholesale_electricity_price_data_monthly.csv,
2017-10-01,Ember оптовая цена э/э,Croatia,51.98,EUR/МВт·ч,european_wholesale_electricity_price_data_monthly.csv,
2017-10-01,Ember оптовая цена э/э,Czechia,30.35,EUR/МВт·ч,european_wholesale_electricity_price_data_monthly.csv,
2017-10-01,Ember оптовая цена э/э,Denmark,29.23,EUR/МВт·ч,european_wholesale_electricity_price_data_monthly.csv,
2017-10-01,Ember оптовая цена э/э,Estonia,33.44,EUR/МВт·ч,european_wholesale_electricity_price_data_monthly.csv,
2017-10-01,Ember оптовая цена э/э,Finland,33.42,EUR/МВт·ч,european_wholesale_electricity_price_data_monthly.csv,
2017-10-01,Ember оптовая цена э/э,France,49.7,EUR/МВт·ч,european_wholesale_electricity_price_data_monthly.csv,
2017-10-01,Ember оптовая цена э/э,Germany,28.29,EUR/МВт·ч,european_wholesale_electricity_price_data_monthly.csv,
2017-10-01,Ember оптовая цена э/э,Greece,54.89,EUR/МВт·ч,european_wholesale_electricity_price_data_monthly.csv,
2017-10-01,Ember оптовая цена э/э,Hungary,49.75,EUR/МВт·ч,european_wholesale_electricity_price_data_monthly.csv,
2017-10-01,Ember оптовая цена э/э,Italy,54.7,EUR/МВт·ч,european_wholesale_electricity_price_data_monthly.csv,
2017-10-01,Ember оптовая цена э/э,Latvia,33.71,EUR/МВт·ч,european_wholesale_electricity_price_data_monthly.csv,
2017-10-01,Ember оптовая цена э/э,Lithuania,34.36,EUR/МВт·ч,european_wholesale_electricity_price_data_monthly.csv,
2017-10-01,Ember оптовая цена э/э,Luxembourg,28.29,EUR/МВт·ч,european_wholesale_electricity_price_data_monthly.csv,
2017-10-01,Ember оптовая цена э/э,Netherlands,39.88,EUR/МВт·ч,european_wholesale_electricity_price_data_monthly.csv,
2017-10-01,Ember оптовая цена э/э,Norway,27.79,EUR/МВт·ч,european_wholesale_electricity_price_data_monthly.csv,
2017-10-01,Ember оптовая цена э/э,Poland,40.04,EUR/МВт·ч,european_wholesale_electricity_price_data_monthly.csv,
2017-10-01,Ember оптовая цена э/э,Portugal,56.98,EUR/МВт·ч,european_wholesale_electricity_price_data_monthly.csv,
2017-10-01,Ember оптовая цена э/э,Romania,47.3,EUR/МВт·ч,european_wholesale_electricity_price_data_monthly.csv,
2017-10-01,Ember оптовая цена э/э,Serbia,51.96,EUR/МВт·ч,european_wholesale_electricity_price_data_monthly.csv,
2017-10-01,Ember оптовая цена э/э,Slovakia,40.46,EUR/МВт·ч,european_wholesale_electricity_price_data_monthly.csv,
2017-10-01,Ember оптовая цена э/э,Slovenia,50.58,EUR/МВт·ч,european_wholesale_electricity_price_data_monthly.csv,
2017-10-01,Ember оптовая цена э/э,Spain,56.78,EUR/МВт·ч,european_wholesale_electricity_price_data_monthly.csv,
2017-10-01,Ember оптовая цена э/э,Sweden,30.59,EUR/МВт·ч,european_wholesale_electricity_price_data_monthly.csv,
2017-10-01,Ember оптовая цена э/э,Switzerland,52.71,EUR/МВт·ч,european_wholesale_electricity_price_data_monthly.csv,
2017-10-01,Ember оптовая цена э/э,United Kingdom,51.1,EUR/МВт·ч,european_wholesale_electricity_price_data_monthly.csv,
2017-11-01,Ember оптовая цена э/э,Austria,40.38,EUR/МВт·ч,european_wholesale_electricity_price_data_monthly.csv,
2017-11-01,Ember оптовая цена э/э,Belgium,66.63,EUR/МВт·ч,european_wholesale_electricity_price_data_monthly.csv,
2017-11-01,Ember оптовая цена э/э,Bulgaria,42.13,EUR/МВт·ч,european_wholesale_electricity_price_data_monthly.csv,
2017-11-01,Ember оптовая цена э/э,Croatia,60.92,EUR/МВт·ч,european_wholesale_electricity_price_data_monthly.csv,
2017-11-01,Ember оптовая цена э/э,Czechia,40.73,EUR/МВт·ч,european_wholesale_electricity_price_data_monthly.csv,
2017-11-01,Ember оптовая цена э/э,Denmark,33.69,EUR/МВт·ч,european_wholesale_electricity_price_data_monthly.csv,
2017-11-01,Ember оптовая цена э/э,Estonia,33.7,EUR/МВт·ч,european_wholesale_electricity_price_data_monthly.csv,
2017-11-01,Ember оптовая цена э/э,Finland,33.67,EUR/МВт·ч,european_wholesale_electricity_price_data_monthly.csv,
2017-11-01,Ember оптовая цена э/э,France,63.45,EUR/МВт·ч,european_wholesale_electricity_price_data_monthly.csv,
2017-11-01,Ember оптовая цена э/э,Germany,40.38,EUR/МВт·ч,european_wholesale_electricity_price_data_monthly.csv,
2017-11-01,Ember оптовая цена э/э,Greece,70.43,EUR/МВт·ч,european_wholesale_electricity_price_data_monthly.csv,
2017-11-01,Ember оптовая цена э/э,Hungary,60.48,EUR/МВт·ч,european_wholesale_electricity_price_data_monthly.csv,
2017-11-01,Ember оптовая цена э/э,Italy,65.76,EUR/МВт·ч,european_wholesale_electricity_price_data_monthly.csv,
2017-11-01,Ember оптовая цена э/э,Latvia,34.87,EUR/МВт·ч,european_wholesale_electricity_price_data_monthly.csv,
2017-11-01,Ember оптовая цена э/э,Lithuania,36.2,EUR/МВт·ч,european_wholesale_electricity_price_data_monthly.csv,
2017-11-01,Ember оптовая цена э/э,Luxembourg,40.38,EUR/МВт·ч,european_wholesale_electricity_price_data_monthly.csv,
2017-11-01,Ember оптовая цена э/э,Netherlands,47.27,EUR/МВт·ч,european_wholesale_electricity_price_data_monthly.csv,
2017-11-01,Ember оптовая цена э/э,Norway,31.5,EUR/МВт·ч,european_wholesale_electricity_price_data_monthly.csv,
2017-11-01,Ember оптовая цена э/э,Poland,39.51,EUR/МВт·ч,european_wholesale_electricity_price_data_monthly.csv,
2017-11-01,Ember оптовая цена э/э,Portugal,59.39,EUR/МВт·ч,european_wholesale_electricity_price_data_monthly.csv,
2017-11-01,Ember оптовая цена э/э,Romania,55.41,EUR/МВт·ч,european_wholesale_electricity_price_data_monthly.csv,
2017-11-01,Ember оптовая цена э/э,Serbia,61.62,EUR/МВт·ч,european_wholesale_electricity_price_data_monthly.csv,
2017-11-01,Ember оптовая цена э/э,Slovakia,50.73,EUR/МВт·ч,european_wholesale_electricity_price_data_monthly.csv,
2017-11-01,Ember оптовая цена э/э,Slovenia,59.84,EUR/МВт·ч,european_wholesale_electricity_price_data_monthly.csv,
2017-11-01,Ember оптовая цена э/э,Spain,59.22,EUR/МВт·ч,european_wholesale_electricity_price_data_monthly.csv,
2017-11-01,Ember оптовая цена э/э,Sweden,32.43,EUR/МВт·ч,european_wholesale_electricity_price_data_monthly.csv,
2017-11-01,Ember оптовая цена э/э,Switzerland,65.02,EUR/МВт·ч,european_wholesale_electricity_price_data_monthly.csv,
2017-11-01,Ember оптовая цена э/э,United Kingdom,56.55,EUR/МВт·ч,european_wholesale_electricity_price_data_monthly.csv,
2017-12-01,Ember оптовая цена э/э,Austria,33.08,EUR/МВт·ч,european_wholesale_electricity_price_data_monthly.csv,
2017-12-01,Ember оптовая цена э/э,Belgium,55.02,EUR/МВт·ч,european_wholesale_electricity_price_data_monthly.csv,
2017-12-01,Ember оптовая цена э/э,Bulgaria,38.35,EUR/МВт·ч,european_wholesale_electricity_price_data_monthly.csv,
2017-12-01,Ember оптовая цена э/э,Croatia,42.43,EUR/МВт·ч,european_wholesale_electricity_price_data_monthly.csv,
2017-12-01,Ember оптовая цена э/э,Czechia,32.75,EUR/МВт·ч,european_wholesale_electricity_price_data_monthly.csv,
2017-12-01,Ember оптовая цена э/э,Denmark,28.33,EUR/МВт·ч,european_wholesale_electricity_price_data_monthly.csv,
2017-12-01,Ember оптовая цена э/э,Estonia,32.01,EUR/МВт·ч,european_wholesale_electricity_price_data_monthly.csv,
2017-12-01,Ember оптовая цена э/э,Finland,31.91,EUR/МВт·ч,european_wholesale_electricity_price_data_monthly.csv,
2017-12-01,Ember оптовая цена э/э,France,56.69,EUR/МВт·ч,european_wholesale_electricity_price_data_monthly.csv,
2017-12-01,Ember оптовая цена э/э,Germany,35.71,EUR/МВт·ч,european_wholesale_electricity_price_data_monthly.csv,
2017-12-01,Ember оптовая цена э/э,Greece,56.22,EUR/МВт·ч,european_wholesale_electricity_price_data_monthly.csv,
2017-12-01,Ember оптовая цена э/э,Hungary,39.98,EUR/МВт·ч,european_wholesale_electricity_price_data_monthly.csv,
2017-12-01,Ember оптовая цена э/э,Italy,65.08,EUR/МВт·ч,european_wholesale_electricity_price_data_monthly.csv,
2017-12-01,Ember оптовая цена э/э,Latvia,32.26,EUR/МВт·ч,european_wholesale_electricity_price_data_monthly.csv,
2017-12-01,Ember оптовая цена э/э,Lithuania,33.06,EUR/МВт·ч,european_wholesale_electricity_price_data_monthly.csv,
2017-12-01,Ember оптовая цена э/э,Luxembourg,35.71,EUR/МВт·ч,european_wholesale_electricity_price_data_monthly.csv,
2017-12-01,Ember оптовая цена э/э,Netherlands,46.47,EUR/МВт·ч,european_wholesale_electricity_price_data_monthly.csv,
2017-12-01,Ember оптовая цена э/э,Norway,30.7,EUR/МВт·ч,european_wholesale_electricity_price_data_monthly.csv,
2017-12-01,Ember оптовая цена э/э,Poland,35.48,EUR/МВт·ч,european_wholesale_electricity_price_data_monthly.csv,
2017-12-01,Ember оптовая цена э/э,Portugal,59.43,EUR/МВт·ч,european_wholesale_electricity_price_data_monthly.csv,
2017-12-01,Ember оптовая цена э/э,Romania,36.61,EUR/МВт·ч,european_wholesale_electricity_price_data_monthly.csv,
2017-12-01,Ember оптовая цена э/э,Serbia,41.66,EUR/МВт·ч,european_wholesale_electricity_price_data_monthly.csv,
2017-12-01,Ember оптовая цена э/э,Slovakia,33.17,EUR/МВт·ч,european_wholesale_electricity_price_data_monthly.csv,
2017-12-01,Ember оптовая цена э/э,Slovenia,44.59,EUR/МВт·ч,european_wholesale_electricity_price_data_monthly.csv,
2017-12-01,Ember оптовая цена э/э,Spain,57.85,EUR/МВт·ч,european_wholesale_electricity_price_data_monthly.csv,
2017-12-01,Ember оптовая цена э/э,Sweden,30.74,EUR/МВт·ч,european_wholesale_electricity_price_data_monthly.csv,
2017-12-01,Ember оптовая цена э/э,Switzerland,62.54,EUR/МВт·ч,european_wholesale_electricity_price_data_monthly.csv,
2017-12-01,Ember оптовая цена э/э,United Kingdom,62.09,EUR/МВт·ч,european_wholesale_electricity_price_data_monthly.csv,
2018-01-01,Ember оптовая цена э/э,Austria,29.5,EUR/МВт·ч,european_wholesale_electricity_price_data_monthly.csv,
2018-01-01,Ember оптовая цена э/э,Belgium,36.81,EUR/МВт·ч,european_wholesale_electricity_price_data_monthly.csv,
2018-01-01,Ember оптовая цена э/э,Bulgaria,37.3,EUR/МВт·ч,european_wholesale_electricity_price_data_monthly.csv,
2018-01-01,Ember оптовая цена э/э,Croatia,37.99,EUR/МВт·ч,european_wholesale_electricity_price_data_monthly.csv,
2018-01-01,Ember оптовая цена э/э,Czechia,33.12,EUR/МВт·ч,european_wholesale_electricity_price_data_monthly.csv,
2018-01-01,Ember оптовая цена э/э,Denmark,31.09,EUR/МВт·ч,european_wholesale_electricity_price_data_monthly.csv,
2018-01-01,Ember оптовая цена э/э,Estonia,37.11,EUR/МВт·ч,european_wholesale_electricity_price_data_monthly.csv,
2018-01-01,Ember оптовая цена э/э,Finland,37.08,EUR/МВт·ч,european_wholesale_electricity_price_data_monthly.csv,
2018-01-01,Ember оптовая цена э/э,France,34.98,EUR/МВт·ч,european_wholesale_electricity_price_data_monthly.csv,
2018-01-01,Ember оптовая цена э/э,Germany,29.5,EUR/МВт·ч,european_wholesale_electricity_price_data_monthly.csv,
2018-01-01,Ember оптовая цена э/э,Greece,53.49,EUR/МВт·ч,european_wholesale_electricity_price_data_monthly.csv,
2018-01-01,Ember оптовая цена э/э,Hungary,36.31,EUR/МВт·ч,european_wholesale_electricity_price_data_monthly.csv,
2018-01-01,Ember оптовая цена э/э,Italy,48.96,EUR/МВт·ч,european_wholesale_electricity_price_data_monthly.csv,
2018-01-01,Ember оптовая цена э/э,Latvia,37.59,EUR/МВт·ч,european_wholesale_electricity_price_data_monthly.csv,
2018-01-01,Ember оптовая цена э/э,Lithuania,37.62,EUR/МВт·ч,european_wholesale_electricity_price_data_monthly.csv,
2018-01-01,Ember оптовая цена э/э,Luxembourg,29.5,EUR/МВт·ч,european_wholesale_electricity_price_data_monthly.csv,
2018-01-01,Ember оптовая цена э/э,Netherlands,38.8,EUR/МВт·ч,european_wholesale_electricity_price_data_monthly.csv,
2018-01-01,Ember оптовая цена э/э,Norway,32.16,EUR/МВт·ч,european_wholesale_electricity_price_data_monthly.csv,
2018-01-01,Ember оптовая цена э/э,Poland,38.84,EUR/МВт·ч,european_wholesale_electricity_price_data_monthly.csv,
2018-01-01,Ember оптовая цена э/э,Portugal,51.68,EUR/МВт·ч,european_wholesale_electricity_price_data_monthly.csv,
2018-01-01,Ember оптовая цена э/э,Romania,33.51,EUR/МВт·ч,european_wholesale_electricity_price_data_monthly.csv,
2018-01-01,Ember оптовая цена э/э,Serbia,36.43,EUR/МВт·ч,european_wholesale_electricity_price_data_monthly.csv,
2018-01-01,Ember оптовая цена э/э,Slovakia,33.41,EUR/МВт·ч,european_wholesale_electricity_price_data_monthly.csv,
2018-01-01,Ember оптовая цена э/э,Slovenia,37.95,EUR/МВт·ч,european_wholesale_electricity_price_data_monthly.csv,
2018-01-01,Ember оптовая цена э/э,Spain,50.05,EUR/МВт·ч,european_wholesale_electricity_price_data_monthly.csv,
2018-01-01,Ember оптовая цена э/э,Sweden,32.46,EUR/МВт·ч,european_wholesale_electricity_price_data_monthly.csv,
2018-01-01,Ember оптовая цена э/э,Switzerland,43.82,EUR/МВт·ч,european_wholesale_electricity_price_data_monthly.csv,
2018-01-01,Ember оптовая цена э/э,United Kingdom,56.34,EUR/МВт·ч,european_wholesale_electricity_price_data_monthly.csv,
2018-02-01,Ember оптовая цена э/э,Austria,40.12,EUR/МВт·ч,european_wholesale_electricity_price_data_monthly.csv,
2018-02-01,Ember оптовая цена э/э,Belgium,47.39,EUR/МВт·ч,european_wholesale_electricity_price_data_monthly.csv,
2018-02-01,Ember оптовая цена э/э,Bulgaria,36.49,EUR/МВт·ч,european_wholesale_electricity_price_data_monthly.csv,
2018-02-01,Ember оптовая цена э/э,Croatia,44.87,EUR/МВт·ч,european_wholesale_electricity_price_data_monthly.csv,
2018-02-01,Ember оптовая цена э/э,Czechia,41.0,EUR/МВт·ч,european_wholesale_electricity_price_data_monthly.csv,
2018-02-01,Ember оптовая цена э/э,Denmark,38.77,EUR/МВт·ч,european_wholesale_electricity_price_data_monthly.csv,
2018-02-01,Ember оптовая цена э/э,Estonia,43.37,EUR/МВт·ч,european_wholesale_electricity_price_data_monthly.csv,
2018-02-01,Ember оптовая цена э/э,Finland,43.38,EUR/МВт·ч,european_wholesale_electricity_price_data_monthly.csv,
2018-02-01,Ember оптовая цена э/э,France,48.78,EUR/МВт·ч,european_wholesale_electricity_price_data_monthly.csv,
2018-02-01,Ember оптовая цена э/э,Germany,40.12,EUR/МВт·ч,european_wholesale_electricity_price_data_monthly.csv,
2018-02-01,Ember оптовая цена э/э,Greece,51.62,EUR/МВт·ч,european_wholesale_electricity_price_data_monthly.csv,
2018-02-01,Ember оптовая цена э/э,Hungary,41.66,EUR/МВт·ч,european_wholesale_electricity_price_data_monthly.csv,
2018-02-01,Ember оптовая цена э/э,Italy,57.05,EUR/МВт·ч,european_wholesale_electricity_price_data_monthly.csv,
2018-02-01,Ember оптовая цена э/э,Latvia,43.5,EUR/МВт·ч,european_wholesale_electricity_price_data_monthly.csv,
2018-02-01,Ember оптовая цена э/э,Lithuania,43.51,EUR/МВт·ч,european_wholesale_electricity_price_data_monthly.csv,
2018-02-01,Ember оптовая цена э/э,Luxembourg,40.12,EUR/МВт·ч,european_wholesale_electricity_price_data_monthly.csv,
2018-02-01,Ember оптовая цена э/э,Netherlands,44.57,EUR/МВт·ч,european_wholesale_electricity_price_data_monthly.csv,
2018-02-01,Ember оптовая цена э/э,Norway,38.36,EUR/МВт·ч,european_wholesale_electricity_price_data_monthly.csv,
2018-02-01,Ember оптовая цена э/э,Poland,44.52,EUR/МВт·ч,european_wholesale_electricity_price_data_monthly.csv,
2018-02-01,Ember оптовая цена э/э,Portugal,54.97,EUR/МВт·ч,european_wholesale_electricity_price_data_monthly.csv,
2018-02-01,Ember оптовая цена э/э,Romania,37.94,EUR/МВт·ч,european_wholesale_electricity_price_data_monthly.csv,
2018-02-01,Ember оптовая цена э/э,Serbia,41.37,EUR/МВт·ч,european_wholesale_electricity_price_data_monthly.csv,
2018-02-01,Ember оптовая цена э/э,Slovakia,41.99,EUR/МВт·ч,european_wholesale_electricity_price_data_monthly.csv,
2018-02-01,Ember оптовая цена э/э,Slovenia,43.38,EUR/МВт·ч,european_wholesale_electricity_price_data_monthly.csv,
2018-02-01,Ember оптовая цена э/э,Spain,54.87,EUR/МВт·ч,european_wholesale_electricity_price_data_monthly.csv,
2018-02-01,Ember оптовая цена э/э,Sweden,39.98,EUR/МВт·ч,european_wholesale_electricity_price_data_monthly.csv,
2018-02-01,Ember оптовая цена э/э,Switzerland,52.98,EUR/МВт·ч,european_wholesale_electricity_price_data_monthly.csv,
2018-02-01,Ember оптовая цена э/э,United Kingdom,57.96,EUR/МВт·ч,european_wholesale_electricity_price_data_monthly.csv,
2018-03-01,Ember оптовая цена э/э,Austria,37.36,EUR/МВт·ч,european_wholesale_electricity_price_data_monthly.csv,
2018-03-01,Ember оптовая цена э/э,Belgium,50.7,EUR/МВт·ч,european_wholesale_electricity_price_data_monthly.csv,
2018-03-01,Ember оптовая цена э/э,Bulgaria,27.51,EUR/МВт·ч,european_wholesale_electricity_price_data_monthly.csv,
2018-03-01,Ember оптовая цена э/э,Croatia,44.66,EUR/МВт·ч,european_wholesale_electricity_price_data_monthly.csv,
2018-03-01,Ember оптовая цена э/э,Czechia,37.72,EUR/МВт·ч,european_wholesale_electricity_price_data_monthly.csv,
2018-03-01,Ember оптовая цена э/э,Denmark,39.96,EUR/МВт·ч,european_wholesale_electricity_price_data_monthly.csv,
2018-03-01,Ember оптовая цена э/э,Estonia,45.32,EUR/МВт·ч,european_wholesale_electricity_price_data_monthly.csv,
2018-03-01,Ember оптовая цена э/э,Finland,45.59,EUR/МВт·ч,european_wholesale_electricity_price_data_monthly.csv,
2018-03-01,Ember оптовая цена э/э,France,48.19,EUR/МВт·ч,european_wholesale_electricity_price_data_monthly.csv,
2018-03-01,Ember оптовая цена э/э,Germany,37.36,EUR/МВт·ч,european_wholesale_electricity_price_data_monthly.csv,
2018-03-01,Ember оптовая цена э/э,Greece,44.23,EUR/МВт·ч,european_wholesale_electricity_price_data_monthly.csv,
2018-03-01,Ember оптовая цена э/э,Hungary,40.4,EUR/МВт·ч,european_wholesale_electricity_price_data_monthly.csv,
2018-03-01,Ember оптовая цена э/э,Italy,56.82,EUR/МВт·ч,european_wholesale_electricity_price_data_monthly.csv,
2018-03-01,Ember оптовая цена э/э,Latvia,46.08,EUR/МВт·ч,european_wholesale_electricity_price_data_monthly.csv,
2018-03-01,Ember оптовая цена э/э,Lithuania,46.08,EUR/МВт·ч,european_wholesale_electricity_price_data_monthly.csv,
2018-03-01,Ember оптовая цена э/э,Luxembourg,37.36,EUR/МВт·ч,european_wholesale_electricity_price_data_monthly.csv,
2018-03-01,Ember оптовая цена э/э,Netherlands,51.82,EUR/МВт·ч,european_wholesale_electricity_price_data_monthly.csv,
2018-03-01,Ember оптовая цена э/э,Norway,43.61,EUR/МВт·ч,european_wholesale_electricity_price_data_monthly.csv,
2018-03-01,Ember оптовая цена э/э,Poland,48.8,EUR/МВт·ч,european_wholesale_electricity_price_data_monthly.csv,
2018-03-01,Ember оптовая цена э/э,Portugal,39.72,EUR/МВт·ч,european_wholesale_electricity_price_data_monthly.csv,
2018-03-01,Ember оптовая цена э/э,Romania,33.43,EUR/МВт·ч,european_wholesale_electricity_price_data_monthly.csv,
2018-03-01,Ember оптовая цена э/э,Serbia,34.45,EUR/МВт·ч,european_wholesale_electricity_price_data_monthly.csv,
2018-03-01,Ember оптовая цена э/э,Slovakia,39.6,EUR/МВт·ч,european_wholesale_electricity_price_data_monthly.csv,
2018-03-01,Ember оптовая цена э/э,Slovenia,42.25,EUR/МВт·ч,european_wholesale_electricity_price_data_monthly.csv,
2018-03-01,Ember оптовая цена э/э,Spain,40.16,EUR/МВт·ч,european_wholesale_electricity_price_data_monthly.csv,
2018-03-01,Ember оптовая цена э/э,Sweden,44.86,EUR/МВт·ч,european_wholesale_electricity_price_data_monthly.csv,
2018-03-01,Ember оптовая цена э/э,Switzerland,53.18,EUR/МВт·ч,european_wholesale_electricity_price_data_monthly.csv,
2018-03-01,Ember оптовая цена э/э,United Kingdom,64.01,EUR/МВт·ч,european_wholesale_electricity_price_data_monthly.csv,
2018-04-01,Ember оптовая цена э/э,Austria,33.7,EUR/МВт·ч,european_wholesale_electricity_price_data_monthly.csv,
2018-04-01,Ember оптовая цена э/э,Belgium,37.74,EUR/МВт·ч,european_wholesale_electricity_price_data_monthly.csv,
2018-04-01,Ember оптовая цена э/э,Bulgaria,28.35,EUR/МВт·ч,european_wholesale_electricity_price_data_monthly.csv,
2018-04-01,Ember оптовая цена э/э,Croatia,34.14,EUR/МВт·ч,european_wholesale_electricity_price_data_monthly.csv,
2018-04-01,Ember оптовая цена э/э,Czechia,31.81,EUR/МВт·ч,european_wholesale_electricity_price_data_monthly.csv,
2018-04-01,Ember оптовая цена э/э,Denmark,35.95,EUR/МВт·ч,european_wholesale_electricity_price_data_monthly.csv,
2018-04-01,Ember оптовая цена э/э,Estonia,39.86,EUR/МВт·ч,european_wholesale_electricity_price_data_monthly.csv,
2018-04-01,Ember оптовая цена э/э,Finland,40.14,EUR/МВт·ч,european_wholesale_electricity_price_data_monthly.csv,
2018-04-01,Ember оптовая цена э/э,France,33.55,EUR/МВт·ч,european_wholesale_electricity_price_data_monthly.csv,
2018-04-01,Ember оптовая цена э/э,Germany,36.33,EUR/МВт·ч,european_wholesale_electricity_price_data_monthly.csv,
2018-04-01,Ember оптовая цена э/э,Greece,50.41,EUR/МВт·ч,european_wholesale_electricity_price_data_monthly.csv,
2018-04-01,Ember оптовая цена э/э,Hungary,31.87,EUR/МВт·ч,european_wholesale_electricity_price_data_monthly.csv,
2018-04-01,Ember оптовая цена э/э,Italy,49.42,EUR/МВт·ч,european_wholesale_electricity_price_data_monthly.csv,
2018-04-01,Ember оптовая цена э/э,Latvia,39.96,EUR/МВт·ч,european_wholesale_electricity_price_data_monthly.csv,
2018-04-01,Ember оптовая цена э/э,Lithuania,40.11,EUR/МВт·ч,european_wholesale_electricity_price_data_monthly.csv,
2018-04-01,Ember оптовая цена э/э,Luxembourg,36.33,EUR/МВт·ч,european_wholesale_electricity_price_data_monthly.csv,
2018-04-01,Ember оптовая цена э/э,Netherlands,39.72,EUR/МВт·ч,european_wholesale_electricity_price_data_monthly.csv,
2018-04-01,Ember оптовая цена э/э,Norway,38.91,EUR/МВт·ч,european_wholesale_electricity_price_data_monthly.csv,
2018-04-01,Ember оптовая цена э/э,Poland,43.19,EUR/МВт·ч,european_wholesale_electricity_price_data_monthly.csv,
2018-04-01,Ember оптовая цена э/э,Portugal,42.68,EUR/МВт·ч,european_wholesale_electricity_price_data_monthly.csv,
2018-04-01,Ember оптовая цена э/э,Romania,26.04,EUR/МВт·ч,european_wholesale_electricity_price_data_monthly.csv,
2018-04-01,Ember оптовая цена э/э,Serbia,28.84,EUR/МВт·ч,european_wholesale_electricity_price_data_monthly.csv,
2018-04-01,Ember оптовая цена э/э,Slovakia,31.75,EUR/МВт·ч,european_wholesale_electricity_price_data_monthly.csv,
2018-04-01,Ember оптовая цена э/э,Slovenia,32.23,EUR/МВт·ч,european_wholesale_electricity_price_data_monthly.csv,
2018-04-01,Ember оптовая цена э/э,Spain,42.69,EUR/МВт·ч,european_wholesale_electricity_price_data_monthly.csv,
2018-04-01,Ember оптовая цена э/э,Sweden,38.83,EUR/МВт·ч,european_wholesale_electricity_price_data_monthly.csv,
2018-04-01,Ember оптовая цена э/э,Switzerland,34.08,EUR/МВт·ч,european_wholesale_electricity_price_data_monthly.csv,
2018-04-01,Ember оптовая цена э/э,United Kingdom,58.13,EUR/МВт·ч,european_wholesale_electricity_price_data_monthly.csv,
2018-05-01,Ember оптовая цена э/э,Austria,34.55,EUR/МВт·ч,european_wholesale_electricity_price_data_monthly.csv,
2018-05-01,Ember оптовая цена э/э,Belgium,44.56,EUR/МВт·ч,european_wholesale_electricity_price_data_monthly.csv,
2018-05-01,Ember оптовая цена э/э,Bulgaria,37.31,EUR/МВт·ч,european_wholesale_electricity_price_data_monthly.csv,
2018-05-01,Ember оптовая цена э/э,Croatia,42.16,EUR/МВт·ч,european_wholesale_electricity_price_data_monthly.csv,
2018-05-01,Ember оптовая цена э/э,Czechia,34.58,EUR/МВт·ч,european_wholesale_electricity_price_data_monthly.csv,
2018-05-01,Ember оптовая цена э/э,Denmark,36.14,EUR/МВт·ч,european_wholesale_electricity_price_data_monthly.csv,
2018-05-01,Ember оптовая цена э/э,Estonia,38.73,EUR/МВт·ч,european_wholesale_electricity_price_data_monthly.csv,
2018-05-01,Ember оптовая цена э/э,Finland,38.7,EUR/МВт·ч,european_wholesale_electricity_price_data_monthly.csv,
2018-05-01,Ember оптовая цена э/э,France,34.5,EUR/МВт·ч,european_wholesale_electricity_price_data_monthly.csv,
2018-05-01,Ember оптовая цена э/э,Germany,37.18,EUR/МВт·ч,european_wholesale_electricity_price_data_monthly.csv,
2018-05-01,Ember оптовая цена э/э,Greece,56.36,EUR/МВт·ч,european_wholesale_electricity_price_data_monthly.csv,
2018-05-01,Ember оптовая цена э/э,Hungary,42.27,EUR/МВт·ч,european_wholesale_electricity_price_data_monthly.csv,
2018-05-01,Ember оптовая цена э/э,Italy,53.52,EUR/МВт·ч,european_wholesale_electricity_price_data_monthly.csv,
2018-05-01,Ember оптовая цена э/э,Latvia,43.76,EUR/МВт·ч,european_wholesale_electricity_price_data_monthly.csv,
2018-05-01,Ember оптовая цена э/э,Lithuania,43.76,EUR/МВт·ч,european_wholesale_electricity_price_data_monthly.csv,
2018-05-01,Ember оптовая цена э/э,Luxembourg,37.18,EUR/МВт·ч,european_wholesale_electricity_price_data_monthly.csv,
2018-05-01,Ember оптовая цена э/э,Netherlands,47.08,EUR/МВт·ч,european_wholesale_electricity_price_data_monthly.csv,
2018-05-01,Ember оптовая цена э/э,Norway,33.6,EUR/МВт·ч,european_wholesale_electricity_price_data_monthly.csv,
2018-05-01,Ember оптовая цена э/э,Poland,51.23,EUR/МВт·ч,european_wholesale_electricity_price_data_monthly.csv,
2018-05-01,Ember оптовая цена э/э,Portugal,55.15,EUR/МВт·ч,european_wholesale_electricity_price_data_monthly.csv,
2018-05-01,Ember оптовая цена э/э,Romania,40.96,EUR/МВт·ч,european_wholesale_electricity_price_data_monthly.csv,
2018-05-01,Ember оптовая цена э/э,Serbia,41.02,EUR/МВт·ч,european_wholesale_electricity_price_data_monthly.csv,
2018-05-01,Ember оптовая цена э/э,Slovakia,36.08,EUR/МВт·ч,european_wholesale_electricity_price_data_monthly.csv,
2018-05-01,Ember оптовая цена э/э,Slovenia,40.84,EUR/МВт·ч,european_wholesale_electricity_price_data_monthly.csv,
2018-05-01,Ember оптовая цена э/э,Spain,54.98,EUR/МВт·ч,european_wholesale_electricity_price_data_monthly.csv,
2018-05-01,Ember оптовая цена э/э,Sweden,33.33,EUR/МВт·ч,european_wholesale_electricity_price_data_monthly.csv,
2018-05-01,Ember оптовая цена э/э,Switzerland,33.22,EUR/МВт·ч,european_wholesale_electricity_price_data_monthly.csv,
2018-05-01,Ember оптовая цена э/э,United Kingdom,60.75,EUR/МВт·ч,european_wholesale_electricity_price_data_monthly.csv,
2018-06-01,Ember оптовая цена э/э,Austria,38.92,EUR/МВт·ч,european_wholesale_electricity_price_data_monthly.csv,
2018-06-01,Ember оптовая цена э/э,Belgium,49.93,EUR/МВт·ч,european_wholesale_electricity_price_data_monthly.csv,
2018-06-01,Ember оптовая цена э/э,Bulgaria,36.05,EUR/МВт·ч,european_wholesale_electricity_price_data_monthly.csv,
2018-06-01,Ember оптовая цена э/э,Croatia,51.75,EUR/МВт·ч,european_wholesale_electricity_price_data_monthly.csv,
2018-06-01,Ember оптовая цена э/э,Czechia,44.02,EUR/МВт·ч,european_wholesale_electricity_price_data_monthly.csv,
2018-06-01,Ember оптовая цена э/э,Denmark,46.33,EUR/МВт·ч,european_wholesale_electricity_price_data_monthly.csv,
2018-06-01,Ember оптовая цена э/э,Estonia,47.81,EUR/МВт·ч,european_wholesale_electricity_price_data_monthly.csv,
2018-06-01,Ember оптовая цена э/э,Finland,47.18,EUR/МВт·ч,european_wholesale_electricity_price_data_monthly.csv,
2018-06-01,Ember оптовая цена э/э,France,42.29,EUR/МВт·ч,european_wholesale_electricity_price_data_monthly.csv,
2018-06-01,Ember оптовая цена э/э,Germany,41.55,EUR/МВт·ч,european_wholesale_electricity_price_data_monthly.csv,
2018-06-01,Ember оптовая цена э/э,Greece,60.68,EUR/МВт·ч,european_wholesale_electricity_price_data_monthly.csv,
2018-06-01,Ember оптовая цена э/э,Hungary,51.26,EUR/МВт·ч,european_wholesale_electricity_price_data_monthly.csv,
2018-06-01,Ember оптовая цена э/э,Italy,57.27,EUR/МВт·ч,european_wholesale_electricity_price_data_monthly.csv,
2018-06-01,Ember оптовая цена э/э,Latvia,50.92,EUR/МВт·ч,european_wholesale_electricity_price_data_monthly.csv,
2018-06-01,Ember оптовая цена э/э,Lithuania,51.06,EUR/МВт·ч,european_wholesale_electricity_price_data_monthly.csv,
2018-06-01,Ember оптовая цена э/э,Luxembourg,41.55,EUR/МВт·ч,european_wholesale_electricity_price_data_monthly.csv,
2018-06-01,Ember оптовая цена э/э,Netherlands,51.36,EUR/МВт·ч,european_wholesale_electricity_price_data_monthly.csv,
2018-06-01,Ember оптовая цена э/э,Norway,44.82,EUR/МВт·ч,european_wholesale_electricity_price_data_monthly.csv,
2018-06-01,Ember оптовая цена э/э,Poland,52.92,EUR/МВт·ч,european_wholesale_electricity_price_data_monthly.csv,
2018-06-01,Ember оптовая цена э/э,Portugal,58.47,EUR/МВт·ч,european_wholesale_electricity_price_data_monthly.csv,
2018-06-01,Ember оптовая цена э/э,Romania,47.46,EUR/МВт·ч,european_wholesale_electricity_price_data_monthly.csv,
2018-06-01,Ember оптовая цена э/э,Serbia,51.07,EUR/МВт·ч,european_wholesale_electricity_price_data_monthly.csv,
2018-06-01,Ember оптовая цена э/э,Slovakia,48.78,EUR/МВт·ч,european_wholesale_electricity_price_data_monthly.csv,
2018-06-01,Ember оптовая цена э/э,Slovenia,50.68,EUR/МВт·ч,european_wholesale_electricity_price_data_monthly.csv,
2018-06-01,Ember оптовая цена э/э,Spain,58.45,EUR/МВт·ч,european_wholesale_electricity_price_data_monthly.csv,
2018-06-01,Ember оптовая цена э/э,Sweden,44.65,EUR/МВт·ч,european_wholesale_electricity_price_data_monthly.csv,
2018-06-01,Ember оптовая цена э/э,Switzerland,43.15,EUR/МВт·ч,european_wholesale_electricity_price_data_monthly.csv,
2018-06-01,Ember оптовая цена э/э,United Kingdom,61.45,EUR/МВт·ч,european_wholesale_electricity_price_data_monthly.csv,
2018-07-01,Ember оптовая цена э/э,Austria,42.52,EUR/МВт·ч,european_wholesale_electricity_price_data_monthly.csv,
2018-07-01,Ember оптовая цена э/э,Belgium,52.96,EUR/МВт·ч,european_wholesale_electricity_price_data_monthly.csv,
2018-07-01,Ember оптовая цена э/э,Bulgaria,33.23,EUR/МВт·ч,european_wholesale_electricity_price_data_monthly.csv,
2018-07-01,Ember оптовая цена э/э,Croatia,51.54,EUR/МВт·ч,european_wholesale_electricity_price_data_monthly.csv,
2018-07-01,Ember оптовая цена э/э,Czechia,49.73,EUR/МВт·ч,european_wholesale_electricity_price_data_monthly.csv,
2018-07-01,Ember оптовая цена э/э,Denmark,52.63,EUR/МВт·ч,european_wholesale_electricity_price_data_monthly.csv,
2018-07-01,Ember оптовая цена э/э,Estonia,54.07,EUR/МВт·ч,european_wholesale_electricity_price_data_monthly.csv,
2018-07-01,Ember оптовая цена э/э,Finland,54.01,EUR/МВт·ч,european_wholesale_electricity_price_data_monthly.csv,
2018-07-01,Ember оптовая цена э/э,France,51.44,EUR/МВт·ч,european_wholesale_electricity_price_data_monthly.csv,
2018-07-01,Ember оптовая цена э/э,Germany,45.14,EUR/МВт·ч,european_wholesale_electricity_price_data_monthly.csv,
2018-07-01,Ember оптовая цена э/э,Greece,64.44,EUR/МВт·ч,european_wholesale_electricity_price_data_monthly.csv,
2018-07-01,Ember оптовая цена э/э,Hungary,50.99,EUR/МВт·ч,european_wholesale_electricity_price_data_monthly.csv,
2018-07-01,Ember оптовая цена э/э,Italy,62.73,EUR/МВт·ч,european_wholesale_electricity_price_data_monthly.csv,
2018-07-01,Ember оптовая цена э/э,Latvia,54.57,EUR/МВт·ч,european_wholesale_electricity_price_data_monthly.csv,
2018-07-01,Ember оптовая цена э/э,Lithuania,54.57,EUR/МВт·ч,european_wholesale_electricity_price_data_monthly.csv,
2018-07-01,Ember оптовая цена э/э,Luxembourg,45.14,EUR/МВт·ч,european_wholesale_electricity_price_data_monthly.csv,
2018-07-01,Ember оптовая цена э/э,Netherlands,53.3,EUR/МВт·ч,european_wholesale_electricity_price_data_monthly.csv,
2018-07-01,Ember оптовая цена э/э,Norway,51.76,EUR/МВт·ч,european_wholesale_electricity_price_data_monthly.csv,
2018-07-01,Ember оптовая цена э/э,Poland,52.58,EUR/МВт·ч,european_wholesale_electricity_price_data_monthly.csv,
2018-07-01,Ember оптовая цена э/э,Portugal,61.84,EUR/МВт·ч,european_wholesale_electricity_price_data_monthly.csv,
2018-07-01,Ember оптовая цена э/э,Romania,39.1,EUR/МВт·ч,european_wholesale_electricity_price_data_monthly.csv,
2018-07-01,Ember оптовая цена э/э,Serbia,51.07,EUR/МВт·ч,european_wholesale_electricity_price_data_monthly.csv,
2018-07-01,Ember оптовая цена э/э,Slovakia,50.38,EUR/МВт·ч,european_wholesale_electricity_price_data_monthly.csv,
2018-07-01,Ember оптовая цена э/э,Slovenia,51.54,EUR/МВт·ч,european_wholesale_electricity_price_data_monthly.csv,
2018-07-01,Ember оптовая цена э/э,Spain,61.88,EUR/МВт·ч,european_wholesale_electricity_price_data_monthly.csv,
2018-07-01,Ember оптовая цена э/э,Sweden,52.55,EUR/МВт·ч,european_wholesale_electricity_price_data_monthly.csv,
2018-07-01,Ember оптовая цена э/э,Switzerland,50.54,EUR/МВт·ч,european_wholesale_electricity_price_data_monthly.csv,
2018-07-01,Ember оптовая цена э/э,United Kingdom,64.08,EUR/МВт·ч,european_wholesale_electricity_price_data_monthly.csv,
2018-08-01,Ember оптовая цена э/э,Austria,45.83,EUR/МВт·ч,european_wholesale_electricity_price_data_monthly.csv,
2018-08-01,Ember оптовая цена э/э,Belgium,60.74,EUR/МВт·ч,european_wholesale_electricity_price_data_monthly.csv,
2018-08-01,Ember оптовая цена э/э,Bulgaria,40.05,EUR/МВт·ч,european_wholesale_electricity_price_data_monthly.csv,
2018-08-01,Ember оптовая цена э/э,Croatia,60.85,EUR/МВт·ч,european_wholesale_electricity_price_data_monthly.csv,
2018-08-01,Ember оптовая цена э/э,Czechia,57.75,EUR/МВт·ч,european_wholesale_electricity_price_data_monthly.csv,
2018-08-01,Ember оптовая цена э/э,Denmark,56.16,EUR/МВт·ч,european_wholesale_electricity_price_data_monthly.csv,
2018-08-01,Ember оптовая цена э/э,Estonia,55.4,EUR/МВт·ч,european_wholesale_electricity_price_data_monthly.csv,
2018-08-01,Ember оптовая цена э/э,Finland,55.5,EUR/МВт·ч,european_wholesale_electricity_price_data_monthly.csv,
2018-08-01,Ember оптовая цена э/э,France,58.49,EUR/МВт·ч,european_wholesale_electricity_price_data_monthly.csv,
2018-08-01,Ember оптовая цена э/э,Germany,48.46,EUR/МВт·ч,european_wholesale_electricity_price_data_monthly.csv,
2018-08-01,Ember оптовая цена э/э,Greece,63.84,EUR/МВт·ч,european_wholesale_electricity_price_data_monthly.csv,
2018-08-01,Ember оптовая цена э/э,Hungary,60.48,EUR/МВт·ч,european_wholesale_electricity_price_data_monthly.csv,
2018-08-01,Ember оптовая цена э/э,Italy,67.52,EUR/МВт·ч,european_wholesale_electricity_price_data_monthly.csv,
2018-08-01,Ember оптовая цена э/э,Latvia,59.07,EUR/МВт·ч,european_wholesale_electricity_price_data_monthly.csv,
2018-08-01,Ember оптовая цена э/э,Lithuania,59.05,EUR/МВт·ч,european_wholesale_electricity_price_data_monthly.csv,
2018-08-01,Ember оптовая цена э/э,Luxembourg,48.46,EUR/МВт·ч,european_wholesale_electricity_price_data_monthly.csv,
2018-08-01,Ember оптовая цена э/э,Netherlands,58.02,EUR/МВт·ч,european_wholesale_electricity_price_data_monthly.csv,
2018-08-01,Ember оптовая цена э/э,Norway,50.97,EUR/МВт·ч,european_wholesale_electricity_price_data_monthly.csv,
2018-08-01,Ember оптовая цена э/э,Poland,59.47,EUR/МВт·ч,european_wholesale_electricity_price_data_monthly.csv,
2018-08-01,Ember оптовая цена э/э,Portugal,64.3,EUR/МВт·ч,european_wholesale_electricity_price_data_monthly.csv,
2018-08-01,Ember оптовая цена э/э,Romania,52.36,EUR/МВт·ч,european_wholesale_electricity_price_data_monthly.csv,
2018-08-01,Ember оптовая цена э/э,Serbia,61.03,EUR/МВт·ч,european_wholesale_electricity_price_data_monthly.csv,
2018-08-01,Ember оптовая цена э/э,Slovakia,59.39,EUR/МВт·ч,european_wholesale_electricity_price_data_monthly.csv,
2018-08-01,Ember оптовая цена э/э,Slovenia,60.85,EUR/МВт·ч,european_wholesale_electricity_price_data_monthly.csv,
2018-08-01,Ember оптовая цена э/э,Spain,64.34,EUR/МВт·ч,european_wholesale_electricity_price_data_monthly.csv,
2018-08-01,Ember оптовая цена э/э,Sweden,54.64,EUR/МВт·ч,european_wholesale_electricity_price_data_monthly.csv,
2018-08-01,Ember оптовая цена э/э,Switzerland,58.18,EUR/МВт·ч,european_wholesale_electricity_price_data_monthly.csv,
2018-08-01,Ember оптовая цена э/э,United Kingdom,67.59,EUR/МВт·ч,european_wholesale_electricity_price_data_monthly.csv,
2018-09-01,Ember оптовая цена э/э,Austria,45.13,EUR/МВт·ч,european_wholesale_electricity_price_data_monthly.csv,
2018-09-01,Ember оптовая цена э/э,Belgium,68.72,EUR/МВт·ч,european_wholesale_electricity_price_data_monthly.csv,
2018-09-01,Ember оптовая цена э/э,Bulgaria,47.21,EUR/МВт·ч,european_wholesale_electricity_price_data_monthly.csv,
2018-09-01,Ember оптовая цена э/э,Croatia,64.16,EUR/МВт·ч,european_wholesale_electricity_price_data_monthly.csv,
2018-09-01,Ember оптовая цена э/э,Czechia,55.85,EUR/МВт·ч,european_wholesale_electricity_price_data_monthly.csv,
2018-09-01,Ember оптовая цена э/э,Denmark,50.6,EUR/МВт·ч,european_wholesale_electricity_price_data_monthly.csv,
2018-09-01,Ember оптовая цена э/э,Estonia,50.93,EUR/МВт·ч,european_wholesale_electricity_price_data_monthly.csv,
2018-09-01,Ember оптовая цена э/э,Finland,50.96,EUR/МВт·ч,european_wholesale_electricity_price_data_monthly.csv,
2018-09-01,Ember оптовая цена э/э,France,61.95,EUR/МВт·ч,european_wholesale_electricity_price_data_monthly.csv,
2018-09-01,Ember оптовая цена э/э,Germany,47.76,EUR/МВт·ч,european_wholesale_electricity_price_data_monthly.csv,
2018-09-01,Ember оптовая цена э/э,Greece,67.06,EUR/МВт·ч,european_wholesale_electricity_price_data_monthly.csv,
2018-09-01,Ember оптовая цена э/э,Hungary,62.9,EUR/МВт·ч,european_wholesale_electricity_price_data_monthly.csv,
2018-09-01,Ember оптовая цена э/э,Italy,76.26,EUR/МВт·ч,european_wholesale_electricity_price_data_monthly.csv,
2018-09-01,Ember оптовая цена э/э,Latvia,58.95,EUR/МВт·ч,european_wholesale_electricity_price_data_monthly.csv,
2018-09-01,Ember оптовая цена э/э,Lithuania,59.07,EUR/МВт·ч,european_wholesale_electricity_price_data_monthly.csv,
2018-09-01,Ember оптовая цена э/э,Luxembourg,47.76,EUR/МВт·ч,european_wholesale_electricity_price_data_monthly.csv,
2018-09-01,Ember оптовая цена э/э,Netherlands,63.32,EUR/МВт·ч,european_wholesale_electricity_price_data_monthly.csv,
2018-09-01,Ember оптовая цена э/э,Norway,47.07,EUR/МВт·ч,european_wholesale_electricity_price_data_monthly.csv,
2018-09-01,Ember оптовая цена э/э,Poland,63.12,EUR/МВт·ч,european_wholesale_electricity_price_data_monthly.csv,
2018-09-01,Ember оптовая цена э/э,Portugal,71.28,EUR/МВт·ч,european_wholesale_electricity_price_data_monthly.csv,
2018-09-01,Ember оптовая цена э/э,Romania,59.36,EUR/МВт·ч,european_wholesale_electricity_price_data_monthly.csv,
2018-09-01,Ember оптовая цена э/э,Serbia,63.64,EUR/МВт·ч,european_wholesale_electricity_price_data_monthly.csv,
2018-09-01,Ember оптовая цена э/э,Slovakia,61.8,EUR/МВт·ч,european_wholesale_electricity_price_data_monthly.csv,
2018-09-01,Ember оптовая цена э/э,Slovenia,64.13,EUR/МВт·ч,european_wholesale_electricity_price_data_monthly.csv,
2018-09-01,Ember оптовая цена э/э,Spain,71.25,EUR/МВт·ч,european_wholesale_electricity_price_data_monthly.csv,
2018-09-01,Ember оптовая цена э/э,Sweden,49.72,EUR/МВт·ч,european_wholesale_electricity_price_data_monthly.csv,
2018-09-01,Ember оптовая цена э/э,Switzerland,61.53,EUR/МВт·ч,european_wholesale_electricity_price_data_monthly.csv,
2018-09-01,Ember оптовая цена э/э,United Kingdom,74.41,EUR/МВт·ч,european_wholesale_electricity_price_data_monthly.csv,
2018-10-01,Ember оптовая цена э/э,Austria,48.55,EUR/МВт·ч,european_wholesale_electricity_price_data_monthly.csv,
2018-10-01,Ember оптовая цена э/э,Belgium,76.05,EUR/МВт·ч,european_wholesale_electricity_price_data_monthly.csv,
2018-10-01,Ember оптовая цена э/э,Bulgaria,52.01,EUR/МВт·ч,european_wholesale_electricity_price_data_monthly.csv,
2018-10-01,Ember оптовая цена э/э,Croatia,64.1,EUR/МВт·ч,european_wholesale_electricity_price_data_monthly.csv,
2018-10-01,Ember оптовая цена э/э,Czechia,56.2,EUR/МВт·ч,european_wholesale_electricity_price_data_monthly.csv,
2018-10-01,Ember оптовая цена э/э,Denmark,48.79,EUR/МВт·ч,european_wholesale_electricity_price_data_monthly.csv,
2018-10-01,Ember оптовая цена э/э,Estonia,46.41,EUR/МВт·ч,european_wholesale_electricity_price_data_monthly.csv,
2018-10-01,Ember оптовая цена э/э,Finland,46.36,EUR/МВт·ч,european_wholesale_electricity_price_data_monthly.csv,
2018-10-01,Ember оптовая цена э/э,France,65.66,EUR/МВт·ч,european_wholesale_electricity_price_data_monthly.csv,
2018-10-01,Ember оптовая цена э/э,Germany,53.22,EUR/МВт·ч,european_wholesale_electricity_price_data_monthly.csv,
2018-10-01,Ember оптовая цена э/э,Greece,71.43,EUR/МВт·ч,european_wholesale_electricity_price_data_monthly.csv,
2018-10-01,Ember оптовая цена э/э,Hungary,64.49,EUR/МВт·ч,european_wholesale_electricity_price_data_monthly.csv,
2018-10-01,Ember оптовая цена э/э,Ireland,72.8,EUR/МВт·ч,european_wholesale_electricity_price_data_monthly.csv,
2018-10-01,Ember оптовая цена э/э,Italy,73.94,EUR/МВт·ч,european_wholesale_electricity_price_data_monthly.csv,
2018-10-01,Ember оптовая цена э/э,Latvia,55.06,EUR/МВт·ч,european_wholesale_electricity_price_data_monthly.csv,
2018-10-01,Ember оптовая цена э/э,Lithuania,55.7,EUR/МВт·ч,european_wholesale_electricity_price_data_monthly.csv,
2018-10-01,Ember оптовая цена э/э,Luxembourg,53.22,EUR/МВт·ч,european_wholesale_electricity_price_data_monthly.csv,
2018-10-01,Ember оптовая цена э/э,Netherlands,59.93,EUR/МВт·ч,european_wholesale_electricity_price_data_monthly.csv,
2018-10-01,Ember оптовая цена э/э,Norway,42.07,EUR/МВт·ч,european_wholesale_electricity_price_data_monthly.csv,
2018-10-01,Ember оптовая цена э/э,Poland,58.94,EUR/МВт·ч,european_wholesale_electricity_price_data_monthly.csv,
2018-10-01,Ember оптовая цена э/э,Portugal,65.41,EUR/МВт·ч,european_wholesale_electricity_price_data_monthly.csv,
2018-10-01,Ember оптовая цена э/э,Romania,61.65,EUR/МВт·ч,european_wholesale_electricity_price_data_monthly.csv,
2018-10-01,Ember оптовая цена э/э,Serbia,64.24,EUR/МВт·ч,european_wholesale_electricity_price_data_monthly.csv,
2018-10-01,Ember оптовая цена э/э,Slovakia,61.78,EUR/МВт·ч,european_wholesale_electricity_price_data_monthly.csv,
2018-10-01,Ember оптовая цена э/э,Slovenia,64.05,EUR/МВт·ч,european_wholesale_electricity_price_data_monthly.csv,
2018-10-01,Ember оптовая цена э/э,Spain,65.11,EUR/МВт·ч,european_wholesale_electricity_price_data_monthly.csv,
2018-10-01,Ember оптовая цена э/э,Sweden,45.29,EUR/МВт·ч,european_wholesale_electricity_price_data_monthly.csv,
2018-10-01,Ember оптовая цена э/э,Switzerland,72.97,EUR/МВт·ч,european_wholesale_electricity_price_data_monthly.csv,
2018-10-01,Ember оптовая цена э/э,United Kingdom,72.48,EUR/МВт·ч,european_wholesale_electricity_price_data_monthly.csv,
2018-11-01,Ember оптовая цена э/э,Austria,48.63,EUR/МВт·ч,european_wholesale_electricity_price_data_monthly.csv,
2018-11-01,Ember оптовая цена э/э,Belgium,77.73,EUR/МВт·ч,european_wholesale_electricity_price_data_monthly.csv,
2018-11-01,Ember оптовая цена э/э,Bulgaria,45.58,EUR/МВт·ч,european_wholesale_electricity_price_data_monthly.csv,
2018-11-01,Ember оптовая цена э/э,Croatia,63.3,EUR/МВт·ч,european_wholesale_electricity_price_data_monthly.csv,
2018-11-01,Ember оптовая цена э/э,Czechia,58.62,EUR/МВт·ч,european_wholesale_electricity_price_data_monthly.csv,
2018-11-01,Ember оптовая цена э/э,Denmark,54.3,EUR/МВт·ч,european_wholesale_electricity_price_data_monthly.csv,
2018-11-01,Ember оптовая цена э/э,Estonia,52.64,EUR/МВт·ч,european_wholesale_electricity_price_data_monthly.csv,
2018-11-01,Ember оптовая цена э/э,Finland,50.08,EUR/МВт·ч,european_wholesale_electricity_price_data_monthly.csv,
2018-11-01,Ember оптовая цена э/э,France,67.81,EUR/МВт·ч,european_wholesale_electricity_price_data_monthly.csv,
2018-11-01,Ember оптовая цена э/э,Germany,56.86,EUR/МВт·ч,european_wholesale_electricity_price_data_monthly.csv,
2018-11-01,Ember оптовая цена э/э,Greece,69.3,EUR/МВт·ч,european_wholesale_electricity_price_data_monthly.csv,
2018-11-01,Ember оптовая цена э/э,Hungary,63.69,EUR/МВт·ч,european_wholesale_electricity_price_data_monthly.csv,
2018-11-01,Ember оптовая цена э/э,Ireland,68.21,EUR/МВт·ч,european_wholesale_electricity_price_data_monthly.csv,
2018-11-01,Ember оптовая цена э/э,Italy,66.59,EUR/МВт·ч,european_wholesale_electricity_price_data_monthly.csv,
2018-11-01,Ember оптовая цена э/э,Latvia,55.25,EUR/МВт·ч,european_wholesale_electricity_price_data_monthly.csv,
2018-11-01,Ember оптовая цена э/э,Lithuania,55.42,EUR/МВт·ч,european_wholesale_electricity_price_data_monthly.csv,
2018-11-01,Ember оптовая цена э/э,Luxembourg,56.86,EUR/МВт·ч,european_wholesale_electricity_price_data_monthly.csv,
2018-11-01,Ember оптовая цена э/э,Netherlands,62.29,EUR/МВт·ч,european_wholesale_electricity_price_data_monthly.csv,
2018-11-01,Ember оптовая цена э/э,Norway,47.65,EUR/МВт·ч,european_wholesale_electricity_price_data_monthly.csv,
2018-11-01,Ember оптовая цена э/э,Poland,58.66,EUR/МВт·ч,european_wholesale_electricity_price_data_monthly.csv,
2018-11-01,Ember оптовая цена э/э,Portugal,62.01,EUR/МВт·ч,european_wholesale_electricity_price_data_monthly.csv,
2018-11-01,Ember оптовая цена э/э,Romania,60.62,EUR/МВт·ч,european_wholesale_electricity_price_data_monthly.csv,
2018-11-01,Ember оптовая цена э/э,Serbia,63.58,EUR/МВт·ч,european_wholesale_electricity_price_data_monthly.csv,
2018-11-01,Ember оптовая цена э/э,Slovakia,59.88,EUR/МВт·ч,european_wholesale_electricity_price_data_monthly.csv,
2018-11-01,Ember оптовая цена э/э,Slovenia,63.1,EUR/МВт·ч,european_wholesale_electricity_price_data_monthly.csv,
2018-11-01,Ember оптовая цена э/э,Spain,61.96,EUR/МВт·ч,european_wholesale_electricity_price_data_monthly.csv,
2018-11-01,Ember оптовая цена э/э,Sweden,50.23,EUR/МВт·ч,european_wholesale_electricity_price_data_monthly.csv,
2018-11-01,Ember оптовая цена э/э,Switzerland,65.18,EUR/МВт·ч,european_wholesale_electricity_price_data_monthly.csv,
2018-11-01,Ember оптовая цена э/э,United Kingdom,70.32,EUR/МВт·ч,european_wholesale_electricity_price_data_monthly.csv,
2018-12-01,Ember оптовая цена э/э,Austria,45.89,EUR/МВт·ч,european_wholesale_electricity_price_data_monthly.csv,
2018-12-01,Ember оптовая цена э/э,Belgium,59.66,EUR/МВт·ч,european_wholesale_electricity_price_data_monthly.csv,
2018-12-01,Ember оптовая цена э/э,Bulgaria,57.22,EUR/МВт·ч,european_wholesale_electricity_price_data_monthly.csv,
2018-12-01,Ember оптовая цена э/э,Croatia,63.58,EUR/МВт·ч,european_wholesale_electricity_price_data_monthly.csv,
2018-12-01,Ember оптовая цена э/э,Czechia,51.68,EUR/МВт·ч,european_wholesale_electricity_price_data_monthly.csv,
2018-12-01,Ember оптовая цена э/э,Denmark,47.66,EUR/МВт·ч,european_wholesale_electricity_price_data_monthly.csv,
2018-12-01,Ember оптовая цена э/э,Estonia,53.06,EUR/МВт·ч,european_wholesale_electricity_price_data_monthly.csv,
2018-12-01,Ember оптовая цена э/э,Finland,52.3,EUR/МВт·ч,european_wholesale_electricity_price_data_monthly.csv,
2018-12-01,Ember оптовая цена э/э,France,54.81,EUR/МВт·ч,european_wholesale_electricity_price_data_monthly.csv,
2018-12-01,Ember оптовая цена э/э,Germany,48.08,EUR/МВт·ч,european_wholesale_electricity_price_data_monthly.csv,
2018-12-01,Ember оптовая цена э/э,Greece,71.25,EUR/МВт·ч,european_wholesale_electricity_price_data_monthly.csv,
2018-12-01,Ember оптовая цена э/э,Hungary,65.05,EUR/МВт·ч,european_wholesale_electricity_price_data_monthly.csv,
2018-12-01,Ember оптовая цена э/э,Ireland,75.08,EUR/МВт·ч,european_wholesale_electricity_price_data_monthly.csv,
2018-12-01,Ember оптовая цена э/э,Italy,65.09,EUR/МВт·ч,european_wholesale_electricity_price_data_monthly.csv,
2018-12-01,Ember оптовая цена э/э,Latvia,53.6,EUR/МВт·ч,european_wholesale_electricity_price_data_monthly.csv,
2018-12-01,Ember оптовая цена э/э,Lithuania,53.6,EUR/МВт·ч,european_wholesale_electricity_price_data_monthly.csv,
2018-12-01,Ember оптовая цена э/э,Luxembourg,48.08,EUR/МВт·ч,european_wholesale_electricity_price_data_monthly.csv,
2018-12-01,Ember оптовая цена э/э,Netherlands,59.66,EUR/МВт·ч,european_wholesale_electricity_price_data_monthly.csv,
2018-12-01,Ember оптовая цена э/э,Norway,51.5,EUR/МВт·ч,european_wholesale_electricity_price_data_monthly.csv,
2018-12-01,Ember оптовая цена э/э,Poland,53.38,EUR/МВт·ч,european_wholesale_electricity_price_data_monthly.csv,
2018-12-01,Ember оптовая цена э/э,Portugal,61.86,EUR/МВт·ч,european_wholesale_electricity_price_data_monthly.csv,
2018-12-01,Ember оптовая цена э/э,Romania,64.21,EUR/МВт·ч,european_wholesale_electricity_price_data_monthly.csv,
2018-12-01,Ember оптовая цена э/э,Serbia,64.5,EUR/МВт·ч,european_wholesale_electricity_price_data_monthly.csv,
2018-12-01,Ember оптовая цена э/э,Slovakia,56.44,EUR/МВт·ч,european_wholesale_electricity_price_data_monthly.csv,
2018-12-01,Ember оптовая цена э/э,Slovenia,62.43,EUR/МВт·ч,european_wholesale_electricity_price_data_monthly.csv,
2018-12-01,Ember оптовая цена э/э,Spain,61.81,EUR/МВт·ч,european_wholesale_electricity_price_data_monthly.csv,
2018-12-01,Ember оптовая цена э/э,Sweden,50.86,EUR/МВт·ч,european_wholesale_electricity_price_data_monthly.csv,
2018-12-01,Ember оптовая цена э/э,Switzerland,57.69,EUR/МВт·ч,european_wholesale_electricity_price_data_monthly.csv,
2018-12-01,Ember оптовая цена э/э,United Kingdom,69.79,EUR/МВт·ч,european_wholesale_electricity_price_data_monthly.csv,
2019-01-01,Ember оптовая цена э/э,Austria,56.68,EUR/МВт·ч,european_wholesale_electricity_price_data_monthly.csv,
2019-01-01,Ember оптовая цена э/э,Belgium,60.48,EUR/МВт·ч,european_wholesale_electricity_price_data_monthly.csv,
2019-01-01,Ember оптовая цена э/э,Bulgaria,67.38,EUR/МВт·ч,european_wholesale_electricity_price_data_monthly.csv,
2019-01-01,Ember оптовая цена э/э,Croatia,69.32,EUR/МВт·ч,european_wholesale_electricity_price_data_monthly.csv,
2019-01-01,Ember оптовая цена э/э,Czechia,55.38,EUR/МВт·ч,european_wholesale_electricity_price_data_monthly.csv,
2019-01-01,Ember оптовая цена э/э,Denmark,50.88,EUR/МВт·ч,european_wholesale_electricity_price_data_monthly.csv,
2019-01-01,Ember оптовая цена э/э,Estonia,55.79,EUR/МВт·ч,european_wholesale_electricity_price_data_monthly.csv,
2019-01-01,Ember оптовая цена э/э,Finland,55.81,EUR/МВт·ч,european_wholesale_electricity_price_data_monthly.csv,
2019-01-01,Ember оптовая цена э/э,France,61.15,EUR/МВт·ч,european_wholesale_electricity_price_data_monthly.csv,
2019-01-01,Ember оптовая цена э/э,Germany,49.95,EUR/МВт·ч,european_wholesale_electricity_price_data_monthly.csv,
2019-01-01,Ember оптовая цена э/э,Greece,75.25,EUR/МВт·ч,european_wholesale_electricity_price_data_monthly.csv,
2019-01-01,Ember оптовая цена э/э,Hungary,73.23,EUR/МВт·ч,european_wholesale_electricity_price_data_monthly.csv,
2019-01-01,Ember оптовая цена э/э,Ireland,79.42,EUR/МВт·ч,european_wholesale_electricity_price_data_monthly.csv,
2019-01-01,Ember оптовая цена э/э,Italy,67.64,EUR/МВт·ч,european_wholesale_electricity_price_data_monthly.csv,
2019-01-01,Ember оптовая цена э/э,Latvia,56.65,EUR/МВт·ч,european_wholesale_electricity_price_data_monthly.csv,
2019-01-01,Ember оптовая цена э/э,Lithuania,56.53,EUR/МВт·ч,european_wholesale_electricity_price_data_monthly.csv,
2019-01-01,Ember оптовая цена э/э,Luxembourg,49.95,EUR/МВт·ч,european_wholesale_electricity_price_data_monthly.csv,
2019-01-01,Ember оптовая цена э/э,Netherlands,58.3,EUR/МВт·ч,european_wholesale_electricity_price_data_monthly.csv,
2019-01-01,Ember оптовая цена э/э,Norway,54.48,EUR/МВт·ч,european_wholesale_electricity_price_data_monthly.csv,
2019-01-01,Ember оптовая цена э/э,Poland,56.13,EUR/МВт·ч,european_wholesale_electricity_price_data_monthly.csv,
2019-01-01,Ember оптовая цена э/э,Portugal,62.66,EUR/МВт·ч,european_wholesale_electricity_price_data_monthly.csv,
2019-01-01,Ember оптовая цена э/э,Romania,74.92,EUR/МВт·ч,european_wholesale_electricity_price_data_monthly.csv,
2019-01-01,Ember оптовая цена э/э,Serbia,75.97,EUR/МВт·ч,european_wholesale_electricity_price_data_monthly.csv,
2019-01-01,Ember оптовая цена э/э,Slovakia,58.83,EUR/МВт·ч,european_wholesale_electricity_price_data_monthly.csv,
2019-01-01,Ember оптовая цена э/э,Slovenia,68.77,EUR/МВт·ч,european_wholesale_electricity_price_data_monthly.csv,
2019-01-01,Ember оптовая цена э/э,Spain,61.96,EUR/МВт·ч,european_wholesale_electricity_price_data_monthly.csv,
2019-01-01,Ember оптовая цена э/э,Sweden,54.34,EUR/МВт·ч,european_wholesale_electricity_price_data_monthly.csv,
2019-01-01,Ember оптовая цена э/э,Switzerland,62.34,EUR/МВт·ч,european_wholesale_electricity_price_data_monthly.csv,
2019-01-01,Ember оптовая цена э/э,United Kingdom,68.58,EUR/МВт·ч,european_wholesale_electricity_price_data_monthly.csv,
2019-02-01,Ember оптовая цена э/э,Austria,46.38,EUR/МВт·ч,european_wholesale_electricity_price_data_monthly.csv,
2019-02-01,Ember оптовая цена э/э,Belgium,47.57,EUR/МВт·ч,european_wholesale_electricity_price_data_monthly.csv,
2019-02-01,Ember оптовая цена э/э,Bulgaria,39.65,EUR/МВт·ч,european_wholesale_electricity_price_data_monthly.csv,
2019-02-01,Ember оптовая цена э/э,Croatia,49.73,EUR/МВт·ч,european_wholesale_electricity_price_data_monthly.csv,
2019-02-01,Ember оптовая цена э/э,Czechia,45.1,EUR/МВт·ч,european_wholesale_electricity_price_data_monthly.csv,
2019-02-01,Ember оптовая цена э/э,Denmark,43.25,EUR/МВт·ч,european_wholesale_electricity_price_data_monthly.csv,
2019-02-01,Ember оптовая цена э/э,Estonia,47.26,EUR/МВт·ч,european_wholesale_electricity_price_data_monthly.csv,
2019-02-01,Ember оптовая цена э/э,Finland,46.75,EUR/МВт·ч,european_wholesale_electricity_price_data_monthly.csv,
2019-02-01,Ember оптовая цена э/э,France,46.61,EUR/МВт·ч,european_wholesale_electricity_price_data_monthly.csv,
2019-02-01,Ember оптовая цена э/э,Germany,43.01,EUR/МВт·ч,european_wholesale_electricity_price_data_monthly.csv,
2019-02-01,Ember оптовая цена э/э,Greece,69.02,EUR/МВт·ч,european_wholesale_electricity_price_data_monthly.csv,
2019-02-01,Ember оптовая цена э/э,Hungary,49.54,EUR/МВт·ч,european_wholesale_electricity_price_data_monthly.csv,
2019-02-01,Ember оптовая цена э/э,Ireland,55.02,EUR/МВт·ч,european_wholesale_electricity_price_data_monthly.csv,
2019-02-01,Ember оптовая цена э/э,Italy,57.64,EUR/МВт·ч,european_wholesale_electricity_price_data_monthly.csv,
2019-02-01,Ember оптовая цена э/э,Latvia,47.26,EUR/МВт·ч,european_wholesale_electricity_price_data_monthly.csv,
2019-02-01,Ember оптовая цена э/э,Lithuania,46.95,EUR/МВт·ч,european_wholesale_electricity_price_data_monthly.csv,
2019-02-01,Ember оптовая цена э/э,Luxembourg,43.01,EUR/МВт·ч,european_wholesale_electricity_price_data_monthly.csv,
2019-02-01,Ember оптовая цена э/э,Netherlands,46.85,EUR/МВт·ч,european_wholesale_electricity_price_data_monthly.csv,
2019-02-01,Ember оптовая цена э/э,Norway,45.97,EUR/МВт·ч,european_wholesale_electricity_price_data_monthly.csv,
2019-02-01,Ember оптовая цена э/э,Poland,49.5,EUR/МВт·ч,european_wholesale_electricity_price_data_monthly.csv,
2019-02-01,Ember оптовая цена э/э,Portugal,54.73,EUR/МВт·ч,european_wholesale_electricity_price_data_monthly.csv,
2019-02-01,Ember оптовая цена э/э,Romania,48.55,EUR/МВт·ч,european_wholesale_electricity_price_data_monthly.csv,
2019-02-01,Ember оптовая цена э/э,Serbia,49.92,EUR/МВт·ч,european_wholesale_electricity_price_data_monthly.csv,
2019-02-01,Ember оптовая цена э/э,Slovakia,45.32,EUR/МВт·ч,european_wholesale_electricity_price_data_monthly.csv,
2019-02-01,Ember оптовая цена э/э,Slovenia,49.68,EUR/МВт·ч,european_wholesale_electricity_price_data_monthly.csv,
2019-02-01,Ember оптовая цена э/э,Spain,54.02,EUR/МВт·ч,european_wholesale_electricity_price_data_monthly.csv,
2019-02-01,Ember оптовая цена э/э,Sweden,45.56,EUR/МВт·ч,european_wholesale_electricity_price_data_monthly.csv,
2019-02-01,Ember оптовая цена э/э,Switzerland,48.73,EUR/МВт·ч,european_wholesale_electricity_price_data_monthly.csv,
2019-02-01,Ember оптовая цена э/э,United Kingdom,57.38,EUR/МВт·ч,european_wholesale_electricity_price_data_monthly.csv,
2019-03-01,Ember оптовая цена э/э,Austria,33.15,EUR/МВт·ч,european_wholesale_electricity_price_data_monthly.csv,
2019-03-01,Ember оптовая цена э/э,Belgium,37.61,EUR/МВт·ч,european_wholesale_electricity_price_data_monthly.csv,
2019-03-01,Ember оптовая цена э/э,Bulgaria,35.14,EUR/МВт·ч,european_wholesale_electricity_price_data_monthly.csv,
2019-03-01,Ember оптовая цена э/э,Croatia,39.56,EUR/МВт·ч,european_wholesale_electricity_price_data_monthly.csv,
2019-03-01,Ember оптовая цена э/э,Czechia,33.03,EUR/МВт·ч,european_wholesale_electricity_price_data_monthly.csv,
2019-03-01,Ember оптовая цена э/э,Denmark,34.39,EUR/МВт·ч,european_wholesale_electricity_price_data_monthly.csv,
2019-03-01,Ember оптовая цена э/э,Estonia,40.08,EUR/МВт·ч,european_wholesale_electricity_price_data_monthly.csv,
2019-03-01,Ember оптовая цена э/э,Finland,39.98,EUR/МВт·ч,european_wholesale_electricity_price_data_monthly.csv,
2019-03-01,Ember оптовая цена э/э,France,33.85,EUR/МВт·ч,european_wholesale_electricity_price_data_monthly.csv,
2019-03-01,Ember оптовая цена э/э,Germany,30.7,EUR/МВт·ч,european_wholesale_electricity_price_data_monthly.csv,
2019-03-01,Ember оптовая цена э/э,Greece,59.85,EUR/МВт·ч,european_wholesale_electricity_price_data_monthly.csv,
2019-03-01,Ember оптовая цена э/э,Hungary,39.69,EUR/МВт·ч,european_wholesale_electricity_price_data_monthly.csv,
2019-03-01,Ember оптовая цена э/э,Ireland,49.67,EUR/МВт·ч,european_wholesale_electricity_price_data_monthly.csv,
2019-03-01,Ember оптовая цена э/э,Italy,52.86,EUR/МВт·ч,european_wholesale_electricity_price_data_monthly.csv,
2019-03-01,Ember оптовая цена э/э,Latvia,40.05,EUR/МВт·ч,european_wholesale_electricity_price_data_monthly.csv,
2019-03-01,Ember оптовая цена э/э,Lithuania,39.97,EUR/МВт·ч,european_wholesale_electricity_price_data_monthly.csv,
2019-03-01,Ember оптовая цена э/э,Luxembourg,30.7,EUR/МВт·ч,european_wholesale_electricity_price_data_monthly.csv,
2019-03-01,Ember оптовая цена э/э,Netherlands,40.5,EUR/МВт·ч,european_wholesale_electricity_price_data_monthly.csv,
2019-03-01,Ember оптовая цена э/э,Norway,41.69,EUR/МВт·ч,european_wholesale_electricity_price_data_monthly.csv,
2019-03-01,Ember оптовая цена э/э,Poland,46.56,EUR/МВт·ч,european_wholesale_electricity_price_data_monthly.csv,
2019-03-01,Ember оптовая цена э/э,Portugal,49.22,EUR/МВт·ч,european_wholesale_electricity_price_data_monthly.csv,
2019-03-01,Ember оптовая цена э/э,Romania,38.45,EUR/МВт·ч,european_wholesale_electricity_price_data_monthly.csv,
2019-03-01,Ember оптовая цена э/э,Serbia,38.23,EUR/МВт·ч,european_wholesale_electricity_price_data_monthly.csv,
2019-03-01,Ember оптовая цена э/э,Slovakia,33.32,EUR/МВт·ч,european_wholesale_electricity_price_data_monthly.csv,
2019-03-01,Ember оптовая цена э/э,Slovenia,39.56,EUR/МВт·ч,european_wholesale_electricity_price_data_monthly.csv,
2019-03-01,Ember оптовая цена э/э,Spain,48.84,EUR/МВт·ч,european_wholesale_electricity_price_data_monthly.csv,
2019-03-01,Ember оптовая цена э/э,Sweden,39.38,EUR/МВт·ч,european_wholesale_electricity_price_data_monthly.csv,
2019-03-01,Ember оптовая цена э/э,Switzerland,35.77,EUR/МВт·ч,european_wholesale_electricity_price_data_monthly.csv,
2019-03-01,Ember оптовая цена э/э,United Kingdom,51.61,EUR/МВт·ч,european_wholesale_electricity_price_data_monthly.csv,
2019-04-01,Ember оптовая цена э/э,Austria,38.25,EUR/МВт·ч,european_wholesale_electricity_price_data_monthly.csv,
2019-04-01,Ember оптовая цена э/э,Belgium,37.92,EUR/МВт·ч,european_wholesale_electricity_price_data_monthly.csv,
2019-04-01,Ember оптовая цена э/э,Bulgaria,41.59,EUR/МВт·ч,european_wholesale_electricity_price_data_monthly.csv,
2019-04-01,Ember оптовая цена э/э,Croatia,45.63,EUR/МВт·ч,european_wholesale_electricity_price_data_monthly.csv,
2019-04-01,Ember оптовая цена э/э,Czechia,38.01,EUR/МВт·ч,european_wholesale_electricity_price_data_monthly.csv,
2019-04-01,Ember оптовая цена э/э,Denmark,39.41,EUR/МВт·ч,european_wholesale_electricity_price_data_monthly.csv,
2019-04-01,Ember оптовая цена э/э,Estonia,42.11,EUR/МВт·ч,european_wholesale_electricity_price_data_monthly.csv,
2019-04-01,Ember оптовая цена э/э,Finland,41.37,EUR/МВт·ч,european_wholesale_electricity_price_data_monthly.csv,
2019-04-01,Ember оптовая цена э/э,France,38.12,EUR/МВт·ч,european_wholesale_electricity_price_data_monthly.csv,
2019-04-01,Ember оптовая цена э/э,Germany,37.54,EUR/МВт·ч,european_wholesale_electricity_price_data_monthly.csv,
2019-04-01,Ember оптовая цена э/э,Greece,62.39,EUR/МВт·ч,european_wholesale_electricity_price_data_monthly.csv,
2019-04-01,Ember оптовая цена э/э,Hungary,46.48,EUR/МВт·ч,european_wholesale_electricity_price_data_monthly.csv,
2019-04-01,Ember оптовая цена э/э,Ireland,49.44,EUR/МВт·ч,european_wholesale_electricity_price_data_monthly.csv,
2019-04-01,Ember оптовая цена э/э,Italy,53.39,EUR/МВт·ч,european_wholesale_electricity_price_data_monthly.csv,
2019-04-01,Ember оптовая цена э/э,Latvia,43.44,EUR/МВт·ч,european_wholesale_electricity_price_data_monthly.csv,
2019-04-01,Ember оптовая цена э/э,Lithuania,43.44,EUR/МВт·ч,european_wholesale_electricity_price_data_monthly.csv,
2019-04-01,Ember оптовая цена э/э,Luxembourg,37.54,EUR/МВт·ч,european_wholesale_electricity_price_data_monthly.csv,
2019-04-01,Ember оптовая цена э/э,Netherlands,40.84,EUR/МВт·ч,european_wholesale_electricity_price_data_monthly.csv,
2019-04-01,Ember оптовая цена э/э,Norway,41.34,EUR/МВт·ч,european_wholesale_electricity_price_data_monthly.csv,
2019-04-01,Ember оптовая цена э/э,Poland,53.19,EUR/МВт·ч,european_wholesale_electricity_price_data_monthly.csv,
2019-04-01,Ember оптовая цена э/э,Portugal,50.65,EUR/МВт·ч,european_wholesale_electricity_price_data_monthly.csv,
2019-04-01,Ember оптовая цена э/э,Romania,45.01,EUR/МВт·ч,european_wholesale_electricity_price_data_monthly.csv,
2019-04-01,Ember оптовая цена э/э,Serbia,46.64,EUR/МВт·ч,european_wholesale_electricity_price_data_monthly.csv,
2019-04-01,Ember оптовая цена э/э,Slovakia,39.31,EUR/МВт·ч,european_wholesale_electricity_price_data_monthly.csv,
2019-04-01,Ember оптовая цена э/э,Slovenia,45.63,EUR/МВт·ч,european_wholesale_electricity_price_data_monthly.csv,
2019-04-01,Ember оптовая цена э/э,Spain,50.4,EUR/МВт·ч,european_wholesale_electricity_price_data_monthly.csv,
2019-04-01,Ember оптовая цена э/э,Sweden,39.66,EUR/МВт·ч,european_wholesale_electricity_price_data_monthly.csv,
2019-04-01,Ember оптовая цена э/э,Switzerland,38.68,EUR/МВт·ч,european_wholesale_electricity_price_data_monthly.csv,
2019-04-01,Ember оптовая цена э/э,United Kingdom,49.9,EUR/МВт·ч,european_wholesale_electricity_price_data_monthly.csv,
2019-05-01,Ember оптовая цена э/э,Austria,38.26,EUR/МВт·ч,european_wholesale_electricity_price_data_monthly.csv,
2019-05-01,Ember оптовая цена э/э,Belgium,38.0,EUR/МВт·ч,european_wholesale_electricity_price_data_monthly.csv,
2019-05-01,Ember оптовая цена э/э,Bulgaria,41.63,EUR/МВт·ч,european_wholesale_electricity_price_data_monthly.csv,
2019-05-01,Ember оптовая цена э/э,Croatia,41.47,EUR/МВт·ч,european_wholesale_electricity_price_data_monthly.csv,
2019-05-01,Ember оптовая цена э/э,Czechia,37.87,EUR/МВт·ч,european_wholesale_electricity_price_data_monthly.csv,
2019-05-01,Ember оптовая цена э/э,Denmark,37.7,EUR/МВт·ч,european_wholesale_electricity_price_data_monthly.csv,
2019-05-01,Ember оптовая цена э/э,Estonia,42.35,EUR/МВт·ч,european_wholesale_electricity_price_data_monthly.csv,
2019-05-01,Ember оптовая цена э/э,Finland,39.86,EUR/МВт·ч,european_wholesale_electricity_price_data_monthly.csv,
2019-05-01,Ember оптовая цена э/э,France,37.2,EUR/МВт·ч,european_wholesale_electricity_price_data_monthly.csv,
2019-05-01,Ember оптовая цена э/э,Germany,38.09,EUR/МВт·ч,european_wholesale_electricity_price_data_monthly.csv,
2019-05-01,Ember оптовая цена э/э,Greece,65.96,EUR/МВт·ч,european_wholesale_electricity_price_data_monthly.csv,
2019-05-01,Ember оптовая цена э/э,Hungary,42.12,EUR/МВт·ч,european_wholesale_electricity_price_data_monthly.csv,
2019-05-01,Ember оптовая цена э/э,Ireland,49.22,EUR/МВт·ч,european_wholesale_electricity_price_data_monthly.csv,
2019-05-01,Ember оптовая цена э/э,Italy,50.67,EUR/МВт·ч,european_wholesale_electricity_price_data_monthly.csv,
2019-05-01,Ember оптовая цена э/э,Latvia,44.3,EUR/МВт·ч,european_wholesale_electricity_price_data_monthly.csv,
2019-05-01,Ember оптовая цена э/э,Lithuania,44.14,EUR/МВт·ч,european_wholesale_electricity_price_data_monthly.csv,
2019-05-01,Ember оптовая цена э/э,Luxembourg,38.09,EUR/МВт·ч,european_wholesale_electricity_price_data_monthly.csv,
2019-05-01,Ember оптовая цена э/э,Netherlands,40.19,EUR/МВт·ч,european_wholesale_electricity_price_data_monthly.csv,
2019-05-01,Ember оптовая цена э/э,Norway,39.15,EUR/МВт·ч,european_wholesale_electricity_price_data_monthly.csv,
2019-05-01,Ember оптовая цена э/э,Poland,55.4,EUR/МВт·ч,european_wholesale_electricity_price_data_monthly.csv,
2019-05-01,Ember оптовая цена э/э,Portugal,48.75,EUR/МВт·ч,european_wholesale_electricity_price_data_monthly.csv,
2019-05-01,Ember оптовая цена э/э,Romania,40.81,EUR/МВт·ч,european_wholesale_electricity_price_data_monthly.csv,
2019-05-01,Ember оптовая цена э/э,Serbia,41.98,EUR/МВт·ч,european_wholesale_electricity_price_data_monthly.csv,
2019-05-01,Ember оптовая цена э/э,Slovakia,37.87,EUR/МВт·ч,european_wholesale_electricity_price_data_monthly.csv,
2019-05-01,Ember оптовая цена э/э,Slovenia,41.31,EUR/МВт·ч,european_wholesale_electricity_price_data_monthly.csv,
2019-05-01,Ember оптовая цена э/э,Spain,48.39,EUR/МВт·ч,european_wholesale_electricity_price_data_monthly.csv,
2019-05-01,Ember оптовая цена э/э,Sweden,35.06,EUR/МВт·ч,european_wholesale_electricity_price_data_monthly.csv,
2019-05-01,Ember оптовая цена э/э,Switzerland,38.07,EUR/МВт·ч,european_wholesale_electricity_price_data_monthly.csv,
2019-05-01,Ember оптовая цена э/э,United Kingdom,47.56,EUR/МВт·ч,european_wholesale_electricity_price_data_monthly.csv,
2019-06-01,Ember оптовая цена э/э,Austria,33.88,EUR/МВт·ч,european_wholesale_electricity_price_data_monthly.csv,
2019-06-01,Ember оптовая цена э/э,Belgium,27.49,EUR/МВт·ч,european_wholesale_electricity_price_data_monthly.csv,
2019-06-01,Ember оптовая цена э/э,Bulgaria,40.49,EUR/МВт·ч,european_wholesale_electricity_price_data_monthly.csv,
2019-06-01,Ember оптовая цена э/э,Croatia,40.41,EUR/МВт·ч,european_wholesale_electricity_price_data_monthly.csv,
2019-06-01,Ember оптовая цена э/э,Czechia,33.84,EUR/МВт·ч,european_wholesale_electricity_price_data_monthly.csv,
2019-06-01,Ember оптовая цена э/э,Denmark,33.15,EUR/МВт·ч,european_wholesale_electricity_price_data_monthly.csv,
2019-06-01,Ember оптовая цена э/э,Estonia,43.47,EUR/МВт·ч,european_wholesale_electricity_price_data_monthly.csv,
2019-06-01,Ember оптовая цена э/э,Finland,30.73,EUR/МВт·ч,european_wholesale_electricity_price_data_monthly.csv,
2019-06-01,Ember оптовая цена э/э,France,29.24,EUR/МВт·ч,european_wholesale_electricity_price_data_monthly.csv,
2019-06-01,Ember оптовая цена э/э,Germany,32.87,EUR/МВт·ч,european_wholesale_electricity_price_data_monthly.csv,
2019-06-01,Ember оптовая цена э/э,Greece,68.09,EUR/МВт·ч,european_wholesale_electricity_price_data_monthly.csv,
2019-06-01,Ember оптовая цена э/э,Hungary,41.31,EUR/МВт·ч,european_wholesale_electricity_price_data_monthly.csv,
2019-06-01,Ember оптовая цена э/э,Ireland,43.42,EUR/МВт·ч,european_wholesale_electricity_price_data_monthly.csv,
2019-06-01,Ember оптовая цена э/э,Italy,48.58,EUR/МВт·ч,european_wholesale_electricity_price_data_monthly.csv,
2019-06-01,Ember оптовая цена э/э,Latvia,44.67,EUR/МВт·ч,european_wholesale_electricity_price_data_monthly.csv,
2019-06-01,Ember оптовая цена э/э,Lithuania,44.67,EUR/МВт·ч,european_wholesale_electricity_price_data_monthly.csv,
2019-06-01,Ember оптовая цена э/э,Luxembourg,32.87,EUR/МВт·ч,european_wholesale_electricity_price_data_monthly.csv,
2019-06-01,Ember оптовая цена э/э,Netherlands,36.23,EUR/МВт·ч,european_wholesale_electricity_price_data_monthly.csv,
2019-06-01,Ember оптовая цена э/э,Norway,28.59,EUR/МВт·ч,european_wholesale_electricity_price_data_monthly.csv,
2019-06-01,Ember оптовая цена э/э,Poland,58.33,EUR/МВт·ч,european_wholesale_electricity_price_data_monthly.csv,
2019-06-01,Ember оптовая цена э/э,Portugal,47.18,EUR/МВт·ч,european_wholesale_electricity_price_data_monthly.csv,
2019-06-01,Ember оптовая цена э/э,Romania,38.87,EUR/МВт·ч,european_wholesale_electricity_price_data_monthly.csv,
2019-06-01,Ember оптовая цена э/э,Serbia,41.47,EUR/МВт·ч,european_wholesale_electricity_price_data_monthly.csv,
2019-06-01,Ember оптовая цена э/э,Slovakia,34.56,EUR/МВт·ч,european_wholesale_electricity_price_data_monthly.csv,
2019-06-01,Ember оптовая цена э/э,Slovenia,40.02,EUR/МВт·ч,european_wholesale_electricity_price_data_monthly.csv,
2019-06-01,Ember оптовая цена э/э,Spain,47.16,EUR/МВт·ч,european_wholesale_electricity_price_data_monthly.csv,
2019-06-01,Ember оптовая цена э/э,Sweden,25.06,EUR/МВт·ч,european_wholesale_electricity_price_data_monthly.csv,
2019-06-01,Ember оптовая цена э/э,Switzerland,31.85,EUR/МВт·ч,european_wholesale_electricity_price_data_monthly.csv,
2019-06-01,Ember оптовая цена э/э,United Kingdom,44.53,EUR/МВт·ч,european_wholesale_electricity_price_data_monthly.csv,
2019-07-01,Ember оптовая цена э/э,Austria,39.83,EUR/МВт·ч,european_wholesale_electricity_price_data_monthly.csv,
2019-07-01,Ember оптовая цена э/э,Belgium,37.76,EUR/МВт·ч,european_wholesale_electricity_price_data_monthly.csv,
2019-07-01,Ember оптовая цена э/э,Bulgaria,55.48,EUR/МВт·ч,european_wholesale_electricity_price_data_monthly.csv,
2019-07-01,Ember оптовая цена э/э,Croatia,53.01,EUR/МВт·ч,european_wholesale_electricity_price_data_monthly.csv,
2019-07-01,Ember оптовая цена э/э,Czechia,42.05,EUR/МВт·ч,european_wholesale_electricity_price_data_monthly.csv,
2019-07-01,Ember оптовая цена э/э,Denmark,38.92,EUR/МВт·ч,european_wholesale_electricity_price_data_monthly.csv,
2019-07-01,Ember оптовая цена э/э,Estonia,48.97,EUR/МВт·ч,european_wholesale_electricity_price_data_monthly.csv,
2019-07-01,Ember оптовая цена э/э,Finland,45.96,EUR/МВт·ч,european_wholesale_electricity_price_data_monthly.csv,
2019-07-01,Ember оптовая цена э/э,France,37.7,EUR/МВт·ч,european_wholesale_electricity_price_data_monthly.csv,
2019-07-01,Ember оптовая цена э/э,Germany,39.49,EUR/МВт·ч,european_wholesale_electricity_price_data_monthly.csv,
2019-07-01,Ember оптовая цена э/э,Greece,62.19,EUR/МВт·ч,european_wholesale_electricity_price_data_monthly.csv,
2019-07-01,Ember оптовая цена э/э,Hungary,55.0,EUR/МВт·ч,european_wholesale_electricity_price_data_monthly.csv,
2019-07-01,Ember оптовая цена э/э,Ireland,49.3,EUR/МВт·ч,european_wholesale_electricity_price_data_monthly.csv,
2019-07-01,Ember оптовая цена э/э,Italy,52.32,EUR/МВт·ч,european_wholesale_electricity_price_data_monthly.csv,
2019-07-01,Ember оптовая цена э/э,Latvia,49.0,EUR/МВт·ч,european_wholesale_electricity_price_data_monthly.csv,
2019-07-01,Ember оптовая цена э/э,Lithuania,48.99,EUR/МВт·ч,european_wholesale_electricity_price_data_monthly.csv,
2019-07-01,Ember оптовая цена э/э,Luxembourg,39.49,EUR/МВт·ч,european_wholesale_electricity_price_data_monthly.csv,
2019-07-01,Ember оптовая цена э/э,Netherlands,39.62,EUR/МВт·ч,european_wholesale_electricity_price_data_monthly.csv,
2019-07-01,Ember оптовая цена э/э,Norway,34.8,EUR/МВт·ч,european_wholesale_electricity_price_data_monthly.csv,
2019-07-01,Ember оптовая цена э/э,Poland,56.52,EUR/МВт·ч,european_wholesale_electricity_price_data_monthly.csv,
2019-07-01,Ember оптовая цена э/э,Portugal,51.46,EUR/МВт·ч,european_wholesale_electricity_price_data_monthly.csv,
2019-07-01,Ember оптовая цена э/э,Romania,55.35,EUR/МВт·ч,european_wholesale_electricity_price_data_monthly.csv,
2019-07-01,Ember оптовая цена э/э,Serbia,54.0,EUR/МВт·ч,european_wholesale_electricity_price_data_monthly.csv,
2019-07-01,Ember оптовая цена э/э,Slovakia,42.07,EUR/МВт·ч,european_wholesale_electricity_price_data_monthly.csv,
2019-07-01,Ember оптовая цена э/э,Slovenia,51.25,EUR/МВт·ч,european_wholesale_electricity_price_data_monthly.csv,
2019-07-01,Ember оптовая цена э/э,Spain,51.46,EUR/МВт·ч,european_wholesale_electricity_price_data_monthly.csv,
2019-07-01,Ember оптовая цена э/э,Sweden,35.5,EUR/МВт·ч,european_wholesale_electricity_price_data_monthly.csv,
2019-07-01,Ember оптовая цена э/э,Switzerland,37.92,EUR/МВт·ч,european_wholesale_electricity_price_data_monthly.csv,
2019-07-01,Ember оптовая цена э/э,United Kingdom,45.73,EUR/МВт·ч,european_wholesale_electricity_price_data_monthly.csv,
2019-08-01,Ember оптовая цена э/э,Austria,37.4,EUR/МВт·ч,european_wholesale_electricity_price_data_monthly.csv,
2019-08-01,Ember оптовая цена э/э,Belgium,33.69,EUR/МВт·ч,european_wholesale_electricity_price_data_monthly.csv,
2019-08-01,Ember оптовая цена э/э,Bulgaria,52.15,EUR/МВт·ч,european_wholesale_electricity_price_data_monthly.csv,
2019-08-01,Ember оптовая цена э/э,Croatia,55.88,EUR/МВт·ч,european_wholesale_electricity_price_data_monthly.csv,
2019-08-01,Ember оптовая цена э/э,Czechia,39.77,EUR/МВт·ч,european_wholesale_electricity_price_data_monthly.csv,
2019-08-01,Ember оптовая цена э/э,Denmark,38.49,EUR/МВт·ч,european_wholesale_electricity_price_data_monthly.csv,
2019-08-01,Ember оптовая цена э/э,Estonia,49.05,EUR/МВт·ч,european_wholesale_electricity_price_data_monthly.csv,
2019-08-01,Ember оптовая цена э/э,Finland,48.74,EUR/МВт·ч,european_wholesale_electricity_price_data_monthly.csv,
2019-08-01,Ember оптовая цена э/э,France,33.36,EUR/МВт·ч,european_wholesale_electricity_price_data_monthly.csv,
2019-08-01,Ember оптовая цена э/э,Germany,36.65,EUR/МВт·ч,european_wholesale_electricity_price_data_monthly.csv,
2019-08-01,Ember оптовая цена э/э,Greece,63.98,EUR/МВт·ч,european_wholesale_electricity_price_data_monthly.csv,
2019-08-01,Ember оптовая цена э/э,Hungary,58.71,EUR/МВт·ч,european_wholesale_electricity_price_data_monthly.csv,
2019-08-01,Ember оптовая цена э/э,Ireland,46.41,EUR/МВт·ч,european_wholesale_electricity_price_data_monthly.csv,
2019-08-01,Ember оптовая цена э/э,Italy,49.59,EUR/МВт·ч,european_wholesale_electricity_price_data_monthly.csv,
2019-08-01,Ember оптовая цена э/э,Latvia,49.46,EUR/МВт·ч,european_wholesale_electricity_price_data_monthly.csv,
2019-08-01,Ember оптовая цена э/э,Lithuania,49.34,EUR/МВт·ч,european_wholesale_electricity_price_data_monthly.csv,
2019-08-01,Ember оптовая цена э/э,Luxembourg,36.65,EUR/МВт·ч,european_wholesale_electricity_price_data_monthly.csv,
2019-08-01,Ember оптовая цена э/э,Netherlands,37.41,EUR/МВт·ч,european_wholesale_electricity_price_data_monthly.csv,
2019-08-01,Ember оптовая цена э/э,Norway,35.32,EUR/МВт·ч,european_wholesale_electricity_price_data_monthly.csv,
2019-08-01,Ember оптовая цена э/э,Poland,61.6,EUR/МВт·ч,european_wholesale_electricity_price_data_monthly.csv,
2019-08-01,Ember оптовая цена э/э,Portugal,44.95,EUR/МВт·ч,european_wholesale_electricity_price_data_monthly.csv,
2019-08-01,Ember оптовая цена э/э,Romania,60.21,EUR/МВт·ч,european_wholesale_electricity_price_data_monthly.csv,
2019-08-01,Ember оптовая цена э/э,Serbia,58.98,EUR/МВт·ч,european_wholesale_electricity_price_data_monthly.csv,
2019-08-01,Ember оптовая цена э/э,Slovakia,40.64,EUR/МВт·ч,european_wholesale_electricity_price_data_monthly.csv,
2019-08-01,Ember оптовая цена э/э,Slovenia,54.61,EUR/МВт·ч,european_wholesale_electricity_price_data_monthly.csv,
2019-08-01,Ember оптовая цена э/э,Spain,44.95,EUR/МВт·ч,european_wholesale_electricity_price_data_monthly.csv,
2019-08-01,Ember оптовая цена э/э,Sweden,37.25,EUR/МВт·ч,european_wholesale_electricity_price_data_monthly.csv,
2019-08-01,Ember оптовая цена э/э,Switzerland,33.85,EUR/МВт·ч,european_wholesale_electricity_price_data_monthly.csv,
2019-08-01,Ember оптовая цена э/э,United Kingdom,41.67,EUR/МВт·ч,european_wholesale_electricity_price_data_monthly.csv,
2019-09-01,Ember оптовая цена э/э,Austria,37.85,EUR/МВт·ч,european_wholesale_electricity_price_data_monthly.csv,
2019-09-01,Ember оптовая цена э/э,Belgium,33.58,EUR/МВт·ч,european_wholesale_electricity_price_data_monthly.csv,
2019-09-01,Ember оптовая цена э/э,Bulgaria,55.3,EUR/МВт·ч,european_wholesale_electricity_price_data_monthly.csv,
2019-09-01,Ember оптовая цена э/э,Croatia,55.39,EUR/МВт·ч,european_wholesale_electricity_price_data_monthly.csv,
2019-09-01,Ember оптовая цена э/э,Czechia,39.73,EUR/МВт·ч,european_wholesale_electricity_price_data_monthly.csv,
2019-09-01,Ember оптовая цена э/э,Denmark,36.15,EUR/МВт·ч,european_wholesale_electricity_price_data_monthly.csv,
2019-09-01,Ember оптовая цена э/э,Estonia,48.78,EUR/МВт·ч,european_wholesale_electricity_price_data_monthly.csv,
2019-09-01,Ember оптовая цена э/э,Finland,48.76,EUR/МВт·ч,european_wholesale_electricity_price_data_monthly.csv,
2019-09-01,Ember оптовая цена э/э,France,35.55,EUR/МВт·ч,european_wholesale_electricity_price_data_monthly.csv,
2019-09-01,Ember оптовая цена э/э,Germany,35.36,EUR/МВт·ч,european_wholesale_electricity_price_data_monthly.csv,
2019-09-01,Ember оптовая цена э/э,Greece,60.95,EUR/МВт·ч,european_wholesale_electricity_price_data_monthly.csv,
2019-09-01,Ember оптовая цена э/э,Hungary,55.69,EUR/МВт·ч,european_wholesale_electricity_price_data_monthly.csv,
2019-09-01,Ember оптовая цена э/э,Ireland,43.86,EUR/МВт·ч,european_wholesale_electricity_price_data_monthly.csv,
2019-09-01,Ember оптовая цена э/э,Italy,51.16,EUR/МВт·ч,european_wholesale_electricity_price_data_monthly.csv,
2019-09-01,Ember оптовая цена э/э,Latvia,48.86,EUR/МВт·ч,european_wholesale_electricity_price_data_monthly.csv,
2019-09-01,Ember оптовая цена э/э,Lithuania,48.8,EUR/МВт·ч,european_wholesale_electricity_price_data_monthly.csv,
2019-09-01,Ember оптовая цена э/э,Luxembourg,35.36,EUR/МВт·ч,european_wholesale_electricity_price_data_monthly.csv,
2019-09-01,Ember оптовая цена э/э,Netherlands,36.58,EUR/МВт·ч,european_wholesale_electricity_price_data_monthly.csv,
2019-09-01,Ember оптовая цена э/э,Norway,31.12,EUR/МВт·ч,european_wholesale_electricity_price_data_monthly.csv,
2019-09-01,Ember оптовая цена э/э,Poland,55.99,EUR/МВт·ч,european_wholesale_electricity_price_data_monthly.csv,
2019-09-01,Ember оптовая цена э/э,Portugal,42.16,EUR/МВт·ч,european_wholesale_electricity_price_data_monthly.csv,
2019-09-01,Ember оптовая цена э/э,Romania,60.62,EUR/МВт·ч,european_wholesale_electricity_price_data_monthly.csv,
2019-09-01,Ember оптовая цена э/э,Serbia,56.8,EUR/МВт·ч,european_wholesale_electricity_price_data_monthly.csv,
2019-09-01,Ember оптовая цена э/э,Slovakia,43.42,EUR/МВт·ч,european_wholesale_electricity_price_data_monthly.csv,
2019-09-01,Ember оптовая цена э/э,Slovenia,55.3,EUR/МВт·ч,european_wholesale_electricity_price_data_monthly.csv,
2019-09-01,Ember оптовая цена э/э,Spain,42.13,EUR/МВт·ч,european_wholesale_electricity_price_data_monthly.csv,
2019-09-01,Ember оптовая цена э/э,Sweden,34.95,EUR/МВт·ч,european_wholesale_electricity_price_data_monthly.csv,
2019-09-01,Ember оптовая цена э/э,Switzerland,37.44,EUR/МВт·ч,european_wholesale_electricity_price_data_monthly.csv,
2019-09-01,Ember оптовая цена э/э,United Kingdom,40.61,EUR/МВт·ч,european_wholesale_electricity_price_data_monthly.csv,
2019-10-01,Ember оптовая цена э/э,Austria,39.21,EUR/МВт·ч,european_wholesale_electricity_price_data_monthly.csv,
2019-10-01,Ember оптовая цена э/э,Belgium,37.62,EUR/МВт·ч,european_wholesale_electricity_price_data_monthly.csv,
2019-10-01,Ember оптовая цена э/э,Bulgaria,55.81,EUR/МВт·ч,european_wholesale_electricity_price_data_monthly.csv,
2019-10-01,Ember оптовая цена э/э,Croatia,55.35,EUR/МВт·ч,european_wholesale_electricity_price_data_monthly.csv,
2019-10-01,Ember оптовая цена э/э,Czechia,38.73,EUR/МВт·ч,european_wholesale_electricity_price_data_monthly.csv,
2019-10-01,Ember оптовая цена э/э,Denmark,39.53,EUR/МВт·ч,european_wholesale_electricity_price_data_monthly.csv,
2019-10-01,Ember оптовая цена э/э,Estonia,47.69,EUR/МВт·ч,european_wholesale_electricity_price_data_monthly.csv,
2019-10-01,Ember оптовая цена э/э,Finland,46.36,EUR/МВт·ч,european_wholesale_electricity_price_data_monthly.csv,
2019-10-01,Ember оптовая цена э/э,France,38.62,EUR/МВт·ч,european_wholesale_electricity_price_data_monthly.csv,
2019-10-01,Ember оптовая цена э/э,Germany,37.22,EUR/МВт·ч,european_wholesale_electricity_price_data_monthly.csv,
2019-10-01,Ember оптовая цена э/э,Greece,63.28,EUR/МВт·ч,european_wholesale_electricity_price_data_monthly.csv,
2019-10-01,Ember оптовая цена э/э,Hungary,56.94,EUR/МВт·ч,european_wholesale_electricity_price_data_monthly.csv,
2019-10-01,Ember оптовая цена э/э,Ireland,40.64,EUR/МВт·ч,european_wholesale_electricity_price_data_monthly.csv,
2019-10-01,Ember оптовая цена э/э,Italy,52.83,EUR/МВт·ч,european_wholesale_electricity_price_data_monthly.csv,
2019-10-01,Ember оптовая цена э/э,Latvia,47.35,EUR/МВт·ч,european_wholesale_electricity_price_data_monthly.csv,
2019-10-01,Ember оптовая цена э/э,Lithuania,46.99,EUR/МВт·ч,european_wholesale_electricity_price_data_monthly.csv,
2019-10-01,Ember оптовая цена э/э,Luxembourg,37.22,EUR/МВт·ч,european_wholesale_electricity_price_data_monthly.csv,
2019-10-01,Ember оптовая цена э/э,Netherlands,37.96,EUR/МВт·ч,european_wholesale_electricity_price_data_monthly.csv,
2019-10-01,Ember оптовая цена э/э,Norway,36.64,EUR/МВт·ч,european_wholesale_electricity_price_data_monthly.csv,
2019-10-01,Ember оптовая цена э/э,Poland,53.12,EUR/МВт·ч,european_wholesale_electricity_price_data_monthly.csv,
2019-10-01,Ember оптовая цена э/э,Portugal,47.19,EUR/МВт·ч,european_wholesale_electricity_price_data_monthly.csv,
2019-10-01,Ember оптовая цена э/э,Romania,57.32,EUR/МВт·ч,european_wholesale_electricity_price_data_monthly.csv,
2019-10-01,Ember оптовая цена э/э,Serbia,58.13,EUR/МВт·ч,european_wholesale_electricity_price_data_monthly.csv,
2019-10-01,Ember оптовая цена э/э,Slovakia,41.85,EUR/МВт·ч,european_wholesale_electricity_price_data_monthly.csv,
2019-10-01,Ember оптовая цена э/э,Slovenia,55.22,EUR/МВт·ч,european_wholesale_electricity_price_data_monthly.csv,
2019-10-01,Ember оптовая цена э/э,Spain,47.15,EUR/МВт·ч,european_wholesale_electricity_price_data_monthly.csv,
2019-10-01,Ember оптовая цена э/э,Sweden,38.24,EUR/МВт·ч,european_wholesale_electricity_price_data_monthly.csv,
2019-10-01,Ember оптовая цена э/э,Switzerland,39.98,EUR/МВт·ч,european_wholesale_electricity_price_data_monthly.csv,
2019-10-01,Ember оптовая цена э/э,United Kingdom,41.86,EUR/МВт·ч,european_wholesale_electricity_price_data_monthly.csv,
2019-11-01,Ember оптовая цена э/э,Austria,42.69,EUR/МВт·ч,european_wholesale_electricity_price_data_monthly.csv,
2019-11-01,Ember оптовая цена э/э,Belgium,44.41,EUR/МВт·ч,european_wholesale_electricity_price_data_monthly.csv,
2019-11-01,Ember оптовая цена э/э,Bulgaria,41.46,EUR/МВт·ч,european_wholesale_electricity_price_data_monthly.csv,
2019-11-01,Ember оптовая цена э/э,Croatia,45.16,EUR/МВт·ч,european_wholesale_electricity_price_data_monthly.csv,
2019-11-01,Ember оптовая цена э/э,Czechia,41.98,EUR/МВт·ч,european_wholesale_electricity_price_data_monthly.csv,
2019-11-01,Ember оптовая цена э/э,Denmark,42.11,EUR/МВт·ч,european_wholesale_electricity_price_data_monthly.csv,
2019-11-01,Ember оптовая цена э/э,Estonia,45.72,EUR/МВт·ч,european_wholesale_electricity_price_data_monthly.csv,
2019-11-01,Ember оптовая цена э/э,Finland,45.71,EUR/МВт·ч,european_wholesale_electricity_price_data_monthly.csv,
2019-11-01,Ember оптовая цена э/э,France,45.95,EUR/МВт·ч,european_wholesale_electricity_price_data_monthly.csv,
2019-11-01,Ember оптовая цена э/э,Germany,40.96,EUR/МВт·ч,european_wholesale_electricity_price_data_monthly.csv,
2019-11-01,Ember оптовая цена э/э,Greece,55.35,EUR/МВт·ч,european_wholesale_electricity_price_data_monthly.csv,
2019-11-01,Ember оптовая цена э/э,Hungary,43.93,EUR/МВт·ч,european_wholesale_electricity_price_data_monthly.csv,
2019-11-01,Ember оптовая цена э/э,Ireland,51.82,EUR/МВт·ч,european_wholesale_electricity_price_data_monthly.csv,
2019-11-01,Ember оптовая цена э/э,Italy,48.17,EUR/МВт·ч,european_wholesale_electricity_price_data_monthly.csv,
2019-11-01,Ember оптовая цена э/э,Latvia,45.26,EUR/МВт·ч,european_wholesale_electricity_price_data_monthly.csv,
2019-11-01,Ember оптовая цена э/э,Lithuania,44.7,EUR/МВт·ч,european_wholesale_electricity_price_data_monthly.csv,
2019-11-01,Ember оптовая цена э/э,Luxembourg,40.96,EUR/МВт·ч,european_wholesale_electricity_price_data_monthly.csv,
2019-11-01,Ember оптовая цена э/э,Netherlands,42.71,EUR/МВт·ч,european_wholesale_electricity_price_data_monthly.csv,
2019-11-01,Ember оптовая цена э/э,Norway,41.89,EUR/МВт·ч,european_wholesale_electricity_price_data_monthly.csv,
2019-11-01,Ember оптовая цена э/э,Poland,50.39,EUR/МВт·ч,european_wholesale_electricity_price_data_monthly.csv,
2019-11-01,Ember оптовая цена э/э,Portugal,42.12,EUR/МВт·ч,european_wholesale_electricity_price_data_monthly.csv,
2019-11-01,Ember оптовая цена э/э,Romania,42.66,EUR/МВт·ч,european_wholesale_electricity_price_data_monthly.csv,
2019-11-01,Ember оптовая цена э/э,Serbia,42.22,EUR/МВт·ч,european_wholesale_electricity_price_data_monthly.csv,
2019-11-01,Ember оптовая цена э/э,Slovakia,42.1,EUR/МВт·ч,european_wholesale_electricity_price_data_monthly.csv,
2019-11-01,Ember оптовая цена э/э,Slovenia,43.84,EUR/МВт·ч,european_wholesale_electricity_price_data_monthly.csv,
2019-11-01,Ember оптовая цена э/э,Spain,42.19,EUR/МВт·ч,european_wholesale_electricity_price_data_monthly.csv,
2019-11-01,Ember оптовая цена э/э,Sweden,41.79,EUR/МВт·ч,european_wholesale_electricity_price_data_monthly.csv,
2019-11-01,Ember оптовая цена э/э,Switzerland,45.95,EUR/МВт·ч,european_wholesale_electricity_price_data_monthly.csv,
2019-11-01,Ember оптовая цена э/э,United Kingdom,51.81,EUR/МВт·ч,european_wholesale_electricity_price_data_monthly.csv,
2019-12-01,Ember оптовая цена э/э,Austria,38.07,EUR/МВт·ч,european_wholesale_electricity_price_data_monthly.csv,
2019-12-01,Ember оптовая цена э/э,Belgium,36.36,EUR/МВт·ч,european_wholesale_electricity_price_data_monthly.csv,
2019-12-01,Ember оптовая цена э/э,Bulgaria,42.51,EUR/МВт·ч,european_wholesale_electricity_price_data_monthly.csv,
2019-12-01,Ember оптовая цена э/э,Croatia,40.11,EUR/МВт·ч,european_wholesale_electricity_price_data_monthly.csv,
2019-12-01,Ember оптовая цена э/э,Czechia,37.27,EUR/МВт·ч,european_wholesale_electricity_price_data_monthly.csv,
2019-12-01,Ember оптовая цена э/э,Denmark,34.55,EUR/МВт·ч,european_wholesale_electricity_price_data_monthly.csv,
2019-12-01,Ember оптовая цена э/э,Estonia,39.04,EUR/МВт·ч,european_wholesale_electricity_price_data_monthly.csv,
2019-12-01,Ember оптовая цена э/э,Finland,38.4,EUR/МВт·ч,european_wholesale_electricity_price_data_monthly.csv,
2019-12-01,Ember оптовая цена э/э,France,36.47,EUR/МВт·ч,european_wholesale_electricity_price_data_monthly.csv,
2019-12-01,Ember оптовая цена э/э,Germany,31.93,EUR/МВт·ч,european_wholesale_electricity_price_data_monthly.csv,
2019-12-01,Ember оптовая цена э/э,Greece,59.7,EUR/МВт·ч,european_wholesale_electricity_price_data_monthly.csv,
2019-12-01,Ember оптовая цена э/э,Hungary,41.08,EUR/МВт·ч,european_wholesale_electricity_price_data_monthly.csv,
2019-12-01,Ember оптовая цена э/э,Ireland,45.52,EUR/МВт·ч,european_wholesale_electricity_price_data_monthly.csv,
2019-12-01,Ember оптовая цена э/э,Italy,43.33,EUR/МВт·ч,european_wholesale_electricity_price_data_monthly.csv,
2019-12-01,Ember оптовая цена э/э,Latvia,39.03,EUR/МВт·ч,european_wholesale_electricity_price_data_monthly.csv,
2019-12-01,Ember оптовая цена э/э,Lithuania,38.96,EUR/МВт·ч,european_wholesale_electricity_price_data_monthly.csv,
2019-12-01,Ember оптовая цена э/э,Luxembourg,31.93,EUR/МВт·ч,european_wholesale_electricity_price_data_monthly.csv,
2019-12-01,Ember оптовая цена э/э,Netherlands,37.4,EUR/МВт·ч,european_wholesale_electricity_price_data_monthly.csv,
2019-12-01,Ember оптовая цена э/э,Norway,37.19,EUR/МВт·ч,european_wholesale_electricity_price_data_monthly.csv,
2019-12-01,Ember оптовая цена э/э,Poland,44.55,EUR/МВт·ч,european_wholesale_electricity_price_data_monthly.csv,
2019-12-01,Ember оптовая цена э/э,Portugal,33.68,EUR/МВт·ч,european_wholesale_electricity_price_data_monthly.csv,
2019-12-01,Ember оптовая цена э/э,Romania,41.44,EUR/МВт·ч,european_wholesale_electricity_price_data_monthly.csv,
2019-12-01,Ember оптовая цена э/э,Serbia,41.19,EUR/МВт·ч,european_wholesale_electricity_price_data_monthly.csv,
2019-12-01,Ember оптовая цена э/э,Slovakia,38.91,EUR/МВт·ч,european_wholesale_electricity_price_data_monthly.csv,
2019-12-01,Ember оптовая цена э/э,Slovenia,39.52,EUR/МВт·ч,european_wholesale_electricity_price_data_monthly.csv,
2019-12-01,Ember оптовая цена э/э,Spain,33.81,EUR/МВт·ч,european_wholesale_electricity_price_data_monthly.csv,
2019-12-01,Ember оптовая цена э/э,Sweden,35.98,EUR/МВт·ч,european_wholesale_electricity_price_data_monthly.csv,
2019-12-01,Ember оптовая цена э/э,Switzerland,40.84,EUR/МВт·ч,european_wholesale_electricity_price_data_monthly.csv,
2019-12-01,Ember оптовая цена э/э,United Kingdom,46.13,EUR/МВт·ч,european_wholesale_electricity_price_data_monthly.csv,
2020-01-01,Ember оптовая цена э/э,Austria,40.5,EUR/МВт·ч,european_wholesale_electricity_price_data_monthly.csv,
2020-01-01,Ember оптовая цена э/э,Belgium,37.85,EUR/МВт·ч,european_wholesale_electricity_price_data_monthly.csv,
2020-01-01,Ember оптовая цена э/э,Bulgaria,54.99,EUR/МВт·ч,european_wholesale_electricity_price_data_monthly.csv,
2020-01-01,Ember оптовая цена э/э,Croatia,51.32,EUR/МВт·ч,european_wholesale_electricity_price_data_monthly.csv,
2020-01-01,Ember оптовая цена э/э,Czechia,41.81,EUR/МВт·ч,european_wholesale_electricity_price_data_monthly.csv,
2020-01-01,Ember оптовая цена э/э,Denmark,25.88,EUR/МВт·ч,european_wholesale_electricity_price_data_monthly.csv,
2020-01-01,Ember оптовая цена э/э,Estonia,30.82,EUR/МВт·ч,european_wholesale_electricity_price_data_monthly.csv,
2020-01-01,Ember оптовая цена э/э,Finland,27.14,EUR/МВт·ч,european_wholesale_electricity_price_data_monthly.csv,
2020-01-01,Ember оптовая цена э/э,France,37.97,EUR/МВт·ч,european_wholesale_electricity_price_data_monthly.csv,
2020-01-01,Ember оптовая цена э/э,Germany,34.61,EUR/МВт·ч,european_wholesale_electricity_price_data_monthly.csv,
2020-01-01,Ember оптовая цена э/э,Greece,58.39,EUR/МВт·ч,european_wholesale_electricity_price_data_monthly.csv,
2020-01-01,Ember оптовая цена э/э,Hungary,52.96,EUR/МВт·ч,european_wholesale_electricity_price_data_monthly.csv,
2020-01-01,Ember оптовая цена э/э,Ireland,42.66,EUR/МВт·ч,european_wholesale_electricity_price_data_monthly.csv,
2020-01-01,Ember оптовая цена э/э,Italy,47.44,EUR/МВт·ч,european_wholesale_electricity_price_data_monthly.csv,
2020-01-01,Ember оптовая цена э/э,Latvia,30.82,EUR/МВт·ч,european_wholesale_electricity_price_data_monthly.csv,
2020-01-01,Ember оптовая цена э/э,Lithuania,30.82,EUR/МВт·ч,european_wholesale_electricity_price_data_monthly.csv,
2020-01-01,Ember оптовая цена э/э,Luxembourg,34.61,EUR/МВт·ч,european_wholesale_electricity_price_data_monthly.csv,
2020-01-01,Ember оптовая цена э/э,Netherlands,37.07,EUR/МВт·ч,european_wholesale_electricity_price_data_monthly.csv,
2020-01-01,Ember оптовая цена э/э,Norway,24.23,EUR/МВт·ч,european_wholesale_electricity_price_data_monthly.csv,
2020-01-01,Ember оптовая цена э/э,Poland,44.14,EUR/МВт·ч,european_wholesale_electricity_price_data_monthly.csv,
2020-01-01,Ember оптовая цена э/э,Portugal,40.9,EUR/МВт·ч,european_wholesale_electricity_price_data_monthly.csv,
2020-01-01,Ember оптовая цена э/э,Romania,52.8,EUR/МВт·ч,european_wholesale_electricity_price_data_monthly.csv,
2020-01-01,Ember оптовая цена э/э,Serbia,53.88,EUR/МВт·ч,european_wholesale_electricity_price_data_monthly.csv,
2020-01-01,Ember оптовая цена э/э,Slovakia,44.38,EUR/МВт·ч,european_wholesale_electricity_price_data_monthly.csv,
2020-01-01,Ember оптовая цена э/э,Slovenia,50.24,EUR/МВт·ч,european_wholesale_electricity_price_data_monthly.csv,
2020-01-01,Ember оптовая цена э/э,Spain,41.08,EUR/МВт·ч,european_wholesale_electricity_price_data_monthly.csv,
2020-01-01,Ember оптовая цена э/э,Sweden,24.12,EUR/МВт·ч,european_wholesale_electricity_price_data_monthly.csv,
2020-01-01,Ember оптовая цена э/э,Switzerland,42.56,EUR/МВт·ч,european_wholesale_electricity_price_data_monthly.csv,
2020-01-01,Ember оптовая цена э/э,United Kingdom,42.01,EUR/МВт·ч,european_wholesale_electricity_price_data_monthly.csv,
2020-02-01,Ember оптовая цена э/э,Austria,29.31,EUR/МВт·ч,european_wholesale_electricity_price_data_monthly.csv,
2020-02-01,Ember оптовая цена э/э,Belgium,28.36,EUR/МВт·ч,european_wholesale_electricity_price_data_monthly.csv,
2020-02-01,Ember оптовая цена э/э,Bulgaria,41.41,EUR/МВт·ч,european_wholesale_electricity_price_data_monthly.csv,
2020-02-01,Ember оптовая цена э/э,Croatia,39.59,EUR/МВт·ч,european_wholesale_electricity_price_data_monthly.csv,
2020-02-01,Ember оптовая цена э/э,Czechia,30.54,EUR/МВт·ч,european_wholesale_electricity_price_data_monthly.csv,
2020-02-01,Ember оптовая цена э/э,Denmark,18.07,EUR/МВт·ч,european_wholesale_electricity_price_data_monthly.csv,
2020-02-01,Ember оптовая цена э/э,Estonia,28.09,EUR/МВт·ч,european_wholesale_electricity_price_data_monthly.csv,
2020-02-01,Ember оптовая цена э/э,Finland,24.44,EUR/МВт·ч,european_wholesale_electricity_price_data_monthly.csv,
2020-02-01,Ember оптовая цена э/э,France,26.25,EUR/МВт·ч,european_wholesale_electricity_price_data_monthly.csv,
2020-02-01,Ember оптовая цена э/э,Germany,21.69,EUR/МВт·ч,european_wholesale_electricity_price_data_monthly.csv,
2020-02-01,Ember оптовая цена э/э,Greece,49.17,EUR/МВт·ч,european_wholesale_electricity_price_data_monthly.csv,
2020-02-01,Ember оптовая цена э/э,Hungary,39.84,EUR/МВт·ч,european_wholesale_electricity_price_data_monthly.csv,
2020-02-01,Ember оптовая цена э/э,Ireland,33.2,EUR/МВт·ч,european_wholesale_electricity_price_data_monthly.csv,
2020-02-01,Ember оптовая цена э/э,Italy,39.26,EUR/МВт·ч,european_wholesale_electricity_price_data_monthly.csv,
2020-02-01,Ember оптовая цена э/э,Latvia,28.04,EUR/МВт·ч,european_wholesale_electricity_price_data_monthly.csv,
2020-02-01,Ember оптовая цена э/э,Lithuania,27.76,EUR/МВт·ч,european_wholesale_electricity_price_data_monthly.csv,
2020-02-01,Ember оптовая цена э/э,Luxembourg,21.69,EUR/МВт·ч,european_wholesale_electricity_price_data_monthly.csv,
2020-02-01,Ember оптовая цена э/э,Netherlands,29.55,EUR/МВт·ч,european_wholesale_electricity_price_data_monthly.csv,
2020-02-01,Ember оптовая цена э/э,Norway,12.83,EUR/МВт·ч,european_wholesale_electricity_price_data_monthly.csv,
2020-02-01,Ember оптовая цена э/э,Poland,40.87,EUR/МВт·ч,european_wholesale_electricity_price_data_monthly.csv,
2020-02-01,Ember оптовая цена э/э,Portugal,36.03,EUR/МВт·ч,european_wholesale_electricity_price_data_monthly.csv,
2020-02-01,Ember оптовая цена э/э,Romania,40.5,EUR/МВт·ч,european_wholesale_electricity_price_data_monthly.csv,
2020-02-01,Ember оптовая цена э/э,Serbia,39.95,EUR/МВт·ч,european_wholesale_electricity_price_data_monthly.csv,
2020-02-01,Ember оптовая цена э/э,Slovakia,30.72,EUR/МВт·ч,european_wholesale_electricity_price_data_monthly.csv,
2020-02-01,Ember оптовая цена э/э,Slovenia,39.26,EUR/МВт·ч,european_wholesale_electricity_price_data_monthly.csv,
2020-02-01,Ember оптовая цена э/э,Spain,35.86,EUR/МВт·ч,european_wholesale_electricity_price_data_monthly.csv,
2020-02-01,Ember оптовая цена э/э,Sweden,17.68,EUR/МВт·ч,european_wholesale_electricity_price_data_monthly.csv,
2020-02-01,Ember оптовая цена э/э,Switzerland,34.12,EUR/МВт·ч,european_wholesale_electricity_price_data_monthly.csv,
2020-02-01,Ember оптовая цена э/э,United Kingdom,36.44,EUR/МВт·ч,european_wholesale_electricity_price_data_monthly.csv,
2020-03-01,Ember оптовая цена э/э,Austria,24.91,EUR/МВт·ч,european_wholesale_electricity_price_data_monthly.csv,
2020-03-01,Ember оптовая цена э/э,Belgium,24.02,EUR/МВт·ч,european_wholesale_electricity_price_data_monthly.csv,
2020-03-01,Ember оптовая цена э/э,Bulgaria,28.27,EUR/МВт·ч,european_wholesale_electricity_price_data_monthly.csv,
2020-03-01,Ember оптовая цена э/э,Croatia,29.41,EUR/МВт·ч,european_wholesale_electricity_price_data_monthly.csv,
2020-03-01,Ember оптовая цена э/э,Czechia,25.41,EUR/МВт·ч,european_wholesale_electricity_price_data_monthly.csv,
2020-03-01,Ember оптовая цена э/э,Denmark,18.91,EUR/МВт·ч,european_wholesale_electricity_price_data_monthly.csv,
2020-03-01,Ember оптовая цена э/э,Estonia,23.99,EUR/МВт·ч,european_wholesale_electricity_price_data_monthly.csv,
2020-03-01,Ember оптовая цена э/э,Finland,20.35,EUR/МВт·ч,european_wholesale_electricity_price_data_monthly.csv,
2020-03-01,Ember оптовая цена э/э,France,23.83,EUR/МВт·ч,european_wholesale_electricity_price_data_monthly.csv,
2020-03-01,Ember оптовая цена э/э,Germany,22.47,EUR/МВт·ч,european_wholesale_electricity_price_data_monthly.csv,
2020-03-01,Ember оптовая цена э/э,Greece,43.6,EUR/МВт·ч,european_wholesale_electricity_price_data_monthly.csv,
2020-03-01,Ember оптовая цена э/э,Hungary,29.75,EUR/МВт·ч,european_wholesale_electricity_price_data_monthly.csv,
2020-03-01,Ember оптовая цена э/э,Ireland,33.48,EUR/МВт·ч,european_wholesale_electricity_price_data_monthly.csv,
2020-03-01,Ember оптовая цена э/э,Italy,31.97,EUR/МВт·ч,european_wholesale_electricity_price_data_monthly.csv,
2020-03-01,Ember оптовая цена э/э,Latvia,23.99,EUR/МВт·ч,european_wholesale_electricity_price_data_monthly.csv,
2020-03-01,Ember оптовая цена э/э,Lithuania,23.97,EUR/МВт·ч,european_wholesale_electricity_price_data_monthly.csv,
2020-03-01,Ember оптовая цена э/э,Luxembourg,22.47,EUR/МВт·ч,european_wholesale_electricity_price_data_monthly.csv,
2020-03-01,Ember оптовая цена э/э,Netherlands,24.75,EUR/МВт·ч,european_wholesale_electricity_price_data_monthly.csv,
2020-03-01,Ember оптовая цена э/э,Norway,8.35,EUR/МВт·ч,european_wholesale_electricity_price_data_monthly.csv,
2020-03-01,Ember оптовая цена э/э,Poland,36.94,EUR/МВт·ч,european_wholesale_electricity_price_data_monthly.csv,
2020-03-01,Ember оптовая цена э/э,Portugal,27.85,EUR/МВт·ч,european_wholesale_electricity_price_data_monthly.csv,
2020-03-01,Ember оптовая цена э/э,Romania,29.63,EUR/МВт·ч,european_wholesale_electricity_price_data_monthly.csv,
2020-03-01,Ember оптовая цена э/э,Serbia,29.84,EUR/МВт·ч,european_wholesale_electricity_price_data_monthly.csv,
2020-03-01,Ember оптовая цена э/э,Slovakia,25.51,EUR/МВт·ч,european_wholesale_electricity_price_data_monthly.csv,
2020-03-01,Ember оптовая цена э/э,Slovenia,29.41,EUR/МВт·ч,european_wholesale_electricity_price_data_monthly.csv,
2020-03-01,Ember оптовая цена э/э,Spain,27.74,EUR/МВт·ч,european_wholesale_electricity_price_data_monthly.csv,
2020-03-01,Ember оптовая цена э/э,Sweden,13.31,EUR/МВт·ч,european_wholesale_electricity_price_data_monthly.csv,
2020-03-01,Ember оптовая цена э/э,Switzerland,26.13,EUR/МВт·ч,european_wholesale_electricity_price_data_monthly.csv,
2020-03-01,Ember оптовая цена э/э,United Kingdom,35.06,EUR/МВт·ч,european_wholesale_electricity_price_data_monthly.csv,
2020-04-01,Ember оптовая цена э/э,Austria,18.86,EUR/МВт·ч,european_wholesale_electricity_price_data_monthly.csv,
2020-04-01,Ember оптовая цена э/э,Belgium,14.68,EUR/МВт·ч,european_wholesale_electricity_price_data_monthly.csv,
2020-04-01,Ember оптовая цена э/э,Bulgaria,24.83,EUR/МВт·ч,european_wholesale_electricity_price_data_monthly.csv,
2020-04-01,Ember оптовая цена э/э,Croatia,23.97,EUR/МВт·ч,european_wholesale_electricity_price_data_monthly.csv,
2020-04-01,Ember оптовая цена э/э,Czechia,19.24,EUR/МВт·ч,european_wholesale_electricity_price_data_monthly.csv,
2020-04-01,Ember оптовая цена э/э,Denmark,15.62,EUR/МВт·ч,european_wholesale_electricity_price_data_monthly.csv,
2020-04-01,Ember оптовая цена э/э,Estonia,23.68,EUR/МВт·ч,european_wholesale_electricity_price_data_monthly.csv,
2020-04-01,Ember оптовая цена э/э,Finland,19.81,EUR/МВт·ч,european_wholesale_electricity_price_data_monthly.csv,
2020-04-01,Ember оптовая цена э/э,France,13.41,EUR/МВт·ч,european_wholesale_electricity_price_data_monthly.csv,
2020-04-01,Ember оптовая цена э/э,Germany,17.51,EUR/МВт·ч,european_wholesale_electricity_price_data_monthly.csv,
2020-04-01,Ember оптовая цена э/э,Greece,28.48,EUR/МВт·ч,european_wholesale_electricity_price_data_monthly.csv,
2020-04-01,Ember оптовая цена э/э,Hungary,25.32,EUR/МВт·ч,european_wholesale_electricity_price_data_monthly.csv,
2020-04-01,Ember оптовая цена э/э,Ireland,28.16,EUR/МВт·ч,european_wholesale_electricity_price_data_monthly.csv,
2020-04-01,Ember оптовая цена э/э,Italy,24.79,EUR/МВт·ч,european_wholesale_electricity_price_data_monthly.csv,
2020-04-01,Ember оптовая цена э/э,Latvia,23.5,EUR/МВт·ч,european_wholesale_electricity_price_data_monthly.csv,
2020-04-01,Ember оптовая цена э/э,Lithuania,23.3,EUR/МВт·ч,european_wholesale_electricity_price_data_monthly.csv,
2020-04-01,Ember оптовая цена э/э,Luxembourg,17.51,EUR/МВт·ч,european_wholesale_electricity_price_data_monthly.csv,
2020-04-01,Ember оптовая цена э/э,Netherlands,18.97,EUR/МВт·ч,european_wholesale_electricity_price_data_monthly.csv,
2020-04-01,Ember оптовая цена э/э,Norway,4.69,EUR/МВт·ч,european_wholesale_electricity_price_data_monthly.csv,
2020-04-01,Ember оптовая цена э/э,Poland,33.3,EUR/МВт·ч,european_wholesale_electricity_price_data_monthly.csv,
2020-04-01,Ember оптовая цена э/э,Portugal,17.73,EUR/МВт·ч,european_wholesale_electricity_price_data_monthly.csv,
2020-04-01,Ember оптовая цена э/э,Romania,25.57,EUR/МВт·ч,european_wholesale_electricity_price_data_monthly.csv,
2020-04-01,Ember оптовая цена э/э,Serbia,25.08,EUR/МВт·ч,european_wholesale_electricity_price_data_monthly.csv,
2020-04-01,Ember оптовая цена э/э,Slovakia,19.34,EUR/МВт·ч,european_wholesale_electricity_price_data_monthly.csv,
2020-04-01,Ember оптовая цена э/э,Slovenia,23.74,EUR/МВт·ч,european_wholesale_electricity_price_data_monthly.csv,
2020-04-01,Ember оптовая цена э/э,Spain,17.61,EUR/МВт·ч,european_wholesale_electricity_price_data_monthly.csv,
2020-04-01,Ember оптовая цена э/э,Sweden,9.08,EUR/МВт·ч,european_wholesale_electricity_price_data_monthly.csv,
2020-04-01,Ember оптовая цена э/э,Switzerland,17.18,EUR/МВт·ч,european_wholesale_electricity_price_data_monthly.csv,
2020-04-01,Ember оптовая цена э/э,United Kingdom,27.6,EUR/МВт·ч,european_wholesale_electricity_price_data_monthly.csv,
2020-05-01,Ember оптовая цена э/э,Austria,17.88,EUR/МВт·ч,european_wholesale_electricity_price_data_monthly.csv,
2020-05-01,Ember оптовая цена э/э,Belgium,15.41,EUR/МВт·ч,european_wholesale_electricity_price_data_monthly.csv,
2020-05-01,Ember оптовая цена э/э,Bulgaria,23.36,EUR/МВт·ч,european_wholesale_electricity_price_data_monthly.csv,
2020-05-01,Ember оптовая цена э/э,Croatia,22.43,EUR/МВт·ч,european_wholesale_electricity_price_data_monthly.csv,
2020-05-01,Ember оптовая цена э/э,Czechia,18.1,EUR/МВт·ч,european_wholesale_electricity_price_data_monthly.csv,
2020-05-01,Ember оптовая цена э/э,Denmark,17.18,EUR/МВт·ч,european_wholesale_electricity_price_data_monthly.csv,
2020-05-01,Ember оптовая цена э/э,Estonia,25.02,EUR/МВт·ч,european_wholesale_electricity_price_data_monthly.csv,
2020-05-01,Ember оптовая цена э/э,Finland,19.46,EUR/МВт·ч,european_wholesale_electricity_price_data_monthly.csv,
2020-05-01,Ember оптовая цена э/э,France,14.87,EUR/МВт·ч,european_wholesale_electricity_price_data_monthly.csv,
2020-05-01,Ember оптовая цена э/э,Germany,17.75,EUR/МВт·ч,european_wholesale_electricity_price_data_monthly.csv,
2020-05-01,Ember оптовая цена э/э,Greece,34.27,EUR/МВт·ч,european_wholesale_electricity_price_data_monthly.csv,
2020-05-01,Ember оптовая цена э/э,Hungary,23.57,EUR/МВт·ч,european_wholesale_electricity_price_data_monthly.csv,
2020-05-01,Ember оптовая цена э/э,Ireland,23.78,EUR/МВт·ч,european_wholesale_electricity_price_data_monthly.csv,
2020-05-01,Ember оптовая цена э/э,Italy,21.79,EUR/МВт·ч,european_wholesale_electricity_price_data_monthly.csv,
2020-05-01,Ember оптовая цена э/э,Latvia,24.52,EUR/МВт·ч,european_wholesale_electricity_price_data_monthly.csv,
2020-05-01,Ember оптовая цена э/э,Lithuania,24.52,EUR/МВт·ч,european_wholesale_electricity_price_data_monthly.csv,
2020-05-01,Ember оптовая цена э/э,Luxembourg,17.75,EUR/МВт·ч,european_wholesale_electricity_price_data_monthly.csv,
2020-05-01,Ember оптовая цена э/э,Netherlands,17.67,EUR/МВт·ч,european_wholesale_electricity_price_data_monthly.csv,
2020-05-01,Ember оптовая цена э/э,Norway,7.73,EUR/МВт·ч,european_wholesale_electricity_price_data_monthly.csv,
2020-05-01,Ember оптовая цена э/э,Poland,38.55,EUR/МВт·ч,european_wholesale_electricity_price_data_monthly.csv,
2020-05-01,Ember оптовая цена э/э,Portugal,21.44,EUR/МВт·ч,european_wholesale_electricity_price_data_monthly.csv,
2020-05-01,Ember оптовая цена э/э,Romania,24.76,EUR/МВт·ч,european_wholesale_electricity_price_data_monthly.csv,
2020-05-01,Ember оптовая цена э/э,Serbia,23.98,EUR/МВт·ч,european_wholesale_electricity_price_data_monthly.csv,
2020-05-01,Ember оптовая цена э/э,Slovakia,18.26,EUR/МВт·ч,european_wholesale_electricity_price_data_monthly.csv,
2020-05-01,Ember оптовая цена э/э,Slovenia,21.23,EUR/МВт·ч,european_wholesale_electricity_price_data_monthly.csv,
2020-05-01,Ember оптовая цена э/э,Spain,21.33,EUR/МВт·ч,european_wholesale_electricity_price_data_monthly.csv,
2020-05-01,Ember оптовая цена э/э,Sweden,12.37,EUR/МВт·ч,european_wholesale_electricity_price_data_monthly.csv,
2020-05-01,Ember оптовая цена э/э,Switzerland,16.86,EUR/МВт·ч,european_wholesale_electricity_price_data_monthly.csv,
2020-05-01,Ember оптовая цена э/э,United Kingdom,25.08,EUR/МВт·ч,european_wholesale_electricity_price_data_monthly.csv,
2020-06-01,Ember оптовая цена э/э,Austria,26.25,EUR/МВт·ч,european_wholesale_electricity_price_data_monthly.csv,
2020-06-01,Ember оптовая цена э/э,Belgium,25.59,EUR/МВт·ч,european_wholesale_electricity_price_data_monthly.csv,
2020-06-01,Ember оптовая цена э/э,Bulgaria,30.5,EUR/МВт·ч,european_wholesale_electricity_price_data_monthly.csv,
2020-06-01,Ember оптовая цена э/э,Croatia,28.82,EUR/МВт·ч,european_wholesale_electricity_price_data_monthly.csv,
2020-06-01,Ember оптовая цена э/э,Czechia,26.34,EUR/МВт·ч,european_wholesale_electricity_price_data_monthly.csv,
2020-06-01,Ember оптовая цена э/э,Denmark,27.55,EUR/МВт·ч,european_wholesale_electricity_price_data_monthly.csv,
2020-06-01,Ember оптовая цена э/э,Estonia,37.76,EUR/МВт·ч,european_wholesale_electricity_price_data_monthly.csv,
2020-06-01,Ember оптовая цена э/э,Finland,28.25,EUR/МВт·ч,european_wholesale_electricity_price_data_monthly.csv,
2020-06-01,Ember оптовая цена э/э,France,25.85,EUR/МВт·ч,european_wholesale_electricity_price_data_monthly.csv,
2020-06-01,Ember оптовая цена э/э,Germany,26.0,EUR/МВт·ч,european_wholesale_electricity_price_data_monthly.csv,
2020-06-01,Ember оптовая цена э/э,Greece,34.09,EUR/МВт·ч,european_wholesale_electricity_price_data_monthly.csv,
2020-06-01,Ember оптовая цена э/э,Hungary,30.02,EUR/МВт·ч,european_wholesale_electricity_price_data_monthly.csv,
2020-06-01,Ember оптовая цена э/э,Ireland,25.59,EUR/МВт·ч,european_wholesale_electricity_price_data_monthly.csv,
2020-06-01,Ember оптовая цена э/э,Italy,28.06,EUR/МВт·ч,european_wholesale_electricity_price_data_monthly.csv,
2020-06-01,Ember оптовая цена э/э,Latvia,38.65,EUR/МВт·ч,european_wholesale_electricity_price_data_monthly.csv,
2020-06-01,Ember оптовая цена э/э,Lithuania,38.64,EUR/МВт·ч,european_wholesale_electricity_price_data_monthly.csv,
2020-06-01,Ember оптовая цена э/э,Luxembourg,26.0,EUR/МВт·ч,european_wholesale_electricity_price_data_monthly.csv,
2020-06-01,Ember оптовая цена э/э,Netherlands,26.26,EUR/МВт·ч,european_wholesale_electricity_price_data_monthly.csv,
2020-06-01,Ember оптовая цена э/э,Norway,2.05,EUR/МВт·ч,european_wholesale_electricity_price_data_monthly.csv,
2020-06-01,Ember оптовая цена э/э,Poland,48.39,EUR/МВт·ч,european_wholesale_electricity_price_data_monthly.csv,
2020-06-01,Ember оптовая цена э/э,Portugal,30.66,EUR/МВт·ч,european_wholesale_electricity_price_data_monthly.csv,
2020-06-01,Ember оптовая цена э/э,Romania,30.36,EUR/МВт·ч,european_wholesale_electricity_price_data_monthly.csv,
2020-06-01,Ember оптовая цена э/э,Serbia,29.84,EUR/МВт·ч,european_wholesale_electricity_price_data_monthly.csv,
2020-06-01,Ember оптовая цена э/э,Slovakia,26.34,EUR/МВт·ч,european_wholesale_electricity_price_data_monthly.csv,
2020-06-01,Ember оптовая цена э/э,Slovenia,27.96,EUR/МВт·ч,european_wholesale_electricity_price_data_monthly.csv,
2020-06-01,Ember оптовая цена э/э,Spain,30.63,EUR/МВт·ч,european_wholesale_electricity_price_data_monthly.csv,
2020-06-01,Ember оптовая цена э/э,Sweden,21.19,EUR/МВт·ч,european_wholesale_electricity_price_data_monthly.csv,
2020-06-01,Ember оптовая цена э/э,Switzerland,25.71,EUR/МВт·ч,european_wholesale_electricity_price_data_monthly.csv,
2020-06-01,Ember оптовая цена э/э,United Kingdom,29.49,EUR/МВт·ч,european_wholesale_electricity_price_data_monthly.csv,
2020-07-01,Ember оптовая цена э/э,Austria,32.32,EUR/МВт·ч,european_wholesale_electricity_price_data_monthly.csv,
2020-07-01,Ember оптовая цена э/э,Belgium,29.87,EUR/МВт·ч,european_wholesale_electricity_price_data_monthly.csv,
2020-07-01,Ember оптовая цена э/э,Bulgaria,36.78,EUR/МВт·ч,european_wholesale_electricity_price_data_monthly.csv,
2020-07-01,Ember оптовая цена э/э,Croatia,35.43,EUR/МВт·ч,european_wholesale_electricity_price_data_monthly.csv,
2020-07-01,Ember оптовая цена э/э,Czechia,32.77,EUR/МВт·ч,european_wholesale_electricity_price_data_monthly.csv,
2020-07-01,Ember оптовая цена э/э,Denmark,25.17,EUR/МВт·ч,european_wholesale_electricity_price_data_monthly.csv,
2020-07-01,Ember оптовая цена э/э,Estonia,30.17,EUR/МВт·ч,european_wholesale_electricity_price_data_monthly.csv,
2020-07-01,Ember оптовая цена э/э,Finland,20.27,EUR/МВт·ч,european_wholesale_electricity_price_data_monthly.csv,
2020-07-01,Ember оптовая цена э/э,France,33.42,EUR/МВт·ч,european_wholesale_electricity_price_data_monthly.csv,
2020-07-01,Ember оптовая цена э/э,Germany,30.37,EUR/МВт·ч,european_wholesale_electricity_price_data_monthly.csv,
2020-07-01,Ember оптовая цена э/э,Greece,41.17,EUR/МВт·ч,european_wholesale_electricity_price_data_monthly.csv,
2020-07-01,Ember оптовая цена э/э,Hungary,36.69,EUR/МВт·ч,european_wholesale_electricity_price_data_monthly.csv,
2020-07-01,Ember оптовая цена э/э,Ireland,30.25,EUR/МВт·ч,european_wholesale_electricity_price_data_monthly.csv,
2020-07-01,Ember оптовая цена э/э,Italy,37.99,EUR/МВт·ч,european_wholesale_electricity_price_data_monthly.csv,
2020-07-01,Ember оптовая цена э/э,Latvia,31.87,EUR/МВт·ч,european_wholesale_electricity_price_data_monthly.csv,
2020-07-01,Ember оптовая цена э/э,Lithuania,31.77,EUR/МВт·ч,european_wholesale_electricity_price_data_monthly.csv,
2020-07-01,Ember оптовая цена э/э,Luxembourg,30.37,EUR/МВт·ч,european_wholesale_electricity_price_data_monthly.csv,
2020-07-01,Ember оптовая цена э/э,Netherlands,29.35,EUR/МВт·ч,european_wholesale_electricity_price_data_monthly.csv,
2020-07-01,Ember оптовая цена э/э,Norway,1.85,EUR/МВт·ч,european_wholesale_electricity_price_data_monthly.csv,
2020-07-01,Ember оптовая цена э/э,Poland,48.98,EUR/МВт·ч,european_wholesale_electricity_price_data_monthly.csv,
2020-07-01,Ember оптовая цена э/э,Portugal,34.62,EUR/МВт·ч,european_wholesale_electricity_price_data_monthly.csv,
2020-07-01,Ember оптовая цена э/э,Romania,37.09,EUR/МВт·ч,european_wholesale_electricity_price_data_monthly.csv,
2020-07-01,Ember оптовая цена э/э,Serbia,36.65,EUR/МВт·ч,european_wholesale_electricity_price_data_monthly.csv,
2020-07-01,Ember оптовая цена э/э,Slovakia,32.77,EUR/МВт·ч,european_wholesale_electricity_price_data_monthly.csv,
2020-07-01,Ember оптовая цена э/э,Slovenia,35.22,EUR/МВт·ч,european_wholesale_electricity_price_data_monthly.csv,
2020-07-01,Ember оптовая цена э/э,Spain,34.62,EUR/МВт·ч,european_wholesale_electricity_price_data_monthly.csv,
2020-07-01,Ember оптовая цена э/э,Sweden,11.4,EUR/МВт·ч,european_wholesale_electricity_price_data_monthly.csv,
2020-07-01,Ember оптовая цена э/э,Switzerland,32.82,EUR/МВт·ч,european_wholesale_electricity_price_data_monthly.csv,
2020-07-01,Ember оптовая цена э/э,United Kingdom,32.54,EUR/МВт·ч,european_wholesale_electricity_price_data_monthly.csv,
2020-08-01,Ember оптовая цена э/э,Austria,35.33,EUR/МВт·ч,european_wholesale_electricity_price_data_monthly.csv,
2020-08-01,Ember оптовая цена э/э,Belgium,35.55,EUR/МВт·ч,european_wholesale_electricity_price_data_monthly.csv,
2020-08-01,Ember оптовая цена э/э,Bulgaria,37.44,EUR/МВт·ч,european_wholesale_electricity_price_data_monthly.csv,
2020-08-01,Ember оптовая цена э/э,Croatia,38.15,EUR/МВт·ч,european_wholesale_electricity_price_data_monthly.csv,
2020-08-01,Ember оптовая цена э/э,Czechia,34.58,EUR/МВт·ч,european_wholesale_electricity_price_data_monthly.csv,
2020-08-01,Ember оптовая цена э/э,Denmark,36.91,EUR/МВт·ч,european_wholesale_electricity_price_data_monthly.csv,
2020-08-01,Ember оптовая цена э/э,Estonia,40.92,EUR/МВт·ч,european_wholesale_electricity_price_data_monthly.csv,
2020-08-01,Ember оптовая цена э/э,Finland,40.57,EUR/МВт·ч,european_wholesale_electricity_price_data_monthly.csv,
2020-08-01,Ember оптовая цена э/э,France,36.76,EUR/МВт·ч,european_wholesale_electricity_price_data_monthly.csv,
2020-08-01,Ember оптовая цена э/э,Germany,34.4,EUR/МВт·ч,european_wholesale_electricity_price_data_monthly.csv,
2020-08-01,Ember оптовая цена э/э,Greece,46.18,EUR/МВт·ч,european_wholesale_electricity_price_data_monthly.csv,
2020-08-01,Ember оптовая цена э/э,Hungary,37.63,EUR/МВт·ч,european_wholesale_electricity_price_data_monthly.csv,
2020-08-01,Ember оптовая цена э/э,Ireland,36.52,EUR/МВт·ч,european_wholesale_electricity_price_data_monthly.csv,
2020-08-01,Ember оптовая цена э/э,Italy,40.27,EUR/МВт·ч,european_wholesale_electricity_price_data_monthly.csv,
2020-08-01,Ember оптовая цена э/э,Latvia,43.44,EUR/МВт·ч,european_wholesale_electricity_price_data_monthly.csv,
2020-08-01,Ember оптовая цена э/э,Lithuania,43.35,EUR/МВт·ч,european_wholesale_electricity_price_data_monthly.csv,
2020-08-01,Ember оптовая цена э/э,Luxembourg,34.4,EUR/МВт·ч,european_wholesale_electricity_price_data_monthly.csv,
2020-08-01,Ember оптовая цена э/э,Netherlands,34.07,EUR/МВт·ч,european_wholesale_electricity_price_data_monthly.csv,
2020-08-01,Ember оптовая цена э/э,Norway,4.61,EUR/МВт·ч,european_wholesale_electricity_price_data_monthly.csv,
2020-08-01,Ember оптовая цена э/э,Poland,52.29,EUR/МВт·ч,european_wholesale_electricity_price_data_monthly.csv,
2020-08-01,Ember оптовая цена э/э,Portugal,36.13,EUR/МВт·ч,european_wholesale_electricity_price_data_monthly.csv,
2020-08-01,Ember оптовая цена э/э,Romania,37.89,EUR/МВт·ч,european_wholesale_electricity_price_data_monthly.csv,
2020-08-01,Ember оптовая цена э/э,Serbia,37.26,EUR/МВт·ч,european_wholesale_electricity_price_data_monthly.csv,
2020-08-01,Ember оптовая цена э/э,Slovakia,35.18,EUR/МВт·ч,european_wholesale_electricity_price_data_monthly.csv,
2020-08-01,Ember оптовая цена э/э,Slovenia,37.61,EUR/МВт·ч,european_wholesale_electricity_price_data_monthly.csv,
2020-08-01,Ember оптовая цена э/э,Spain,36.21,EUR/МВт·ч,european_wholesale_electricity_price_data_monthly.csv,
2020-08-01,Ember оптовая цена э/э,Sweden,31.72,EUR/МВт·ч,european_wholesale_electricity_price_data_monthly.csv,
2020-08-01,Ember оптовая цена э/э,Switzerland,35.53,EUR/МВт·ч,european_wholesale_electricity_price_data_monthly.csv,
2020-08-01,Ember оптовая цена э/э,United Kingdom,40.3,EUR/МВт·ч,european_wholesale_electricity_price_data_monthly.csv,
2020-09-01,Ember оптовая цена э/э,Austria,45.18,EUR/МВт·ч,european_wholesale_electricity_price_data_monthly.csv,
2020-09-01,Ember оптовая цена э/э,Belgium,44.23,EUR/МВт·ч,european_wholesale_electricity_price_data_monthly.csv,
2020-09-01,Ember оптовая цена э/э,Bulgaria,46.21,EUR/МВт·ч,european_wholesale_electricity_price_data_monthly.csv,
2020-09-01,Ember оптовая цена э/э,Croatia,45.85,EUR/МВт·ч,european_wholesale_electricity_price_data_monthly.csv,
2020-09-01,Ember оптовая цена э/э,Czechia,44.89,EUR/МВт·ч,european_wholesale_electricity_price_data_monthly.csv,
2020-09-01,Ember оптовая цена э/э,Denmark,38.84,EUR/МВт·ч,european_wholesale_electricity_price_data_monthly.csv,
2020-09-01,Ember оптовая цена э/э,Estonia,39.55,EUR/МВт·ч,european_wholesale_electricity_price_data_monthly.csv,
2020-09-01,Ember оптовая цена э/э,Finland,37.78,EUR/МВт·ч,european_wholesale_electricity_price_data_monthly.csv,
2020-09-01,Ember оптовая цена э/э,France,47.19,EUR/МВт·ч,european_wholesale_electricity_price_data_monthly.csv,
2020-09-01,Ember оптовая цена э/э,Germany,43.65,EUR/МВт·ч,european_wholesale_electricity_price_data_monthly.csv,
2020-09-01,Ember оптовая цена э/э,Greece,46.52,EUR/МВт·ч,european_wholesale_electricity_price_data_monthly.csv,
2020-09-01,Ember оптовая цена э/э,Hungary,45.72,EUR/МВт·ч,european_wholesale_electricity_price_data_monthly.csv,
2020-09-01,Ember оптовая цена э/э,Ireland,44.07,EUR/МВт·ч,european_wholesale_electricity_price_data_monthly.csv,
2020-09-01,Ember оптовая цена э/э,Italy,48.77,EUR/МВт·ч,european_wholesale_electricity_price_data_monthly.csv,
2020-09-01,Ember оптовая цена э/э,Latvia,39.85,EUR/МВт·ч,european_wholesale_electricity_price_data_monthly.csv,
2020-09-01,Ember оптовая цена э/э,Lithuania,39.44,EUR/МВт·ч,european_wholesale_electricity_price_data_monthly.csv,
2020-09-01,Ember оптовая цена э/э,Luxembourg,43.65,EUR/МВт·ч,european_wholesale_electricity_price_data_monthly.csv,
2020-09-01,Ember оптовая цена э/э,Netherlands,42.6,EUR/МВт·ч,european_wholesale_electricity_price_data_monthly.csv,
2020-09-01,Ember оптовая цена э/э,Norway,9.24,EUR/МВт·ч,european_wholesale_electricity_price_data_monthly.csv,
2020-09-01,Ember оптовая цена э/э,Poland,53.74,EUR/МВт·ч,european_wholesale_electricity_price_data_monthly.csv,
2020-09-01,Ember оптовая цена э/э,Portugal,41.92,EUR/МВт·ч,european_wholesale_electricity_price_data_monthly.csv,
2020-09-01,Ember оптовая цена э/э,Romania,45.81,EUR/МВт·ч,european_wholesale_electricity_price_data_monthly.csv,
2020-09-01,Ember оптовая цена э/э,Serbia,45.52,EUR/МВт·ч,european_wholesale_electricity_price_data_monthly.csv,
2020-09-01,Ember оптовая цена э/э,Slovakia,44.99,EUR/МВт·ч,european_wholesale_electricity_price_data_monthly.csv,
2020-09-01,Ember оптовая цена э/э,Slovenia,45.85,EUR/МВт·ч,european_wholesale_electricity_price_data_monthly.csv,
2020-09-01,Ember оптовая цена э/э,Spain,41.95,EUR/МВт·ч,european_wholesale_electricity_price_data_monthly.csv,
2020-09-01,Ember оптовая цена э/э,Sweden,33.19,EUR/МВт·ч,european_wholesale_electricity_price_data_monthly.csv,
2020-09-01,Ember оптовая цена э/э,Switzerland,45.89,EUR/МВт·ч,european_wholesale_electricity_price_data_monthly.csv,
2020-09-01,Ember оптовая цена э/э,United Kingdom,48.14,EUR/МВт·ч,european_wholesale_electricity_price_data_monthly.csv,
2020-10-01,Ember оптовая цена э/э,Austria,35.55,EUR/МВт·ч,european_wholesale_electricity_price_data_monthly.csv,
2020-10-01,Ember оптовая цена э/э,Belgium,39.38,EUR/МВт·ч,european_wholesale_electricity_price_data_monthly.csv,
2020-10-01,Ember оптовая цена э/э,Bulgaria,43.12,EUR/МВт·ч,european_wholesale_electricity_price_data_monthly.csv,
2020-10-01,Ember оптовая цена э/э,Croatia,38.56,EUR/МВт·ч,european_wholesale_electricity_price_data_monthly.csv,
2020-10-01,Ember оптовая цена э/э,Czechia,36.35,EUR/МВт·ч,european_wholesale_electricity_price_data_monthly.csv,
2020-10-01,Ember оптовая цена э/э,Denmark,26.16,EUR/МВт·ч,european_wholesale_electricity_price_data_monthly.csv,
2020-10-01,Ember оптовая цена э/э,Estonia,37.65,EUR/МВт·ч,european_wholesale_electricity_price_data_monthly.csv,
2020-10-01,Ember оптовая цена э/э,Finland,31.08,EUR/МВт·ч,european_wholesale_electricity_price_data_monthly.csv,
2020-10-01,Ember оптовая цена э/э,France,37.88,EUR/МВт·ч,european_wholesale_electricity_price_data_monthly.csv,
2020-10-01,Ember оптовая цена э/э,Germany,34.05,EUR/МВт·ч,european_wholesale_electricity_price_data_monthly.csv,
2020-10-01,Ember оптовая цена э/э,Greece,47.32,EUR/МВт·ч,european_wholesale_electricity_price_data_monthly.csv,
2020-10-01,Ember оптовая цена э/э,Hungary,39.32,EUR/МВт·ч,european_wholesale_electricity_price_data_monthly.csv,
2020-10-01,Ember оптовая цена э/э,Ireland,47.38,EUR/МВт·ч,european_wholesale_electricity_price_data_monthly.csv,
2020-10-01,Ember оптовая цена э/э,Italy,43.52,EUR/МВт·ч,european_wholesale_electricity_price_data_monthly.csv,
2020-10-01,Ember оптовая цена э/э,Latvia,37.76,EUR/МВт·ч,european_wholesale_electricity_price_data_monthly.csv,
2020-10-01,Ember оптовая цена э/э,Lithuania,37.76,EUR/МВт·ч,european_wholesale_electricity_price_data_monthly.csv,
2020-10-01,Ember оптовая цена э/э,Luxembourg,34.05,EUR/МВт·ч,european_wholesale_electricity_price_data_monthly.csv,
2020-10-01,Ember оптовая цена э/э,Netherlands,37.11,EUR/МВт·ч,european_wholesale_electricity_price_data_monthly.csv,
2020-10-01,Ember оптовая цена э/э,Norway,12.39,EUR/МВт·ч,european_wholesale_electricity_price_data_monthly.csv,
2020-10-01,Ember оптовая цена э/э,Poland,52.19,EUR/МВт·ч,european_wholesale_electricity_price_data_monthly.csv,
2020-10-01,Ember оптовая цена э/э,Portugal,36.43,EUR/МВт·ч,european_wholesale_electricity_price_data_monthly.csv,
2020-10-01,Ember оптовая цена э/э,Romania,42.21,EUR/МВт·ч,european_wholesale_electricity_price_data_monthly.csv,
2020-10-01,Ember оптовая цена э/э,Serbia,39.31,EUR/МВт·ч,european_wholesale_electricity_price_data_monthly.csv,
2020-10-01,Ember оптовая цена э/э,Slovakia,36.36,EUR/МВт·ч,european_wholesale_electricity_price_data_monthly.csv,
2020-10-01,Ember оптовая цена э/э,Slovenia,38.56,EUR/МВт·ч,european_wholesale_electricity_price_data_monthly.csv,
2020-10-01,Ember оптовая цена э/э,Spain,36.55,EUR/МВт·ч,european_wholesale_electricity_price_data_monthly.csv,
2020-10-01,Ember оптовая цена э/э,Sweden,22.58,EUR/МВт·ч,european_wholesale_electricity_price_data_monthly.csv,
2020-10-01,Ember оптовая цена э/э,Switzerland,38.21,EUR/МВт·ч,european_wholesale_electricity_price_data_monthly.csv,
2020-10-01,Ember оптовая цена э/э,United Kingdom,47.08,EUR/МВт·ч,european_wholesale_electricity_price_data_monthly.csv,
2020-11-01,Ember оптовая цена э/э,Austria,40.65,EUR/МВт·ч,european_wholesale_electricity_price_data_monthly.csv,
2020-11-01,Ember оптовая цена э/э,Belgium,39.93,EUR/МВт·ч,european_wholesale_electricity_price_data_monthly.csv,
2020-11-01,Ember оптовая цена э/э,Bulgaria,47.72,EUR/МВт·ч,european_wholesale_electricity_price_data_monthly.csv,
2020-11-01,Ember оптовая цена э/э,Croatia,47.23,EUR/МВт·ч,european_wholesale_electricity_price_data_monthly.csv,
2020-11-01,Ember оптовая цена э/э,Czechia,41.68,EUR/МВт·ч,european_wholesale_electricity_price_data_monthly.csv,
2020-11-01,Ember оптовая цена э/э,Denmark,28.26,EUR/МВт·ч,european_wholesale_electricity_price_data_monthly.csv,
2020-11-01,Ember оптовая цена э/э,Estonia,40.99,EUR/МВт·ч,european_wholesale_electricity_price_data_monthly.csv,
2020-11-01,Ember оптовая цена э/э,Finland,27.64,EUR/МВт·ч,european_wholesale_electricity_price_data_monthly.csv,
2020-11-01,Ember оптовая цена э/э,France,40.14,EUR/МВт·ч,european_wholesale_electricity_price_data_monthly.csv,
2020-11-01,Ember оптовая цена э/э,Germany,38.22,EUR/МВт·ч,european_wholesale_electricity_price_data_monthly.csv,
2020-11-01,Ember оптовая цена э/э,Greece,52.57,EUR/МВт·ч,european_wholesale_electricity_price_data_monthly.csv,
2020-11-01,Ember оптовая цена э/э,Hungary,48.92,EUR/МВт·ч,european_wholesale_electricity_price_data_monthly.csv,
2020-11-01,Ember оптовая цена э/э,Ireland,44.63,EUR/МВт·ч,european_wholesale_electricity_price_data_monthly.csv,
2020-11-01,Ember оптовая цена э/э,Italy,48.75,EUR/МВт·ч,european_wholesale_electricity_price_data_monthly.csv,
2020-11-01,Ember оптовая цена э/э,Latvia,41.1,EUR/МВт·ч,european_wholesale_electricity_price_data_monthly.csv,
2020-11-01,Ember оптовая цена э/э,Lithuania,41.19,EUR/МВт·ч,european_wholesale_electricity_price_data_monthly.csv,
2020-11-01,Ember оптовая цена э/э,Luxembourg,38.22,EUR/МВт·ч,european_wholesale_electricity_price_data_monthly.csv,
2020-11-01,Ember оптовая цена э/э,Netherlands,41.05,EUR/МВт·ч,european_wholesale_electricity_price_data_monthly.csv,
2020-11-01,Ember оптовая цена э/э,Norway,4.85,EUR/МВт·ч,european_wholesale_electricity_price_data_monthly.csv,
2020-11-01,Ember оптовая цена э/э,Poland,53.55,EUR/МВт·ч,european_wholesale_electricity_price_data_monthly.csv,
2020-11-01,Ember оптовая цена э/э,Portugal,42.11,EUR/МВт·ч,european_wholesale_electricity_price_data_monthly.csv,
2020-11-01,Ember оптовая цена э/э,Romania,48.65,EUR/МВт·ч,european_wholesale_electricity_price_data_monthly.csv,
2020-11-01,Ember оптовая цена э/э,Serbia,48.67,EUR/МВт·ч,european_wholesale_electricity_price_data_monthly.csv,
2020-11-01,Ember оптовая цена э/э,Slovakia,42.46,EUR/МВт·ч,european_wholesale_electricity_price_data_monthly.csv,
2020-11-01,Ember оптовая цена э/э,Slovenia,46.93,EUR/МВт·ч,european_wholesale_electricity_price_data_monthly.csv,
2020-11-01,Ember оптовая цена э/э,Spain,41.96,EUR/МВт·ч,european_wholesale_electricity_price_data_monthly.csv,
2020-11-01,Ember оптовая цена э/э,Sweden,22.4,EUR/МВт·ч,european_wholesale_electricity_price_data_monthly.csv,
2020-11-01,Ember оптовая цена э/э,Switzerland,41.49,EUR/МВт·ч,european_wholesale_electricity_price_data_monthly.csv,
2020-11-01,Ember оптовая цена э/э,United Kingdom,49.12,EUR/МВт·ч,european_wholesale_electricity_price_data_monthly.csv,
2020-12-01,Ember оптовая цена э/э,Austria,50.35,EUR/МВт·ч,european_wholesale_electricity_price_data_monthly.csv,
2020-12-01,Ember оптовая цена э/э,Belgium,47.4,EUR/МВт·ч,european_wholesale_electricity_price_data_monthly.csv,
2020-12-01,Ember оптовая цена э/э,Bulgaria,56.76,EUR/МВт·ч,european_wholesale_electricity_price_data_monthly.csv,
2020-12-01,Ember оптовая цена э/э,Croatia,55.56,EUR/МВт·ч,european_wholesale_electricity_price_data_monthly.csv,
2020-12-01,Ember оптовая цена э/э,Czechia,51.49,EUR/МВт·ч,european_wholesale_electricity_price_data_monthly.csv,
2020-12-01,Ember оптовая цена э/э,Denmark,36.4,EUR/МВт·ч,european_wholesale_electricity_price_data_monthly.csv,
2020-12-01,Ember оптовая цена э/э,Estonia,45.5,EUR/МВт·ч,european_wholesale_electricity_price_data_monthly.csv,
2020-12-01,Ember оптовая цена э/э,Finland,39.27,EUR/МВт·ч,european_wholesale_electricity_price_data_monthly.csv,
2020-12-01,Ember оптовая цена э/э,France,48.42,EUR/МВт·ч,european_wholesale_electricity_price_data_monthly.csv,
2020-12-01,Ember оптовая цена э/э,Germany,43.75,EUR/МВт·ч,european_wholesale_electricity_price_data_monthly.csv,
2020-12-01,Ember оптовая цена э/э,Greece,59.0,EUR/МВт·ч,european_wholesale_electricity_price_data_monthly.csv,
2020-12-01,Ember оптовая цена э/э,Hungary,58.19,EUR/МВт·ч,european_wholesale_electricity_price_data_monthly.csv,
2020-12-01,Ember оптовая цена э/э,Ireland,58.53,EUR/МВт·ч,european_wholesale_electricity_price_data_monthly.csv,
2020-12-01,Ember оптовая цена э/э,Italy,54.07,EUR/МВт·ч,european_wholesale_electricity_price_data_monthly.csv,
2020-12-01,Ember оптовая цена э/э,Latvia,44.87,EUR/МВт·ч,european_wholesale_electricity_price_data_monthly.csv,
2020-12-01,Ember оптовая цена э/э,Lithuania,45.76,EUR/МВт·ч,european_wholesale_electricity_price_data_monthly.csv,
2020-12-01,Ember оптовая цена э/э,Luxembourg,43.75,EUR/МВт·ч,european_wholesale_electricity_price_data_monthly.csv,
2020-12-01,Ember оптовая цена э/э,Netherlands,48.28,EUR/МВт·ч,european_wholesale_electricity_price_data_monthly.csv,
2020-12-01,Ember оптовая цена э/э,Norway,18.12,EUR/МВт·ч,european_wholesale_electricity_price_data_monthly.csv,
2020-12-01,Ember оптовая цена э/э,Poland,56.65,EUR/МВт·ч,european_wholesale_electricity_price_data_monthly.csv,
2020-12-01,Ember оптовая цена э/э,Portugal,42.04,EUR/МВт·ч,european_wholesale_electricity_price_data_monthly.csv,
2020-12-01,Ember оптовая цена э/э,Romania,58.4,EUR/МВт·ч,european_wholesale_electricity_price_data_monthly.csv,
2020-12-01,Ember оптовая цена э/э,Serbia,57.95,EUR/МВт·ч,european_wholesale_electricity_price_data_monthly.csv,
2020-12-01,Ember оптовая цена э/э,Slovakia,51.56,EUR/МВт·ч,european_wholesale_electricity_price_data_monthly.csv,
2020-12-01,Ember оптовая цена э/э,Slovenia,54.52,EUR/МВт·ч,european_wholesale_electricity_price_data_monthly.csv,
2020-12-01,Ember оптовая цена э/э,Spain,41.97,EUR/МВт·ч,european_wholesale_electricity_price_data_monthly.csv,
2020-12-01,Ember оптовая цена э/э,Sweden,29.73,EUR/МВт·ч,european_wholesale_electricity_price_data_monthly.csv,
2020-12-01,Ember оптовая цена э/э,Switzerland,51.36,EUR/МВт·ч,european_wholesale_electricity_price_data_monthly.csv,
2020-12-01,Ember оптовая цена э/э,United Kingdom,60.69,EUR/МВт·ч,european_wholesale_electricity_price_data_monthly.csv,
2021-01-01,Ember оптовая цена э/э,Austria,57.72,EUR/МВт·ч,european_wholesale_electricity_price_data_monthly.csv,
2021-01-01,Ember оптовая цена э/э,Belgium,57.44,EUR/МВт·ч,european_wholesale_electricity_price_data_monthly.csv,
2021-01-01,Ember оптовая цена э/э,Bulgaria,53.17,EUR/МВт·ч,european_wholesale_electricity_price_data_monthly.csv,
2021-01-01,Ember оптовая цена э/э,Croatia,53.87,EUR/МВт·ч,european_wholesale_electricity_price_data_monthly.csv,
2021-01-01,Ember оптовая цена э/э,Czechia,56.16,EUR/МВт·ч,european_wholesale_electricity_price_data_monthly.csv,
2021-01-01,Ember оптовая цена э/э,Denmark,50.44,EUR/МВт·ч,european_wholesale_electricity_price_data_monthly.csv,
2021-01-01,Ember оптовая цена э/э,Estonia,53.57,EUR/МВт·ч,european_wholesale_electricity_price_data_monthly.csv,
2021-01-01,Ember оптовая цена э/э,Finland,51.25,EUR/МВт·ч,european_wholesale_electricity_price_data_monthly.csv,
2021-01-01,Ember оптовая цена э/э,France,59.47,EUR/МВт·ч,european_wholesale_electricity_price_data_monthly.csv,
2021-01-01,Ember оптовая цена э/э,Germany,53.31,EUR/МВт·ч,european_wholesale_electricity_price_data_monthly.csv,
2021-01-01,Ember оптовая цена э/э,Greece,52.51,EUR/МВт·ч,european_wholesale_electricity_price_data_monthly.csv,
2021-01-01,Ember оптовая цена э/э,Hungary,56.39,EUR/МВт·ч,european_wholesale_electricity_price_data_monthly.csv,
2021-01-01,Ember оптовая цена э/э,Ireland,78.48,EUR/МВт·ч,european_wholesale_electricity_price_data_monthly.csv,
2021-01-01,Ember оптовая цена э/э,Italy,60.7,EUR/МВт·ч,european_wholesale_electricity_price_data_monthly.csv,
2021-01-01,Ember оптовая цена э/э,Latvia,53.56,EUR/МВт·ч,european_wholesale_electricity_price_data_monthly.csv,
2021-01-01,Ember оптовая цена э/э,Lithuania,53.66,EUR/МВт·ч,european_wholesale_electricity_price_data_monthly.csv,
2021-01-01,Ember оптовая цена э/э,Luxembourg,53.31,EUR/МВт·ч,european_wholesale_electricity_price_data_monthly.csv,
2021-01-01,Ember оптовая цена э/э,Netherlands,53.62,EUR/МВт·ч,european_wholesale_electricity_price_data_monthly.csv,
2021-01-01,Ember оптовая цена э/э,Norway,46.03,EUR/МВт·ч,european_wholesale_electricity_price_data_monthly.csv,
2021-01-01,Ember оптовая цена э/э,Poland,54.79,EUR/МВт·ч,european_wholesale_electricity_price_data_monthly.csv,
2021-01-01,Ember оптовая цена э/э,Portugal,60.63,EUR/МВт·ч,european_wholesale_electricity_price_data_monthly.csv,
2021-01-01,Ember оптовая цена э/э,Romania,55.65,EUR/МВт·ч,european_wholesale_electricity_price_data_monthly.csv,
2021-01-01,Ember оптовая цена э/э,Serbia,53.75,EUR/МВт·ч,european_wholesale_electricity_price_data_monthly.csv,
2021-01-01,Ember оптовая цена э/э,Slovakia,55.77,EUR/МВт·ч,european_wholesale_electricity_price_data_monthly.csv,
2021-01-01,Ember оптовая цена э/э,Slovenia,57.53,EUR/МВт·ч,european_wholesale_electricity_price_data_monthly.csv,
2021-01-01,Ember оптовая цена э/э,Spain,60.1,EUR/МВт·ч,european_wholesale_electricity_price_data_monthly.csv,
2021-01-01,Ember оптовая цена э/э,Sweden,48.12,EUR/МВт·ч,european_wholesale_electricity_price_data_monthly.csv,
2021-01-01,Ember оптовая цена э/э,Switzerland,60.48,EUR/МВт·ч,european_wholesale_electricity_price_data_monthly.csv,
2021-01-01,Ember оптовая цена э/э,United Kingdom,89.44,EUR/МВт·ч,european_wholesale_electricity_price_data_monthly.csv,
2021-02-01,Ember оптовая цена э/э,Austria,50.68,EUR/МВт·ч,european_wholesale_electricity_price_data_monthly.csv,
2021-02-01,Ember оптовая цена э/э,Belgium,48.57,EUR/МВт·ч,european_wholesale_electricity_price_data_monthly.csv,
2021-02-01,Ember оптовая цена э/э,Bulgaria,46.87,EUR/МВт·ч,european_wholesale_electricity_price_data_monthly.csv,
2021-02-01,Ember оптовая цена э/э,Croatia,50.38,EUR/МВт·ч,european_wholesale_electricity_price_data_monthly.csv,
2021-02-01,Ember оптовая цена э/э,Czechia,50.68,EUR/МВт·ч,european_wholesale_electricity_price_data_monthly.csv,
2021-02-01,Ember оптовая цена э/э,Denmark,50.05,EUR/МВт·ч,european_wholesale_electricity_price_data_monthly.csv,
2021-02-01,Ember оптовая цена э/э,Estonia,59.12,EUR/МВт·ч,european_wholesale_electricity_price_data_monthly.csv,
2021-02-01,Ember оптовая цена э/э,Finland,57.1,EUR/МВт·ч,european_wholesale_electricity_price_data_monthly.csv,
2021-02-01,Ember оптовая цена э/э,France,49.03,EUR/МВт·ч,european_wholesale_electricity_price_data_monthly.csv,
2021-02-01,Ember оптовая цена э/э,Germany,48.98,EUR/МВт·ч,european_wholesale_electricity_price_data_monthly.csv,
2021-02-01,Ember оптовая цена э/э,Greece,50.37,EUR/МВт·ч,european_wholesale_electricity_price_data_monthly.csv,
2021-02-01,Ember оптовая цена э/э,Hungary,50.86,EUR/МВт·ч,european_wholesale_electricity_price_data_monthly.csv,
2021-02-01,Ember оптовая цена э/э,Ireland,56.99,EUR/МВт·ч,european_wholesale_electricity_price_data_monthly.csv,
2021-02-01,Ember оптовая цена э/э,Italy,56.56,EUR/МВт·ч,european_wholesale_electricity_price_data_monthly.csv,
2021-02-01,Ember оптовая цена э/э,Latvia,59.12,EUR/МВт·ч,european_wholesale_electricity_price_data_monthly.csv,
2021-02-01,Ember оптовая цена э/э,Lithuania,59.28,EUR/МВт·ч,european_wholesale_electricity_price_data_monthly.csv,
2021-02-01,Ember оптовая цена э/э,Luxembourg,48.98,EUR/МВт·ч,european_wholesale_electricity_price_data_monthly.csv,
2021-02-01,Ember оптовая цена э/э,Netherlands,49.23,EUR/МВт·ч,european_wholesale_electricity_price_data_monthly.csv,
2021-02-01,Ember оптовая цена э/э,Norway,48.21,EUR/МВт·ч,european_wholesale_electricity_price_data_monthly.csv,
2021-02-01,Ember оптовая цена э/э,Poland,58.89,EUR/МВт·ч,european_wholesale_electricity_price_data_monthly.csv,
2021-02-01,Ember оптовая цена э/э,Portugal,28.24,EUR/МВт·ч,european_wholesale_electricity_price_data_monthly.csv,
2021-02-01,Ember оптовая цена э/э,Romania,48.14,EUR/МВт·ч,european_wholesale_electricity_price_data_monthly.csv,
2021-02-01,Ember оптовая цена э/э,Serbia,46.86,EUR/МВт·ч,european_wholesale_electricity_price_data_monthly.csv,
2021-02-01,Ember оптовая цена э/э,Slovakia,50.49,EUR/МВт·ч,european_wholesale_electricity_price_data_monthly.csv,
2021-02-01,Ember оптовая цена э/э,Slovenia,50.38,EUR/МВт·ч,european_wholesale_electricity_price_data_monthly.csv,
2021-02-01,Ember оптовая цена э/э,Spain,28.54,EUR/МВт·ч,european_wholesale_electricity_price_data_monthly.csv,
2021-02-01,Ember оптовая цена э/э,Sweden,51.65,EUR/МВт·ч,european_wholesale_electricity_price_data_monthly.csv,
2021-02-01,Ember оптовая цена э/э,Switzerland,53.88,EUR/МВт·ч,european_wholesale_electricity_price_data_monthly.csv,
2021-02-01,Ember оптовая цена э/э,United Kingdom,62.09,EUR/МВт·ч,european_wholesale_electricity_price_data_monthly.csv,
2021-03-01,Ember оптовая цена э/э,Austria,53.31,EUR/МВт·ч,european_wholesale_electricity_price_data_monthly.csv,
2021-03-01,Ember оптовая цена э/э,Belgium,46.63,EUR/МВт·ч,european_wholesale_electricity_price_data_monthly.csv,
2021-03-01,Ember оптовая цена э/э,Bulgaria,52.08,EUR/МВт·ч,european_wholesale_electricity_price_data_monthly.csv,
2021-03-01,Ember оптовая цена э/э,Croatia,55.94,EUR/МВт·ч,european_wholesale_electricity_price_data_monthly.csv,
2021-03-01,Ember оптовая цена э/э,Czechia,53.74,EUR/МВт·ч,european_wholesale_electricity_price_data_monthly.csv,
2021-03-01,Ember оптовая цена э/э,Denmark,45.73,EUR/МВт·ч,european_wholesale_electricity_price_data_monthly.csv,
2021-03-01,Ember оптовая цена э/э,Estonia,43.51,EUR/МВт·ч,european_wholesale_electricity_price_data_monthly.csv,
2021-03-01,Ember оптовая цена э/э,Finland,38.32,EUR/МВт·ч,european_wholesale_electricity_price_data_monthly.csv,
2021-03-01,Ember оптовая цена э/э,France,50.23,EUR/МВт·ч,european_wholesale_electricity_price_data_monthly.csv,
2021-03-01,Ember оптовая цена э/э,Germany,46.68,EUR/МВт·ч,european_wholesale_electricity_price_data_monthly.csv,
2021-03-01,Ember оптовая цена э/э,Greece,57.64,EUR/МВт·ч,european_wholesale_electricity_price_data_monthly.csv,
2021-03-01,Ember оптовая цена э/э,Hungary,55.05,EUR/МВт·ч,european_wholesale_electricity_price_data_monthly.csv,
2021-03-01,Ember оптовая цена э/э,Ireland,70.34,EUR/МВт·ч,european_wholesale_electricity_price_data_monthly.csv,
2021-03-01,Ember оптовая цена э/э,Italy,60.41,EUR/МВт·ч,european_wholesale_electricity_price_data_monthly.csv,
2021-03-01,Ember оптовая цена э/э,Latvia,43.5,EUR/МВт·ч,european_wholesale_electricity_price_data_monthly.csv,
2021-03-01,Ember оптовая цена э/э,Lithuania,47.99,EUR/МВт·ч,european_wholesale_electricity_price_data_monthly.csv,
2021-03-01,Ember оптовая цена э/э,Luxembourg,46.68,EUR/МВт·ч,european_wholesale_electricity_price_data_monthly.csv,
2021-03-01,Ember оптовая цена э/э,Netherlands,48.89,EUR/МВт·ч,european_wholesale_electricity_price_data_monthly.csv,
2021-03-01,Ember оптовая цена э/э,Norway,36.02,EUR/МВт·ч,european_wholesale_electricity_price_data_monthly.csv,
2021-03-01,Ember оптовая цена э/э,Poland,59.63,EUR/МВт·ч,european_wholesale_electricity_price_data_monthly.csv,
2021-03-01,Ember оптовая цена э/э,Portugal,45.42,EUR/МВт·ч,european_wholesale_electricity_price_data_monthly.csv,
2021-03-01,Ember оптовая цена э/э,Romania,54.46,EUR/МВт·ч,european_wholesale_electricity_price_data_monthly.csv,
2021-03-01,Ember оптовая цена э/э,Serbia,54.05,EUR/МВт·ч,european_wholesale_electricity_price_data_monthly.csv,
2021-03-01,Ember оптовая цена э/э,Slovakia,53.75,EUR/МВт·ч,european_wholesale_electricity_price_data_monthly.csv,
2021-03-01,Ember оптовая цена э/э,Slovenia,55.94,EUR/МВт·ч,european_wholesale_electricity_price_data_monthly.csv,
2021-03-01,Ember оптовая цена э/э,Spain,45.48,EUR/МВт·ч,european_wholesale_electricity_price_data_monthly.csv,
2021-03-01,Ember оптовая цена э/э,Sweden,35.9,EUR/МВт·ч,european_wholesale_electricity_price_data_monthly.csv,
2021-03-01,Ember оптовая цена э/э,Switzerland,56.17,EUR/МВт·ч,european_wholesale_electricity_price_data_monthly.csv,
2021-03-01,Ember оптовая цена э/э,United Kingdom,64.84,EUR/МВт·ч,european_wholesale_electricity_price_data_monthly.csv,
2021-04-01,Ember оптовая цена э/э,Austria,60.94,EUR/МВт·ч,european_wholesale_electricity_price_data_monthly.csv,
2021-04-01,Ember оптовая цена э/э,Belgium,57.04,EUR/МВт·ч,european_wholesale_electricity_price_data_monthly.csv,
2021-04-01,Ember оптовая цена э/э,Bulgaria,61.75,EUR/МВт·ч,european_wholesale_electricity_price_data_monthly.csv,
2021-04-01,Ember оптовая цена э/э,Croatia,64.51,EUR/МВт·ч,european_wholesale_electricity_price_data_monthly.csv,
2021-04-01,Ember оптовая цена э/э,Czechia,60.28,EUR/МВт·ч,european_wholesale_electricity_price_data_monthly.csv,
2021-04-01,Ember оптовая цена э/э,Denmark,47.99,EUR/МВт·ч,european_wholesale_electricity_price_data_monthly.csv,
2021-04-01,Ember оптовая цена э/э,Estonia,43.69,EUR/МВт·ч,european_wholesale_electricity_price_data_monthly.csv,
2021-04-01,Ember оптовая цена э/э,Finland,36.83,EUR/МВт·ч,european_wholesale_electricity_price_data_monthly.csv,
2021-04-01,Ember оптовая цена э/э,France,63.15,EUR/МВт·ч,european_wholesale_electricity_price_data_monthly.csv,
2021-04-01,Ember оптовая цена э/э,Germany,54.73,EUR/МВт·ч,european_wholesale_electricity_price_data_monthly.csv,
2021-04-01,Ember оптовая цена э/э,Greece,64.2,EUR/МВт·ч,european_wholesale_electricity_price_data_monthly.csv,
2021-04-01,Ember оптовая цена э/э,Hungary,62.97,EUR/МВт·ч,european_wholesale_electricity_price_data_monthly.csv,
2021-04-01,Ember оптовая цена э/э,Ireland,83.93,EUR/МВт·ч,european_wholesale_electricity_price_data_monthly.csv,
2021-04-01,Ember оптовая цена э/э,Italy,69.05,EUR/МВт·ч,european_wholesale_electricity_price_data_monthly.csv,
2021-04-01,Ember оптовая цена э/э,Latvia,43.69,EUR/МВт·ч,european_wholesale_electricity_price_data_monthly.csv,
2021-04-01,Ember оптовая цена э/э,Lithuania,44.81,EUR/МВт·ч,european_wholesale_electricity_price_data_monthly.csv,
2021-04-01,Ember оптовая цена э/э,Luxembourg,54.73,EUR/МВт·ч,european_wholesale_electricity_price_data_monthly.csv,
2021-04-01,Ember оптовая цена э/э,Netherlands,53.87,EUR/МВт·ч,european_wholesale_electricity_price_data_monthly.csv,
2021-04-01,Ember оптовая цена э/э,Norway,38.68,EUR/МВт·ч,european_wholesale_electricity_price_data_monthly.csv,
2021-04-01,Ember оптовая цена э/э,Poland,59.36,EUR/МВт·ч,european_wholesale_electricity_price_data_monthly.csv,
2021-04-01,Ember оптовая цена э/э,Portugal,64.98,EUR/МВт·ч,european_wholesale_electricity_price_data_monthly.csv,
2021-04-01,Ember оптовая цена э/э,Romania,62.83,EUR/МВт·ч,european_wholesale_electricity_price_data_monthly.csv,
2021-04-01,Ember оптовая цена э/э,Serbia,63.62,EUR/МВт·ч,european_wholesale_electricity_price_data_monthly.csv,
2021-04-01,Ember оптовая цена э/э,Slovakia,60.69,EUR/МВт·ч,european_wholesale_electricity_price_data_monthly.csv,
2021-04-01,Ember оптовая цена э/э,Slovenia,64.51,EUR/МВт·ч,european_wholesale_electricity_price_data_monthly.csv,
2021-04-01,Ember оптовая цена э/э,Spain,65.06,EUR/МВт·ч,european_wholesale_electricity_price_data_monthly.csv,
2021-04-01,Ember оптовая цена э/э,Sweden,33.67,EUR/МВт·ч,european_wholesale_electricity_price_data_monthly.csv,
2021-04-01,Ember оптовая цена э/э,Switzerland,63.67,EUR/МВт·ч,european_wholesale_electricity_price_data_monthly.csv,
2021-04-01,Ember оптовая цена э/э,United Kingdom,76.36,EUR/МВт·ч,european_wholesale_electricity_price_data_monthly.csv,
2021-05-01,Ember оптовая цена э/э,Austria,55.52,EUR/МВт·ч,european_wholesale_electricity_price_data_monthly.csv,
2021-05-01,Ember оптовая цена э/э,Belgium,55.61,EUR/МВт·ч,european_wholesale_electricity_price_data_monthly.csv,
2021-05-01,Ember оптовая цена э/э,Bulgaria,60.02,EUR/МВт·ч,european_wholesale_electricity_price_data_monthly.csv,
2021-05-01,Ember оптовая цена э/э,Croatia,59.88,EUR/МВт·ч,european_wholesale_electricity_price_data_monthly.csv,
2021-05-01,Ember оптовая цена э/э,Czechia,59.29,EUR/МВт·ч,european_wholesale_electricity_price_data_monthly.csv,
2021-05-01,Ember оптовая цена э/э,Denmark,54.62,EUR/МВт·ч,european_wholesale_electricity_price_data_monthly.csv,
2021-05-01,Ember оптовая цена э/э,Estonia,48.36,EUR/МВт·ч,european_wholesale_electricity_price_data_monthly.csv,
2021-05-01,Ember оптовая цена э/э,Finland,45.9,EUR/МВт·ч,european_wholesale_electricity_price_data_monthly.csv,
2021-05-01,Ember оптовая цена э/э,France,55.25,EUR/МВт·ч,european_wholesale_electricity_price_data_monthly.csv,
2021-05-01,Ember оптовая цена э/э,Germany,53.49,EUR/МВт·ч,european_wholesale_electricity_price_data_monthly.csv,
2021-05-01,Ember оптовая цена э/э,Greece,63.19,EUR/МВт·ч,european_wholesale_electricity_price_data_monthly.csv,
2021-05-01,Ember оптовая цена э/э,Hungary,59.94,EUR/МВт·ч,european_wholesale_electricity_price_data_monthly.csv,
2021-05-01,Ember оптовая цена э/э,Ireland,98.35,EUR/МВт·ч,european_wholesale_electricity_price_data_monthly.csv,
2021-05-01,Ember оптовая цена э/э,Italy,69.95,EUR/МВт·ч,european_wholesale_electricity_price_data_monthly.csv,
2021-05-01,Ember оптовая цена э/э,Latvia,48.36,EUR/МВт·ч,european_wholesale_electricity_price_data_monthly.csv,
2021-05-01,Ember оптовая цена э/э,Lithuania,50.38,EUR/МВт·ч,european_wholesale_electricity_price_data_monthly.csv,
2021-05-01,Ember оптовая цена э/э,Luxembourg,53.49,EUR/МВт·ч,european_wholesale_electricity_price_data_monthly.csv,
2021-05-01,Ember оптовая цена э/э,Netherlands,56.12,EUR/МВт·ч,european_wholesale_electricity_price_data_monthly.csv,
2021-05-01,Ember оптовая цена э/э,Norway,43.8,EUR/МВт·ч,european_wholesale_electricity_price_data_monthly.csv,
2021-05-01,Ember оптовая цена э/э,Poland,65.65,EUR/МВт·ч,european_wholesale_electricity_price_data_monthly.csv,
2021-05-01,Ember оптовая цена э/э,Portugal,67.18,EUR/МВт·ч,european_wholesale_electricity_price_data_monthly.csv,
2021-05-01,Ember оптовая цена э/э,Romania,58.73,EUR/МВт·ч,european_wholesale_electricity_price_data_monthly.csv,
2021-05-01,Ember оптовая цена э/э,Serbia,59.89,EUR/МВт·ч,european_wholesale_electricity_price_data_monthly.csv,
2021-05-01,Ember оптовая цена э/э,Slovakia,59.78,EUR/МВт·ч,european_wholesale_electricity_price_data_monthly.csv,
2021-05-01,Ember оптовая цена э/э,Slovenia,59.87,EUR/МВт·ч,european_wholesale_electricity_price_data_monthly.csv,
2021-05-01,Ember оптовая цена э/э,Spain,67.18,EUR/МВт·ч,european_wholesale_electricity_price_data_monthly.csv,
2021-05-01,Ember оптовая цена э/э,Sweden,42.91,EUR/МВт·ч,european_wholesale_electricity_price_data_monthly.csv,
2021-05-01,Ember оптовая цена э/э,Switzerland,57.8,EUR/МВт·ч,european_wholesale_electricity_price_data_monthly.csv,
2021-05-01,Ember оптовая цена э/э,United Kingdom,86.04,EUR/МВт·ч,european_wholesale_electricity_price_data_monthly.csv,
2021-06-01,Ember оптовая цена э/э,Austria,74.29,EUR/МВт·ч,european_wholesale_electricity_price_data_monthly.csv,
2021-06-01,Ember оптовая цена э/э,Belgium,74.49,EUR/МВт·ч,european_wholesale_electricity_price_data_monthly.csv,
2021-06-01,Ember оптовая цена э/э,Bulgaria,77.16,EUR/МВт·ч,european_wholesale_electricity_price_data_monthly.csv,
2021-06-01,Ember оптовая цена э/э,Croatia,78.47,EUR/МВт·ч,european_wholesale_electricity_price_data_monthly.csv,
2021-06-01,Ember оптовая цена э/э,Czechia,75.14,EUR/МВт·ч,european_wholesale_electricity_price_data_monthly.csv,
2021-06-01,Ember оптовая цена э/э,Denmark,73.73,EUR/МВт·ч,european_wholesale_electricity_price_data_monthly.csv,
2021-06-01,Ember оптовая цена э/э,Estonia,71.81,EUR/МВт·ч,european_wholesale_electricity_price_data_monthly.csv,
2021-06-01,Ember оптовая цена э/э,Finland,56.18,EUR/МВт·ч,european_wholesale_electricity_price_data_monthly.csv,
2021-06-01,Ember оптовая цена э/э,France,73.55,EUR/МВт·ч,european_wholesale_electricity_price_data_monthly.csv,
2021-06-01,Ember оптовая цена э/э,Germany,73.87,EUR/МВт·ч,european_wholesale_electricity_price_data_monthly.csv,
2021-06-01,Ember оптовая цена э/э,Greece,83.53,EUR/МВт·ч,european_wholesale_electricity_price_data_monthly.csv,
2021-06-01,Ember оптовая цена э/э,Hungary,77.94,EUR/МВт·ч,european_wholesale_electricity_price_data_monthly.csv,
2021-06-01,Ember оптовая цена э/э,Ireland,93.56,EUR/МВт·ч,european_wholesale_electricity_price_data_monthly.csv,
2021-06-01,Ember оптовая цена э/э,Italy,84.84,EUR/МВт·ч,european_wholesale_electricity_price_data_monthly.csv,
2021-06-01,Ember оптовая цена э/э,Latvia,76.36,EUR/МВт·ч,european_wholesale_electricity_price_data_monthly.csv,
2021-06-01,Ember оптовая цена э/э,Lithuania,77.79,EUR/МВт·ч,european_wholesale_electricity_price_data_monthly.csv,
2021-06-01,Ember оптовая цена э/э,Luxembourg,73.87,EUR/МВт·ч,european_wholesale_electricity_price_data_monthly.csv,
2021-06-01,Ember оптовая цена э/э,Netherlands,76.51,EUR/МВт·ч,european_wholesale_electricity_price_data_monthly.csv,
2021-06-01,Ember оптовая цена э/э,Norway,42.75,EUR/МВт·ч,european_wholesale_electricity_price_data_monthly.csv,
2021-06-01,Ember оптовая цена э/э,Poland,76.23,EUR/МВт·ч,european_wholesale_electricity_price_data_monthly.csv,
2021-06-01,Ember оптовая цена э/э,Portugal,83.3,EUR/МВт·ч,european_wholesale_electricity_price_data_monthly.csv,
2021-06-01,Ember оптовая цена э/э,Romania,77.09,EUR/МВт·ч,european_wholesale_electricity_price_data_monthly.csv,
2021-06-01,Ember оптовая цена э/э,Serbia,78.69,EUR/МВт·ч,european_wholesale_electricity_price_data_monthly.csv,
2021-06-01,Ember оптовая цена э/э,Slovakia,75.81,EUR/МВт·ч,european_wholesale_electricity_price_data_monthly.csv,
2021-06-01,Ember оптовая цена э/э,Slovenia,78.47,EUR/МВт·ч,european_wholesale_electricity_price_data_monthly.csv,
2021-06-01,Ember оптовая цена э/э,Spain,83.31,EUR/МВт·ч,european_wholesale_electricity_price_data_monthly.csv,
2021-06-01,Ember оптовая цена э/э,Sweden,44.6,EUR/МВт·ч,european_wholesale_electricity_price_data_monthly.csv,
2021-06-01,Ember оптовая цена э/э,Switzerland,73.61,EUR/МВт·ч,european_wholesale_electricity_price_data_monthly.csv,
2021-06-01,Ember оптовая цена э/э,United Kingdom,91.04,EUR/МВт·ч,european_wholesale_electricity_price_data_monthly.csv,
2021-07-01,Ember оптовая цена э/э,Austria,83.61,EUR/МВт·ч,european_wholesale_electricity_price_data_monthly.csv,
2021-07-01,Ember оптовая цена э/э,Belgium,77.37,EUR/МВт·ч,european_wholesale_electricity_price_data_monthly.csv,
2021-07-01,Ember оптовая цена э/э,Bulgaria,95.0,EUR/МВт·ч,european_wholesale_electricity_price_data_monthly.csv,
2021-07-01,Ember оптовая цена э/э,Croatia,93.68,EUR/МВт·ч,european_wholesale_electricity_price_data_monthly.csv,
2021-07-01,Ember оптовая цена э/э,Czechia,85.0,EUR/МВт·ч,european_wholesale_electricity_price_data_monthly.csv,
2021-07-01,Ember оптовая цена э/э,Denmark,80.46,EUR/МВт·ч,european_wholesale_electricity_price_data_monthly.csv,
2021-07-01,Ember оптовая цена э/э,Estonia,83.7,EUR/МВт·ч,european_wholesale_electricity_price_data_monthly.csv,
2021-07-01,Ember оптовая цена э/э,Finland,78.79,EUR/МВт·ч,european_wholesale_electricity_price_data_monthly.csv,
2021-07-01,Ember оптовая цена э/э,France,78.31,EUR/МВт·ч,european_wholesale_electricity_price_data_monthly.csv,
2021-07-01,Ember оптовая цена э/э,Germany,81.5,EUR/МВт·ч,european_wholesale_electricity_price_data_monthly.csv,
2021-07-01,Ember оптовая цена э/э,Greece,102.03,EUR/МВт·ч,european_wholesale_electricity_price_data_monthly.csv,
2021-07-01,Ember оптовая цена э/э,Hungary,95.15,EUR/МВт·ч,european_wholesale_electricity_price_data_monthly.csv,
2021-07-01,Ember оптовая цена э/э,Ireland,143.33,EUR/МВт·ч,european_wholesale_electricity_price_data_monthly.csv,
2021-07-01,Ember оптовая цена э/э,Italy,102.7,EUR/МВт·ч,european_wholesale_electricity_price_data_monthly.csv,
2021-07-01,Ember оптовая цена э/э,Latvia,88.25,EUR/МВт·ч,european_wholesale_electricity_price_data_monthly.csv,
2021-07-01,Ember оптовая цена э/э,Lithuania,88.25,EUR/МВт·ч,european_wholesale_electricity_price_data_monthly.csv,
2021-07-01,Ember оптовая цена э/э,Luxembourg,81.5,EUR/МВт·ч,european_wholesale_electricity_price_data_monthly.csv,
2021-07-01,Ember оптовая цена э/э,Netherlands,82.58,EUR/МВт·ч,european_wholesale_electricity_price_data_monthly.csv,
2021-07-01,Ember оптовая цена э/э,Norway,49.32,EUR/МВт·ч,european_wholesale_electricity_price_data_monthly.csv,
2021-07-01,Ember оптовая цена э/э,Poland,82.34,EUR/МВт·ч,european_wholesale_electricity_price_data_monthly.csv,
2021-07-01,Ember оптовая цена э/э,Portugal,92.55,EUR/МВт·ч,european_wholesale_electricity_price_data_monthly.csv,
2021-07-01,Ember оптовая цена э/э,Romania,93.84,EUR/МВт·ч,european_wholesale_electricity_price_data_monthly.csv,
2021-07-01,Ember оптовая цена э/э,Serbia,95.32,EUR/МВт·ч,european_wholesale_electricity_price_data_monthly.csv,
2021-07-01,Ember оптовая цена э/э,Slovakia,86.35,EUR/МВт·ч,european_wholesale_electricity_price_data_monthly.csv,
2021-07-01,Ember оптовая цена э/э,Slovenia,93.65,EUR/МВт·ч,european_wholesale_electricity_price_data_monthly.csv,
2021-07-01,Ember оптовая цена э/э,Spain,92.37,EUR/МВт·ч,european_wholesale_electricity_price_data_monthly.csv,
2021-07-01,Ember оптовая цена э/э,Sweden,58.43,EUR/МВт·ч,european_wholesale_electricity_price_data_monthly.csv,
2021-07-01,Ember оптовая цена э/э,Switzerland,80.9,EUR/МВт·ч,european_wholesale_electricity_price_data_monthly.csv,
2021-07-01,Ember оптовая цена э/э,United Kingdom,108.97,EUR/МВт·ч,european_wholesale_electricity_price_data_monthly.csv,
2021-08-01,Ember оптовая цена э/э,Austria,82.57,EUR/МВт·ч,european_wholesale_electricity_price_data_monthly.csv,
2021-08-01,Ember оптовая цена э/э,Belgium,79.55,EUR/МВт·ч,european_wholesale_electricity_price_data_monthly.csv,
2021-08-01,Ember оптовая цена э/э,Bulgaria,111.53,EUR/МВт·ч,european_wholesale_electricity_price_data_monthly.csv,
2021-08-01,Ember оптовая цена э/э,Croatia,105.63,EUR/МВт·ч,european_wholesale_electricity_price_data_monthly.csv,
2021-08-01,Ember оптовая цена э/э,Czechia,84.99,EUR/МВт·ч,european_wholesale_electricity_price_data_monthly.csv,
2021-08-01,Ember оптовая цена э/э,Denmark,83.49,EUR/МВт·ч,european_wholesale_electricity_price_data_monthly.csv,
2021-08-01,Ember оптовая цена э/э,Estonia,87.15,EUR/МВт·ч,european_wholesale_electricity_price_data_monthly.csv,
2021-08-01,Ember оптовая цена э/э,Finland,68.14,EUR/МВт·ч,european_wholesale_electricity_price_data_monthly.csv,
2021-08-01,Ember оптовая цена э/э,France,77.4,EUR/МВт·ч,european_wholesale_electricity_price_data_monthly.csv,
2021-08-01,Ember оптовая цена э/э,Germany,82.18,EUR/МВт·ч,european_wholesale_electricity_price_data_monthly.csv,
2021-08-01,Ember оптовая цена э/э,Greece,121.61,EUR/МВт·ч,european_wholesale_electricity_price_data_monthly.csv,
2021-08-01,Ember оптовая цена э/э,Hungary,109.06,EUR/МВт·ч,european_wholesale_electricity_price_data_monthly.csv,
2021-08-01,Ember оптовая цена э/э,Ireland,131.04,EUR/МВт·ч,european_wholesale_electricity_price_data_monthly.csv,
2021-08-01,Ember оптовая цена э/э,Italy,112.57,EUR/МВт·ч,european_wholesale_electricity_price_data_monthly.csv,
2021-08-01,Ember оптовая цена э/э,Latvia,87.44,EUR/МВт·ч,european_wholesale_electricity_price_data_monthly.csv,
2021-08-01,Ember оптовая цена э/э,Lithuania,87.85,EUR/МВт·ч,european_wholesale_electricity_price_data_monthly.csv,
2021-08-01,Ember оптовая цена э/э,Luxembourg,82.18,EUR/МВт·ч,european_wholesale_electricity_price_data_monthly.csv,
2021-08-01,Ember оптовая цена э/э,Netherlands,86.66,EUR/МВт·ч,european_wholesale_electricity_price_data_monthly.csv,
2021-08-01,Ember оптовая цена э/э,Norway,64.54,EUR/МВт·ч,european_wholesale_electricity_price_data_monthly.csv,
2021-08-01,Ember оптовая цена э/э,Poland,82.4,EUR/МВт·ч,european_wholesale_electricity_price_data_monthly.csv,
2021-08-01,Ember оптовая цена э/э,Portugal,106.13,EUR/МВт·ч,european_wholesale_electricity_price_data_monthly.csv,
2021-08-01,Ember оптовая цена э/э,Romania,112.74,EUR/МВт·ч,european_wholesale_electricity_price_data_monthly.csv,
2021-08-01,Ember оптовая цена э/э,Serbia,109.71,EUR/МВт·ч,european_wholesale_electricity_price_data_monthly.csv,
2021-08-01,Ember оптовая цена э/э,Slovakia,85.64,EUR/МВт·ч,european_wholesale_electricity_price_data_monthly.csv,
2021-08-01,Ember оптовая цена э/э,Slovenia,105.58,EUR/МВт·ч,european_wholesale_electricity_price_data_monthly.csv,
2021-08-01,Ember оптовая цена э/э,Spain,106.08,EUR/МВт·ч,european_wholesale_electricity_price_data_monthly.csv,
2021-08-01,Ember оптовая цена э/э,Sweden,67.32,EUR/МВт·ч,european_wholesale_electricity_price_data_monthly.csv,
2021-08-01,Ember оптовая цена э/э,Switzerland,82.66,EUR/МВт·ч,european_wholesale_electricity_price_data_monthly.csv,
2021-08-01,Ember оптовая цена э/э,United Kingdom,125.34,EUR/МВт·ч,european_wholesale_electricity_price_data_monthly.csv,
2021-09-01,Ember оптовая цена э/э,Austria,135.11,EUR/МВт·ч,european_wholesale_electricity_price_data_monthly.csv,
2021-09-01,Ember оптовая цена э/э,Belgium,136.15,EUR/МВт·ч,european_wholesale_electricity_price_data_monthly.csv,
2021-09-01,Ember оптовая цена э/э,Bulgaria,125.07,EUR/МВт·ч,european_wholesale_electricity_price_data_monthly.csv,
2021-09-01,Ember оптовая цена э/э,Croatia,138.6,EUR/МВт·ч,european_wholesale_electricity_price_data_monthly.csv,
2021-09-01,Ember оптовая цена э/э,Czechia,129.71,EUR/МВт·ч,european_wholesale_electricity_price_data_monthly.csv,
2021-09-01,Ember оптовая цена э/э,Denmark,124.75,EUR/МВт·ч,european_wholesale_electricity_price_data_monthly.csv,
2021-09-01,Ember оптовая цена э/э,Estonia,122.37,EUR/МВт·ч,european_wholesale_electricity_price_data_monthly.csv,
2021-09-01,Ember оптовая цена э/э,Finland,89.3,EUR/МВт·ч,european_wholesale_electricity_price_data_monthly.csv,
2021-09-01,Ember оптовая цена э/э,France,135.3,EUR/МВт·ч,european_wholesale_electricity_price_data_monthly.csv,
2021-09-01,Ember оптовая цена э/э,Germany,128.98,EUR/МВт·ч,european_wholesale_electricity_price_data_monthly.csv,
2021-09-01,Ember оптовая цена э/э,Greece,134.72,EUR/МВт·ч,european_wholesale_electricity_price_data_monthly.csv,
2021-09-01,Ember оптовая цена э/э,Hungary,135.13,EUR/МВт·ч,european_wholesale_electricity_price_data_monthly.csv,
2021-09-01,Ember оптовая цена э/э,Ireland,195.23,EUR/МВт·ч,european_wholesale_electricity_price_data_monthly.csv,
2021-09-01,Ember оптовая цена э/э,Italy,158.74,EUR/МВт·ч,european_wholesale_electricity_price_data_monthly.csv,
2021-09-01,Ember оптовая цена э/э,Latvia,123.47,EUR/МВт·ч,european_wholesale_electricity_price_data_monthly.csv,
2021-09-01,Ember оптовая цена э/э,Lithuania,123.93,EUR/МВт·ч,european_wholesale_electricity_price_data_monthly.csv,
2021-09-01,Ember оптовая цена э/э,Luxembourg,128.98,EUR/МВт·ч,european_wholesale_electricity_price_data_monthly.csv,
2021-09-01,Ember оптовая цена э/э,Netherlands,136.39,EUR/МВт·ч,european_wholesale_electricity_price_data_monthly.csv,
2021-09-01,Ember оптовая цена э/э,Norway,87.02,EUR/МВт·ч,european_wholesale_electricity_price_data_monthly.csv,
2021-09-01,Ember оптовая цена э/э,Poland,102.24,EUR/МВт·ч,european_wholesale_electricity_price_data_monthly.csv,
2021-09-01,Ember оптовая цена э/э,Portugal,156.79,EUR/МВт·ч,european_wholesale_electricity_price_data_monthly.csv,
2021-09-01,Ember оптовая цена э/э,Romania,133.92,EUR/МВт·ч,european_wholesale_electricity_price_data_monthly.csv,
2021-09-01,Ember оптовая цена э/э,Serbia,135.14,EUR/МВт·ч,european_wholesale_electricity_price_data_monthly.csv,
2021-09-01,Ember оптовая цена э/э,Slovakia,132.65,EUR/МВт·ч,european_wholesale_electricity_price_data_monthly.csv,
2021-09-01,Ember оптовая цена э/э,Slovenia,138.6,EUR/МВт·ч,european_wholesale_electricity_price_data_monthly.csv,
2021-09-01,Ember оптовая цена э/э,Spain,156.4,EUR/МВт·ч,european_wholesale_electricity_price_data_monthly.csv,
2021-09-01,Ember оптовая цена э/э,Sweden,89.23,EUR/МВт·ч,european_wholesale_electricity_price_data_monthly.csv,
2021-09-01,Ember оптовая цена э/э,Switzerland,138.21,EUR/МВт·ч,european_wholesale_electricity_price_data_monthly.csv,
2021-09-01,Ember оптовая цена э/э,United Kingdom,220.54,EUR/МВт·ч,european_wholesale_electricity_price_data_monthly.csv,
2021-10-01,Ember оптовая цена э/э,Austria,171.83,EUR/МВт·ч,european_wholesale_electricity_price_data_monthly.csv,
2021-10-01,Ember оптовая цена э/э,Belgium,165.37,EUR/МВт·ч,european_wholesale_electricity_price_data_monthly.csv,
2021-10-01,Ember оптовая цена э/э,Bulgaria,188.57,EUR/МВт·ч,european_wholesale_electricity_price_data_monthly.csv,
2021-10-01,Ember оптовая цена э/э,Croatia,202.73,EUR/МВт·ч,european_wholesale_electricity_price_data_monthly.csv,
2021-10-01,Ember оптовая цена э/э,Czechia,140.62,EUR/МВт·ч,european_wholesale_electricity_price_data_monthly.csv,
2021-10-01,Ember оптовая цена э/э,Denmark,112.94,EUR/МВт·ч,european_wholesale_electricity_price_data_monthly.csv,
2021-10-01,Ember оптовая цена э/э,Estonia,105.61,EUR/МВт·ч,european_wholesale_electricity_price_data_monthly.csv,
2021-10-01,Ember оптовая цена э/э,Finland,64.85,EUR/МВт·ч,european_wholesale_electricity_price_data_monthly.csv,
2021-10-01,Ember оптовая цена э/э,France,172.58,EUR/МВт·ч,european_wholesale_electricity_price_data_monthly.csv,
2021-10-01,Ember оптовая цена э/э,Germany,142.22,EUR/МВт·ч,european_wholesale_electricity_price_data_monthly.csv,
2021-10-01,Ember оптовая цена э/э,Greece,198.52,EUR/МВт·ч,european_wholesale_electricity_price_data_monthly.csv,
2021-10-01,Ember оптовая цена э/э,Hungary,197.29,EUR/МВт·ч,european_wholesale_electricity_price_data_monthly.csv,
2021-10-01,Ember оптовая цена э/э,Ireland,213.26,EUR/МВт·ч,european_wholesale_electricity_price_data_monthly.csv,
2021-10-01,Ember оптовая цена э/э,Italy,217.66,EUR/МВт·ч,european_wholesale_electricity_price_data_monthly.csv,
2021-10-01,Ember оптовая цена э/э,Latvia,106.4,EUR/МВт·ч,european_wholesale_electricity_price_data_monthly.csv,
2021-10-01,Ember оптовая цена э/э,Lithuania,108.92,EUR/МВт·ч,european_wholesale_electricity_price_data_monthly.csv,
2021-10-01,Ember оптовая цена э/э,Luxembourg,142.22,EUR/МВт·ч,european_wholesale_electricity_price_data_monthly.csv,
2021-10-01,Ember оптовая цена э/э,Netherlands,163.81,EUR/МВт·ч,european_wholesale_electricity_price_data_monthly.csv,
2021-10-01,Ember оптовая цена э/э,Norway,72.34,EUR/МВт·ч,european_wholesale_electricity_price_data_monthly.csv,
2021-10-01,Ember оптовая цена э/э,Poland,103.23,EUR/МВт·ч,european_wholesale_electricity_price_data_monthly.csv,
2021-10-01,Ember оптовая цена э/э,Portugal,199.7,EUR/МВт·ч,european_wholesale_electricity_price_data_monthly.csv,
2021-10-01,Ember оптовая цена э/э,Romania,192.32,EUR/МВт·ч,european_wholesale_electricity_price_data_monthly.csv,
2021-10-01,Ember оптовая цена э/э,Serbia,201.48,EUR/МВт·ч,european_wholesale_electricity_price_data_monthly.csv,
2021-10-01,Ember оптовая цена э/э,Slovakia,151.17,EUR/МВт·ч,european_wholesale_electricity_price_data_monthly.csv,
2021-10-01,Ember оптовая цена э/э,Slovenia,202.73,EUR/МВт·ч,european_wholesale_electricity_price_data_monthly.csv,
2021-10-01,Ember оптовая цена э/э,Spain,199.67,EUR/МВт·ч,european_wholesale_electricity_price_data_monthly.csv,
2021-10-01,Ember оптовая цена э/э,Sweden,61.38,EUR/МВт·ч,european_wholesale_electricity_price_data_monthly.csv,
2021-10-01,Ember оптовая цена э/э,Switzerland,198.32,EUR/МВт·ч,european_wholesale_electricity_price_data_monthly.csv,
2021-10-01,Ember оптовая цена э/э,United Kingdom,208.46,EUR/МВт·ч,european_wholesale_electricity_price_data_monthly.csv,
2021-11-01,Ember оптовая цена э/э,Austria,206.52,EUR/МВт·ч,european_wholesale_electricity_price_data_monthly.csv,
2021-11-01,Ember оптовая цена э/э,Belgium,202.17,EUR/МВт·ч,european_wholesale_electricity_price_data_monthly.csv,
2021-11-01,Ember оптовая цена э/э,Bulgaria,208.7,EUR/МВт·ч,european_wholesale_electricity_price_data_monthly.csv,
2021-11-01,Ember оптовая цена э/э,Croatia,215.96,EUR/МВт·ч,european_wholesale_electricity_price_data_monthly.csv,
2021-11-01,Ember оптовая цена э/э,Czechia,180.31,EUR/МВт·ч,european_wholesale_electricity_price_data_monthly.csv,
2021-11-01,Ember оптовая цена э/э,Denmark,139.96,EUR/МВт·ч,european_wholesale_electricity_price_data_monthly.csv,
2021-11-01,Ember оптовая цена э/э,Estonia,116.88,EUR/МВт·ч,european_wholesale_electricity_price_data_monthly.csv,
2021-11-01,Ember оптовая цена э/э,Finland,86.05,EUR/МВт·ч,european_wholesale_electricity_price_data_monthly.csv,
2021-11-01,Ember оптовая цена э/э,France,217.27,EUR/МВт·ч,european_wholesale_electricity_price_data_monthly.csv,
2021-11-01,Ember оптовая цена э/э,Germany,176.28,EUR/МВт·ч,european_wholesale_electricity_price_data_monthly.csv,
2021-11-01,Ember оптовая цена э/э,Greece,228.88,EUR/МВт·ч,european_wholesale_electricity_price_data_monthly.csv,
2021-11-01,Ember оптовая цена э/э,Hungary,215.91,EUR/МВт·ч,european_wholesale_electricity_price_data_monthly.csv,
2021-11-01,Ember оптовая цена э/э,Ireland,201.38,EUR/МВт·ч,european_wholesale_electricity_price_data_monthly.csv,
2021-11-01,Ember оптовая цена э/э,Italy,225.99,EUR/МВт·ч,european_wholesale_electricity_price_data_monthly.csv,
2021-11-01,Ember оптовая цена э/э,Latvia,125.48,EUR/МВт·ч,european_wholesale_electricity_price_data_monthly.csv,
2021-11-01,Ember оптовая цена э/э,Lithuania,127.91,EUR/МВт·ч,european_wholesale_electricity_price_data_monthly.csv,
2021-11-01,Ember оптовая цена э/э,Luxembourg,176.28,EUR/МВт·ч,european_wholesale_electricity_price_data_monthly.csv,
2021-11-01,Ember оптовая цена э/э,Netherlands,186.3,EUR/МВт·ч,european_wholesale_electricity_price_data_monthly.csv,
2021-11-01,Ember оптовая цена э/э,Norway,84.05,EUR/МВт·ч,european_wholesale_electricity_price_data_monthly.csv,
2021-11-01,Ember оптовая цена э/э,Poland,117.8,EUR/МВт·ч,european_wholesale_electricity_price_data_monthly.csv,
2021-11-01,Ember оптовая цена э/э,Portugal,193.79,EUR/МВт·ч,european_wholesale_electricity_price_data_monthly.csv,
2021-11-01,Ember оптовая цена э/э,Romania,212.55,EUR/МВт·ч,european_wholesale_electricity_price_data_monthly.csv,
2021-11-01,Ember оптовая цена э/э,Serbia,218.28,EUR/МВт·ч,european_wholesale_electricity_price_data_monthly.csv,
2021-11-01,Ember оптовая цена э/э,Slovakia,185.38,EUR/МВт·ч,european_wholesale_electricity_price_data_monthly.csv,
2021-11-01,Ember оптовая цена э/э,Slovenia,215.81,EUR/МВт·ч,european_wholesale_electricity_price_data_monthly.csv,
2021-11-01,Ember оптовая цена э/э,Spain,193.72,EUR/МВт·ч,european_wholesale_electricity_price_data_monthly.csv,
2021-11-01,Ember оптовая цена э/э,Sweden,80.76,EUR/МВт·ч,european_wholesale_electricity_price_data_monthly.csv,
2021-11-01,Ember оптовая цена э/э,Switzerland,226.99,EUR/МВт·ч,european_wholesale_electricity_price_data_monthly.csv,
2021-11-01,Ember оптовая цена э/э,United Kingdom,219.34,EUR/МВт·ч,european_wholesale_electricity_price_data_monthly.csv,
2021-12-01,Ember оптовая цена э/э,Austria,259.08,EUR/МВт·ч,european_wholesale_electricity_price_data_monthly.csv,
2021-12-01,Ember оптовая цена э/э,Belgium,245.43,EUR/МВт·ч,european_wholesale_electricity_price_data_monthly.csv,
2021-12-01,Ember оптовая цена э/э,Bulgaria,219.75,EUR/МВт·ч,european_wholesale_electricity_price_data_monthly.csv,
2021-12-01,Ember оптовая цена э/э,Croatia,251.76,EUR/МВт·ч,european_wholesale_electricity_price_data_monthly.csv,
2021-12-01,Ember оптовая цена э/э,Czechia,228.59,EUR/МВт·ч,european_wholesale_electricity_price_data_monthly.csv,
2021-12-01,Ember оптовая цена э/э,Denmark,189.95,EUR/МВт·ч,european_wholesale_electricity_price_data_monthly.csv,
2021-12-01,Ember оптовая цена э/э,Estonia,202.55,EUR/МВт·ч,european_wholesale_electricity_price_data_monthly.csv,
2021-12-01,Ember оптовая цена э/э,Finland,193.27,EUR/МВт·ч,european_wholesale_electricity_price_data_monthly.csv,
2021-12-01,Ember оптовая цена э/э,France,274.51,EUR/МВт·ч,european_wholesale_electricity_price_data_monthly.csv,
2021-12-01,Ember оптовая цена э/э,Germany,225.08,EUR/МВт·ч,european_wholesale_electricity_price_data_monthly.csv,
2021-12-01,Ember оптовая цена э/э,Greece,235.36,EUR/МВт·ч,european_wholesale_electricity_price_data_monthly.csv,
2021-12-01,Ember оптовая цена э/э,Hungary,245.7,EUR/МВт·ч,european_wholesale_electricity_price_data_monthly.csv,
2021-12-01,Ember оптовая цена э/э,Ireland,253.74,EUR/МВт·ч,european_wholesale_electricity_price_data_monthly.csv,
2021-12-01,Ember оптовая цена э/э,Italy,281.01,EUR/МВт·ч,european_wholesale_electricity_price_data_monthly.csv,
2021-12-01,Ember оптовая цена э/э,Latvia,207.3,EUR/МВт·ч,european_wholesale_electricity_price_data_monthly.csv,
2021-12-01,Ember оптовая цена э/э,Lithuania,212.11,EUR/МВт·ч,european_wholesale_electricity_price_data_monthly.csv,
2021-12-01,Ember оптовая цена э/э,Luxembourg,225.08,EUR/МВт·ч,european_wholesale_electricity_price_data_monthly.csv,
2021-12-01,Ember оптовая цена э/э,Netherlands,237.8,EUR/МВт·ч,european_wholesale_electricity_price_data_monthly.csv,
2021-12-01,Ember оптовая цена э/э,Norway,136.54,EUR/МВт·ч,european_wholesale_electricity_price_data_monthly.csv,
2021-12-01,Ember оптовая цена э/э,Poland,179.38,EUR/МВт·ч,european_wholesale_electricity_price_data_monthly.csv,
2021-12-01,Ember оптовая цена э/э,Portugal,239.07,EUR/МВт·ч,european_wholesale_electricity_price_data_monthly.csv,
2021-12-01,Ember оптовая цена э/э,Romania,230.14,EUR/МВт·ч,european_wholesale_electricity_price_data_monthly.csv,
2021-12-01,Ember оптовая цена э/э,Serbia,246.37,EUR/МВт·ч,european_wholesale_electricity_price_data_monthly.csv,
2021-12-01,Ember оптовая цена э/э,Slovakia,231.95,EUR/МВт·ч,european_wholesale_electricity_price_data_monthly.csv,
2021-12-01,Ember оптовая цена э/э,Slovenia,252.4,EUR/МВт·ч,european_wholesale_electricity_price_data_monthly.csv,
2021-12-01,Ember оптовая цена э/э,Spain,238.97,EUR/МВт·ч,european_wholesale_electricity_price_data_monthly.csv,
2021-12-01,Ember оптовая цена э/э,Sweden,156.77,EUR/МВт·ч,european_wholesale_electricity_price_data_monthly.csv,
2021-12-01,Ember оптовая цена э/э,Switzerland,282.14,EUR/МВт·ч,european_wholesale_electricity_price_data_monthly.csv,
2021-12-01,Ember оптовая цена э/э,United Kingdom,288.48,EUR/МВт·ч,european_wholesale_electricity_price_data_monthly.csv,
2022-01-01,Ember оптовая цена э/э,Austria,190.88,EUR/МВт·ч,european_wholesale_electricity_price_data_monthly.csv,
2022-01-01,Ember оптовая цена э/э,Belgium,191.56,EUR/МВт·ч,european_wholesale_electricity_price_data_monthly.csv,
2022-01-01,Ember оптовая цена э/э,Bulgaria,186.56,EUR/МВт·ч,european_wholesale_electricity_price_data_monthly.csv,
2022-01-01,Ember оптовая цена э/э,Croatia,206.9,EUR/МВт·ч,european_wholesale_electricity_price_data_monthly.csv,
2022-01-01,Ember оптовая цена э/э,Czechia,179.72,EUR/МВт·ч,european_wholesale_electricity_price_data_monthly.csv,
2022-01-01,Ember оптовая цена э/э,Denmark,115.64,EUR/МВт·ч,european_wholesale_electricity_price_data_monthly.csv,
2022-01-01,Ember оптовая цена э/э,Estonia,141.86,EUR/МВт·ч,european_wholesale_electricity_price_data_monthly.csv,
2022-01-01,Ember оптовая цена э/э,Finland,106.83,EUR/МВт·ч,european_wholesale_electricity_price_data_monthly.csv,
2022-01-01,Ember оптовая цена э/э,France,211.85,EUR/МВт·ч,european_wholesale_electricity_price_data_monthly.csv,
2022-01-01,Ember оптовая цена э/э,Germany,167.81,EUR/МВт·ч,european_wholesale_electricity_price_data_monthly.csv,
2022-01-01,Ember оптовая цена э/э,Greece,227.35,EUR/МВт·ч,european_wholesale_electricity_price_data_monthly.csv,
2022-01-01,Ember оптовая цена э/э,Hungary,204.92,EUR/МВт·ч,european_wholesale_electricity_price_data_monthly.csv,
2022-01-01,Ember оптовая цена э/э,Ireland,198.7,EUR/МВт·ч,european_wholesale_electricity_price_data_monthly.csv,
2022-01-01,Ember оптовая цена э/э,Italy,224.49,EUR/МВт·ч,european_wholesale_electricity_price_data_monthly.csv,
2022-01-01,Ember оптовая цена э/э,Latvia,143.96,EUR/МВт·ч,european_wholesale_electricity_price_data_monthly.csv,
2022-01-01,Ember оптовая цена э/э,Lithuania,146.01,EUR/МВт·ч,european_wholesale_electricity_price_data_monthly.csv,
2022-01-01,Ember оптовая цена э/э,Luxembourg,167.81,EUR/МВт·ч,european_wholesale_electricity_price_data_monthly.csv,
2022-01-01,Ember оптовая цена э/э,Netherlands,189.24,EUR/МВт·ч,european_wholesale_electricity_price_data_monthly.csv,
2022-01-01,Ember оптовая цена э/э,Norway,101.6,EUR/МВт·ч,european_wholesale_electricity_price_data_monthly.csv,
2022-01-01,Ember оптовая цена э/э,Poland,143.99,EUR/МВт·ч,european_wholesale_electricity_price_data_monthly.csv,
2022-01-01,Ember оптовая цена э/э,Portugal,201.98,EUR/МВт·ч,european_wholesale_electricity_price_data_monthly.csv,
2022-01-01,Ember оптовая цена э/э,Romania,192.15,EUR/МВт·ч,european_wholesale_electricity_price_data_monthly.csv,
2022-01-01,Ember оптовая цена э/э,Serbia,209.57,EUR/МВт·ч,european_wholesale_electricity_price_data_monthly.csv,
2022-01-01,Ember оптовая цена э/э,Slovakia,194.79,EUR/МВт·ч,european_wholesale_electricity_price_data_monthly.csv,
2022-01-01,Ember оптовая цена э/э,Slovenia,206.9,EUR/МВт·ч,european_wholesale_electricity_price_data_monthly.csv,
2022-01-01,Ember оптовая цена э/э,Spain,201.8,EUR/МВт·ч,european_wholesale_electricity_price_data_monthly.csv,
2022-01-01,Ember оптовая цена э/э,Sweden,88.36,EUR/МВт·ч,european_wholesale_electricity_price_data_monthly.csv,
2022-01-01,Ember оптовая цена э/э,Switzerland,219.48,EUR/МВт·ч,european_wholesale_electricity_price_data_monthly.csv,
2022-01-01,Ember оптовая цена э/э,United Kingdom,219.28,EUR/МВт·ч,european_wholesale_electricity_price_data_monthly.csv,
2022-02-01,Ember оптовая цена э/э,Austria,167.94,EUR/МВт·ч,european_wholesale_electricity_price_data_monthly.csv,
2022-02-01,Ember оптовая цена э/э,Belgium,162.64,EUR/МВт·ч,european_wholesale_electricity_price_data_monthly.csv,
2022-02-01,Ember оптовая цена э/э,Bulgaria,187.54,EUR/МВт·ч,european_wholesale_electricity_price_data_monthly.csv,
2022-02-01,Ember оптовая цена э/э,Croatia,195.5,EUR/МВт·ч,european_wholesale_electricity_price_data_monthly.csv,
2022-02-01,Ember оптовая цена э/э,Czechia,155.03,EUR/МВт·ч,european_wholesale_electricity_price_data_monthly.csv,
2022-02-01,Ember оптовая цена э/э,Denmark,108.2,EUR/МВт·ч,european_wholesale_electricity_price_data_monthly.csv,
2022-02-01,Ember оптовая цена э/э,Estonia,104.59,EUR/МВт·ч,european_wholesale_electricity_price_data_monthly.csv,
2022-02-01,Ember оптовая цена э/э,Finland,80.85,EUR/МВт·ч,european_wholesale_electricity_price_data_monthly.csv,
2022-02-01,Ember оптовая цена э/э,France,185.65,EUR/МВт·ч,european_wholesale_electricity_price_data_monthly.csv,
2022-02-01,Ember оптовая цена э/э,Germany,129.86,EUR/МВт·ч,european_wholesale_electricity_price_data_monthly.csv,
2022-02-01,Ember оптовая цена э/э,Greece,211.73,EUR/МВт·ч,european_wholesale_electricity_price_data_monthly.csv,
2022-02-01,Ember оптовая цена э/э,Hungary,194.29,EUR/МВт·ч,european_wholesale_electricity_price_data_monthly.csv,
2022-02-01,Ember оптовая цена э/э,Ireland,172.98,EUR/МВт·ч,european_wholesale_electricity_price_data_monthly.csv,
2022-02-01,Ember оптовая цена э/э,Italy,211.76,EUR/МВт·ч,european_wholesale_electricity_price_data_monthly.csv,
2022-02-01,Ember оптовая цена э/э,Latvia,104.64,EUR/МВт·ч,european_wholesale_electricity_price_data_monthly.csv,
2022-02-01,Ember оптовая цена э/э,Lithuania,104.67,EUR/МВт·ч,european_wholesale_electricity_price_data_monthly.csv,
2022-02-01,Ember оптовая цена э/э,Luxembourg,129.86,EUR/МВт·ч,european_wholesale_electricity_price_data_monthly.csv,
2022-02-01,Ember оптовая цена э/э,Netherlands,168.29,EUR/МВт·ч,european_wholesale_electricity_price_data_monthly.csv,
2022-02-01,Ember оптовая цена э/э,Norway,84.5,EUR/МВт·ч,european_wholesale_electricity_price_data_monthly.csv,
2022-02-01,Ember оптовая цена э/э,Poland,116.81,EUR/МВт·ч,european_wholesale_electricity_price_data_monthly.csv,
2022-02-01,Ember оптовая цена э/э,Portugal,200.81,EUR/МВт·ч,european_wholesale_electricity_price_data_monthly.csv,
2022-02-01,Ember оптовая цена э/э,Romania,188.25,EUR/МВт·ч,european_wholesale_electricity_price_data_monthly.csv,
2022-02-01,Ember оптовая цена э/э,Serbia,198.8,EUR/МВт·ч,european_wholesale_electricity_price_data_monthly.csv,
2022-02-01,Ember оптовая цена э/э,Slovakia,171.37,EUR/МВт·ч,european_wholesale_electricity_price_data_monthly.csv,
2022-02-01,Ember оптовая цена э/э,Slovenia,195.4,EUR/МВт·ч,european_wholesale_electricity_price_data_monthly.csv,
2022-02-01,Ember оптовая цена э/э,Spain,200.31,EUR/МВт·ч,european_wholesale_electricity_price_data_monthly.csv,
2022-02-01,Ember оптовая цена э/э,Sweden,65.08,EUR/МВт·ч,european_wholesale_electricity_price_data_monthly.csv,
2022-02-01,Ember оптовая цена э/э,Switzerland,208.71,EUR/МВт·ч,european_wholesale_electricity_price_data_monthly.csv,
2022-02-01,Ember оптовая цена э/э,United Kingdom,193.98,EUR/МВт·ч,european_wholesale_electricity_price_data_monthly.csv,
2022-03-01,Ember оптовая цена э/э,Austria,286.6,EUR/МВт·ч,european_wholesale_electricity_price_data_monthly.csv,
2022-03-01,Ember оптовая цена э/э,Belgium,265.51,EUR/МВт·ч,european_wholesale_electricity_price_data_monthly.csv,
2022-03-01,Ember оптовая цена э/э,Bulgaria,248.95,EUR/МВт·ч,european_wholesale_electricity_price_data_monthly.csv,
2022-03-01,Ember оптовая цена э/э,Croatia,293.44,EUR/МВт·ч,european_wholesale_electricity_price_data_monthly.csv,
2022-03-01,Ember оптовая цена э/э,Czechia,259.82,EUR/МВт·ч,european_wholesale_electricity_price_data_monthly.csv,
2022-03-01,Ember оптовая цена э/э,Denmark,232.73,EUR/МВт·ч,european_wholesale_electricity_price_data_monthly.csv,
2022-03-01,Ember оптовая цена э/э,Estonia,151.16,EUR/МВт·ч,european_wholesale_electricity_price_data_monthly.csv,
2022-03-01,Ember оптовая цена э/э,Finland,86.63,EUR/МВт·ч,european_wholesale_electricity_price_data_monthly.csv,
2022-03-01,Ember оптовая цена э/э,France,295.17,EUR/МВт·ч,european_wholesale_electricity_price_data_monthly.csv,
2022-03-01,Ember оптовая цена э/э,Germany,252.07,EUR/МВт·ч,european_wholesale_electricity_price_data_monthly.csv,
2022-03-01,Ember оптовая цена э/э,Greece,272.32,EUR/МВт·ч,european_wholesale_electricity_price_data_monthly.csv,
2022-03-01,Ember оптовая цена э/э,Hungary,285.23,EUR/МВт·ч,european_wholesale_electricity_price_data_monthly.csv,
2022-03-01,Ember оптовая цена э/э,Ireland,292.69,EUR/МВт·ч,european_wholesale_electricity_price_data_monthly.csv,
2022-03-01,Ember оптовая цена э/э,Italy,307.97,EUR/МВт·ч,european_wholesale_electricity_price_data_monthly.csv,
2022-03-01,Ember оптовая цена э/э,Latvia,167.14,EUR/МВт·ч,european_wholesale_electricity_price_data_monthly.csv,
2022-03-01,Ember оптовая цена э/э,Lithuania,170.06,EUR/МВт·ч,european_wholesale_electricity_price_data_monthly.csv,
2022-03-01,Ember оптовая цена э/э,Luxembourg,252.07,EUR/МВт·ч,european_wholesale_electricity_price_data_monthly.csv,
2022-03-01,Ember оптовая цена э/э,Netherlands,261.03,EUR/МВт·ч,european_wholesale_electricity_price_data_monthly.csv,
2022-03-01,Ember оптовая цена э/э,Norway,131.92,EUR/МВт·ч,european_wholesale_electricity_price_data_monthly.csv,
2022-03-01,Ember оптовая цена э/э,Poland,141.33,EUR/МВт·ч,european_wholesale_electricity_price_data_monthly.csv,
2022-03-01,Ember оптовая цена э/э,Portugal,283.09,EUR/МВт·ч,european_wholesale_electricity_price_data_monthly.csv,
2022-03-01,Ember оптовая цена э/э,Romania,274.1,EUR/МВт·ч,european_wholesale_electricity_price_data_monthly.csv,
2022-03-01,Ember оптовая цена э/э,Serbia,291.97,EUR/МВт·ч,european_wholesale_electricity_price_data_monthly.csv,
2022-03-01,Ember оптовая цена э/э,Slovakia,279.1,EUR/МВт·ч,european_wholesale_electricity_price_data_monthly.csv,
2022-03-01,Ember оптовая цена э/э,Slovenia,293.44,EUR/МВт·ч,european_wholesale_electricity_price_data_monthly.csv,
2022-03-01,Ember оптовая цена э/э,Spain,283.19,EUR/МВт·ч,european_wholesale_electricity_price_data_monthly.csv,
2022-03-01,Ember оптовая цена э/э,Sweden,108.74,EUR/МВт·ч,european_wholesale_electricity_price_data_monthly.csv,
2022-03-01,Ember оптовая цена э/э,Switzerland,306.09,EUR/МВт·ч,european_wholesale_electricity_price_data_monthly.csv,
2022-03-01,Ember оптовая цена э/э,United Kingdom,297.45,EUR/МВт·ч,european_wholesale_electricity_price_data_monthly.csv,
2022-04-01,Ember оптовая цена э/э,Austria,190.67,EUR/МВт·ч,european_wholesale_electricity_price_data_monthly.csv,
2022-04-01,Ember оптовая цена э/э,Belgium,186.72,EUR/МВт·ч,european_wholesale_electricity_price_data_monthly.csv,
2022-04-01,Ember оптовая цена э/э,Bulgaria,174.52,EUR/МВт·ч,european_wholesale_electricity_price_data_monthly.csv,
2022-04-01,Ember оптовая цена э/э,Croatia,192.69,EUR/МВт·ч,european_wholesale_electricity_price_data_monthly.csv,
2022-04-01,Ember оптовая цена э/э,Czechia,174.35,EUR/МВт·ч,european_wholesale_electricity_price_data_monthly.csv,
2022-04-01,Ember оптовая цена э/э,Denmark,159.66,EUR/МВт·ч,european_wholesale_electricity_price_data_monthly.csv,
2022-04-01,Ember оптовая цена э/э,Estonia,100.71,EUR/МВт·ч,european_wholesale_electricity_price_data_monthly.csv,
2022-04-01,Ember оптовая цена э/э,Finland,79.42,EUR/МВт·ч,european_wholesale_electricity_price_data_monthly.csv,
2022-04-01,Ember оптовая цена э/э,France,232.92,EUR/МВт·ч,european_wholesale_electricity_price_data_monthly.csv,
2022-04-01,Ember оптовая цена э/э,Germany,168.78,EUR/МВт·ч,european_wholesale_electricity_price_data_monthly.csv,
2022-04-01,Ember оптовая цена э/э,Greece,246.91,EUR/МВт·ч,european_wholesale_electricity_price_data_monthly.csv,
2022-04-01,Ember оптовая цена э/э,Hungary,189.45,EUR/МВт·ч,european_wholesale_electricity_price_data_monthly.csv,
2022-04-01,Ember оптовая цена э/э,Ireland,222.54,EUR/МВт·ч,european_wholesale_electricity_price_data_monthly.csv,
2022-04-01,Ember оптовая цена э/э,Italy,245.79,EUR/МВт·ч,european_wholesale_electricity_price_data_monthly.csv,
2022-04-01,Ember оптовая цена э/э,Latvia,109.45,EUR/МВт·ч,european_wholesale_electricity_price_data_monthly.csv,
2022-04-01,Ember оптовая цена э/э,Lithuania,116.52,EUR/МВт·ч,european_wholesale_electricity_price_data_monthly.csv,
2022-04-01,Ember оптовая цена э/э,Luxembourg,168.78,EUR/МВт·ч,european_wholesale_electricity_price_data_monthly.csv,
2022-04-01,Ember оптовая цена э/э,Netherlands,195.31,EUR/МВт·ч,european_wholesale_electricity_price_data_monthly.csv,
2022-04-01,Ember оптовая цена э/э,Norway,127.8,EUR/МВт·ч,european_wholesale_electricity_price_data_monthly.csv,
2022-04-01,Ember оптовая цена э/э,Poland,124.27,EUR/МВт·ч,european_wholesale_electricity_price_data_monthly.csv,
2022-04-01,Ember оптовая цена э/э,Portugal,192.01,EUR/МВт·ч,european_wholesale_electricity_price_data_monthly.csv,
2022-04-01,Ember оптовая цена э/э,Romania,174.8,EUR/МВт·ч,european_wholesale_electricity_price_data_monthly.csv,
2022-04-01,Ember оптовая цена э/э,Serbia,191.74,EUR/МВт·ч,european_wholesale_electricity_price_data_monthly.csv,
2022-04-01,Ember оптовая цена э/э,Slovakia,183.68,EUR/МВт·ч,european_wholesale_electricity_price_data_monthly.csv,
2022-04-01,Ember оптовая цена э/э,Slovenia,192.69,EUR/МВт·ч,european_wholesale_electricity_price_data_monthly.csv,
2022-04-01,Ember оптовая цена э/э,Spain,191.52,EUR/МВт·ч,european_wholesale_electricity_price_data_monthly.csv,
2022-04-01,Ember оптовая цена э/э,Sweden,83.77,EUR/МВт·ч,european_wholesale_electricity_price_data_monthly.csv,
2022-04-01,Ember оптовая цена э/э,Switzerland,227.2,EUR/МВт·ч,european_wholesale_electricity_price_data_monthly.csv,
2022-04-01,Ember оптовая цена э/э,United Kingdom,211.27,EUR/МВт·ч,european_wholesale_electricity_price_data_monthly.csv,
2022-05-01,Ember оптовая цена э/э,Austria,184.95,EUR/МВт·ч,european_wholesale_electricity_price_data_monthly.csv,
2022-05-01,Ember оптовая цена э/э,Belgium,176.67,EUR/МВт·ч,european_wholesale_electricity_price_data_monthly.csv,
2022-05-01,Ember оптовая цена э/э,Bulgaria,201.8,EUR/МВт·ч,european_wholesale_electricity_price_data_monthly.csv,
2022-05-01,Ember оптовая цена э/э,Croatia,202.06,EUR/МВт·ч,european_wholesale_electricity_price_data_monthly.csv,
2022-05-01,Ember оптовая цена э/э,Czechia,189.02,EUR/МВт·ч,european_wholesale_electricity_price_data_monthly.csv,
2022-05-01,Ember оптовая цена э/э,Denmark,168.51,EUR/МВт·ч,european_wholesale_electricity_price_data_monthly.csv,
2022-05-01,Ember оптовая цена э/э,Estonia,151.36,EUR/МВт·ч,european_wholesale_electricity_price_data_monthly.csv,
2022-05-01,Ember оптовая цена э/э,Finland,132.35,EUR/МВт·ч,european_wholesale_electricity_price_data_monthly.csv,
2022-05-01,Ember оптовая цена э/э,France,197.46,EUR/МВт·ч,european_wholesale_electricity_price_data_monthly.csv,
2022-05-01,Ember оптовая цена э/э,Germany,177.04,EUR/МВт·ч,european_wholesale_electricity_price_data_monthly.csv,
2022-05-01,Ember оптовая цена э/э,Greece,225.07,EUR/МВт·ч,european_wholesale_electricity_price_data_monthly.csv,
2022-05-01,Ember оптовая цена э/э,Hungary,204.87,EUR/МВт·ч,european_wholesale_electricity_price_data_monthly.csv,
2022-05-01,Ember оптовая цена э/э,Ireland,141.41,EUR/МВт·ч,european_wholesale_electricity_price_data_monthly.csv,
2022-05-01,Ember оптовая цена э/э,Italy,230.04,EUR/МВт·ч,european_wholesale_electricity_price_data_monthly.csv,
2022-05-01,Ember оптовая цена э/э,Latvia,164.35,EUR/МВт·ч,european_wholesale_electricity_price_data_monthly.csv,
2022-05-01,Ember оптовая цена э/э,Lithuania,164.86,EUR/МВт·ч,european_wholesale_electricity_price_data_monthly.csv,
2022-05-01,Ember оптовая цена э/э,Luxembourg,177.04,EUR/МВт·ч,european_wholesale_electricity_price_data_monthly.csv,
2022-05-01,Ember оптовая цена э/э,Netherlands,181.4,EUR/МВт·ч,european_wholesale_electricity_price_data_monthly.csv,
2022-05-01,Ember оптовая цена э/э,Norway,107.34,EUR/МВт·ч,european_wholesale_electricity_price_data_monthly.csv,
2022-05-01,Ember оптовая цена э/э,Poland,140.64,EUR/МВт·ч,european_wholesale_electricity_price_data_monthly.csv,
2022-05-01,Ember оптовая цена э/э,Portugal,187.19,EUR/МВт·ч,european_wholesale_electricity_price_data_monthly.csv,
2022-05-01,Ember оптовая цена э/э,Romania,202.28,EUR/МВт·ч,european_wholesale_electricity_price_data_monthly.csv,
2022-05-01,Ember оптовая цена э/э,Serbia,205.8,EUR/МВт·ч,european_wholesale_electricity_price_data_monthly.csv,
2022-05-01,Ember оптовая цена э/э,Slovakia,194.8,EUR/МВт·ч,european_wholesale_electricity_price_data_monthly.csv,
2022-05-01,Ember оптовая цена э/э,Slovenia,202.06,EUR/МВт·ч,european_wholesale_electricity_price_data_monthly.csv,
2022-05-01,Ember оптовая цена э/э,Spain,187.16,EUR/МВт·ч,european_wholesale_electricity_price_data_monthly.csv,
2022-05-01,Ember оптовая цена э/э,Sweden,95.76,EUR/МВт·ч,european_wholesale_electricity_price_data_monthly.csv,
2022-05-01,Ember оптовая цена э/э,Switzerland,197.09,EUR/МВт·ч,european_wholesale_electricity_price_data_monthly.csv,
2022-05-01,Ember оптовая цена э/э,United Kingdom,148.13,EUR/МВт·ч,european_wholesale_electricity_price_data_monthly.csv,
2022-06-01,Ember оптовая цена э/э,Austria,227.51,EUR/МВт·ч,european_wholesale_electricity_price_data_monthly.csv,
2022-06-01,Ember оптовая цена э/э,Belgium,219.29,EUR/МВт·ч,european_wholesale_electricity_price_data_monthly.csv,
2022-06-01,Ember оптовая цена э/э,Bulgaria,223.16,EUR/МВт·ч,european_wholesale_electricity_price_data_monthly.csv,
2022-06-01,Ember оптовая цена э/э,Croatia,245.58,EUR/МВт·ч,european_wholesale_electricity_price_data_monthly.csv,
2022-06-01,Ember оптовая цена э/э,Czechia,224.96,EUR/МВт·ч,european_wholesale_electricity_price_data_monthly.csv,
2022-06-01,Ember оптовая цена э/э,Denmark,214.16,EUR/МВт·ч,european_wholesale_electricity_price_data_monthly.csv,
2022-06-01,Ember оптовая цена э/э,Estonia,173.74,EUR/МВт·ч,european_wholesale_electricity_price_data_monthly.csv,
2022-06-01,Ember оптовая цена э/э,Finland,140.33,EUR/МВт·ч,european_wholesale_electricity_price_data_monthly.csv,
2022-06-01,Ember оптовая цена э/э,France,248.73,EUR/МВт·ч,european_wholesale_electricity_price_data_monthly.csv,
2022-06-01,Ember оптовая цена э/э,Germany,218.17,EUR/МВт·ч,european_wholesale_electricity_price_data_monthly.csv,
2022-06-01,Ember оптовая цена э/э,Greece,240.83,EUR/МВт·ч,european_wholesale_electricity_price_data_monthly.csv,
2022-06-01,Ember оптовая цена э/э,Hungary,237.06,EUR/МВт·ч,european_wholesale_electricity_price_data_monthly.csv,
2022-06-01,Ember оптовая цена э/э,Ireland,180.39,EUR/МВт·ч,european_wholesale_electricity_price_data_monthly.csv,
2022-06-01,Ember оптовая цена э/э,Italy,271.67,EUR/МВт·ч,european_wholesale_electricity_price_data_monthly.csv,
2022-06-01,Ember оптовая цена э/э,Latvia,218.52,EUR/МВт·ч,european_wholesale_electricity_price_data_monthly.csv,
2022-06-01,Ember оптовая цена э/э,Lithuania,223.38,EUR/МВт·ч,european_wholesale_electricity_price_data_monthly.csv,
2022-06-01,Ember оптовая цена э/э,Luxembourg,218.17,EUR/МВт·ч,european_wholesale_electricity_price_data_monthly.csv,
2022-06-01,Ember оптовая цена э/э,Netherlands,210.7,EUR/МВт·ч,european_wholesale_electricity_price_data_monthly.csv,
2022-06-01,Ember оптовая цена э/э,Norway,105.17,EUR/МВт·ч,european_wholesale_electricity_price_data_monthly.csv,
2022-06-01,Ember оптовая цена э/э,Poland,185.27,EUR/МВт·ч,european_wholesale_electricity_price_data_monthly.csv,
2022-06-01,Ember оптовая цена э/э,Portugal,169.63,EUR/МВт·ч,european_wholesale_electricity_price_data_monthly.csv,
2022-06-01,Ember оптовая цена э/э,Romania,230.49,EUR/МВт·ч,european_wholesale_electricity_price_data_monthly.csv,
2022-06-01,Ember оптовая цена э/э,Serbia,242.67,EUR/МВт·ч,european_wholesale_electricity_price_data_monthly.csv,
2022-06-01,Ember оптовая цена э/э,Slovakia,235.8,EUR/МВт·ч,european_wholesale_electricity_price_data_monthly.csv,
2022-06-01,Ember оптовая цена э/э,Slovenia,246.11,EUR/МВт·ч,european_wholesale_electricity_price_data_monthly.csv,
2022-06-01,Ember оптовая цена э/э,Spain,169.43,EUR/МВт·ч,european_wholesale_electricity_price_data_monthly.csv,
2022-06-01,Ember оптовая цена э/э,Sweden,114.26,EUR/МВт·ч,european_wholesale_electricity_price_data_monthly.csv,
2022-06-01,Ember оптовая цена э/э,Switzerland,255.18,EUR/МВт·ч,european_wholesale_electricity_price_data_monthly.csv,
2022-06-01,Ember оптовая цена э/э,United Kingdom,187.08,EUR/МВт·ч,european_wholesale_electricity_price_data_monthly.csv,
2022-07-01,Ember оптовая цена э/э,Austria,361.75,EUR/МВт·ч,european_wholesale_electricity_price_data_monthly.csv,
2022-07-01,Ember оптовая цена э/э,Belgium,321.55,EUR/МВт·ч,european_wholesale_electricity_price_data_monthly.csv,
2022-07-01,Ember оптовая цена э/э,Bulgaria,323.4,EUR/МВт·ч,european_wholesale_electricity_price_data_monthly.csv,
2022-07-01,Ember оптовая цена э/э,Croatia,375.56,EUR/МВт·ч,european_wholesale_electricity_price_data_monthly.csv,
2022-07-01,Ember оптовая цена э/э,Czechia,319.64,EUR/МВт·ч,european_wholesale_electricity_price_data_monthly.csv,
2022-07-01,Ember оптовая цена э/э,Denmark,259.54,EUR/МВт·ч,european_wholesale_electricity_price_data_monthly.csv,
2022-07-01,Ember оптовая цена э/э,Estonia,233.69,EUR/МВт·ч,european_wholesale_electricity_price_data_monthly.csv,
2022-07-01,Ember оптовая цена э/э,Finland,183.92,EUR/МВт·ч,european_wholesale_electricity_price_data_monthly.csv,
2022-07-01,Ember оптовая цена э/э,France,400.95,EUR/МВт·ч,european_wholesale_electricity_price_data_monthly.csv,
2022-07-01,Ember оптовая цена э/э,Germany,317.03,EUR/МВт·ч,european_wholesale_electricity_price_data_monthly.csv,
2022-07-01,Ember оптовая цена э/э,Greece,338.32,EUR/МВт·ч,european_wholesale_electricity_price_data_monthly.csv,
2022-07-01,Ember оптовая цена э/э,Hungary,371.23,EUR/МВт·ч,european_wholesale_electricity_price_data_monthly.csv,
2022-07-01,Ember оптовая цена э/э,Ireland,267.21,EUR/МВт·ч,european_wholesale_electricity_price_data_monthly.csv,
2022-07-01,Ember оптовая цена э/э,Italy,441.77,EUR/МВт·ч,european_wholesale_electricity_price_data_monthly.csv,
2022-07-01,Ember оптовая цена э/э,Latvia,304.98,EUR/МВт·ч,european_wholesale_electricity_price_data_monthly.csv,
2022-07-01,Ember оптовая цена э/э,Lithuania,305.38,EUR/МВт·ч,european_wholesale_electricity_price_data_monthly.csv,
2022-07-01,Ember оптовая цена э/э,Luxembourg,317.03,EUR/МВт·ч,european_wholesale_electricity_price_data_monthly.csv,
2022-07-01,Ember оптовая цена э/э,Netherlands,306.86,EUR/МВт·ч,european_wholesale_electricity_price_data_monthly.csv,
2022-07-01,Ember оптовая цена э/э,Norway,129.21,EUR/МВт·ч,european_wholesale_electricity_price_data_monthly.csv,
2022-07-01,Ember оптовая цена э/э,Poland,220.08,EUR/МВт·ч,european_wholesale_electricity_price_data_monthly.csv,
2022-07-01,Ember оптовая цена э/э,Portugal,143.83,EUR/МВт·ч,european_wholesale_electricity_price_data_monthly.csv,
2022-07-01,Ember оптовая цена э/э,Romania,367.31,EUR/МВт·ч,european_wholesale_electricity_price_data_monthly.csv,
2022-07-01,Ember оптовая цена э/э,Serbia,384.27,EUR/МВт·ч,european_wholesale_electricity_price_data_monthly.csv,
2022-07-01,Ember оптовая цена э/э,Slovakia,368.43,EUR/МВт·ч,european_wholesale_electricity_price_data_monthly.csv,
2022-07-01,Ember оптовая цена э/э,Slovenia,374.96,EUR/МВт·ч,european_wholesale_electricity_price_data_monthly.csv,
2022-07-01,Ember оптовая цена э/э,Spain,142.68,EUR/МВт·ч,european_wholesale_electricity_price_data_monthly.csv,
2022-07-01,Ember оптовая цена э/э,Sweden,74.92,EUR/МВт·ч,european_wholesale_electricity_price_data_monthly.csv,
2022-07-01,Ember оптовая цена э/э,Switzerland,383.27,EUR/МВт·ч,european_wholesale_electricity_price_data_monthly.csv,
2022-07-01,Ember оптовая цена э/э,United Kingdom,286.35,EUR/МВт·ч,european_wholesale_electricity_price_data_monthly.csv,
2022-08-01,Ember оптовая цена э/э,Austria,488.27,EUR/МВт·ч,european_wholesale_electricity_price_data_monthly.csv,
2022-08-01,Ember оптовая цена э/э,Belgium,448.12,EUR/МВт·ч,european_wholesale_electricity_price_data_monthly.csv,
2022-08-01,Ember оптовая цена э/э,Bulgaria,433.22,EUR/МВт·ч,european_wholesale_electricity_price_data_monthly.csv,
2022-08-01,Ember оптовая цена э/э,Croatia,494.05,EUR/МВт·ч,european_wholesale_electricity_price_data_monthly.csv,
2022-08-01,Ember оптовая цена э/э,Czechia,476.73,EUR/МВт·ч,european_wholesale_electricity_price_data_monthly.csv,
2022-08-01,Ember оптовая цена э/э,Denmark,454.43,EUR/МВт·ч,european_wholesale_electricity_price_data_monthly.csv,
2022-08-01,Ember оптовая цена э/э,Estonia,360.7,EUR/МВт·ч,european_wholesale_electricity_price_data_monthly.csv,
2022-08-01,Ember оптовая цена э/э,Finland,261.53,EUR/МВт·ч,european_wholesale_electricity_price_data_monthly.csv,
2022-08-01,Ember оптовая цена э/э,France,493.08,EUR/МВт·ч,european_wholesale_electricity_price_data_monthly.csv,
2022-08-01,Ember оптовая цена э/э,Germany,463.59,EUR/МВт·ч,european_wholesale_electricity_price_data_monthly.csv,
2022-08-01,Ember оптовая цена э/э,Greece,436.76,EUR/МВт·ч,european_wholesale_electricity_price_data_monthly.csv,
2022-08-01,Ember оптовая цена э/э,Hungary,495.65,EUR/МВт·ч,european_wholesale_electricity_price_data_monthly.csv,
2022-08-01,Ember оптовая цена э/э,Ireland,383.32,EUR/МВт·ч,european_wholesale_electricity_price_data_monthly.csv,
2022-08-01,Ember оптовая цена э/э,Italy,543.55,EUR/МВт·ч,european_wholesale_electricity_price_data_monthly.csv,
2022-08-01,Ember оптовая цена э/э,Latvia,467.09,EUR/МВт·ч,european_wholesale_electricity_price_data_monthly.csv,
2022-08-01,Ember оптовая цена э/э,Lithuania,480.5,EUR/МВт·ч,european_wholesale_electricity_price_data_monthly.csv,
2022-08-01,Ember оптовая цена э/э,Luxembourg,463.59,EUR/МВт·ч,european_wholesale_electricity_price_data_monthly.csv,
2022-08-01,Ember оптовая цена э/э,Netherlands,447.25,EUR/МВт·ч,european_wholesale_electricity_price_data_monthly.csv,
2022-08-01,Ember оптовая цена э/э,Norway,245.94,EUR/МВт·ч,european_wholesale_electricity_price_data_monthly.csv,
2022-08-01,Ember оптовая цена э/э,Poland,268.88,EUR/МВт·ч,european_wholesale_electricity_price_data_monthly.csv,
2022-08-01,Ember оптовая цена э/э,Portugal,157.36,EUR/МВт·ч,european_wholesale_electricity_price_data_monthly.csv,
2022-08-01,Ember оптовая цена э/э,Romania,490.8,EUR/МВт·ч,european_wholesale_electricity_price_data_monthly.csv,
2022-08-01,Ember оптовая цена э/э,Serbia,492.45,EUR/МВт·ч,european_wholesale_electricity_price_data_monthly.csv,
2022-08-01,Ember оптовая цена э/э,Slovakia,492.47,EUR/МВт·ч,european_wholesale_electricity_price_data_monthly.csv,
2022-08-01,Ember оптовая цена э/э,Slovenia,494.38,EUR/МВт·ч,european_wholesale_electricity_price_data_monthly.csv,
2022-08-01,Ember оптовая цена э/э,Spain,154.99,EUR/МВт·ч,european_wholesale_electricity_price_data_monthly.csv,
2022-08-01,Ember оптовая цена э/э,Sweden,189.0,EUR/МВт·ч,european_wholesale_electricity_price_data_monthly.csv,
2022-08-01,Ember оптовая цена э/э,Switzerland,488.14,EUR/МВт·ч,european_wholesale_electricity_price_data_monthly.csv,
2022-08-01,Ember оптовая цена э/э,United Kingdom,438.03,EUR/МВт·ч,european_wholesale_electricity_price_data_monthly.csv,
2022-09-01,Ember оптовая цена э/э,Austria,396.32,EUR/МВт·ч,european_wholesale_electricity_price_data_monthly.csv,
2022-09-01,Ember оптовая цена э/э,Belgium,345.73,EUR/МВт·ч,european_wholesale_electricity_price_data_monthly.csv,
2022-09-01,Ember оптовая цена э/э,Bulgaria,375.13,EUR/МВт·ч,european_wholesale_electricity_price_data_monthly.csv,
2022-09-01,Ember оптовая цена э/э,Croatia,391.73,EUR/МВт·ч,european_wholesale_electricity_price_data_monthly.csv,
2022-09-01,Ember оптовая цена э/э,Czechia,364.45,EUR/МВт·ч,european_wholesale_electricity_price_data_monthly.csv,
2022-09-01,Ember оптовая цена э/э,Denmark,336.73,EUR/МВт·ч,european_wholesale_electricity_price_data_monthly.csv,
2022-09-01,Ember оптовая цена э/э,Estonia,229.42,EUR/МВт·ч,european_wholesale_electricity_price_data_monthly.csv,
2022-09-01,Ember оптовая цена э/э,Finland,215.46,EUR/МВт·ч,european_wholesale_electricity_price_data_monthly.csv,
2022-09-01,Ember оптовая цена э/э,France,393.39,EUR/МВт·ч,european_wholesale_electricity_price_data_monthly.csv,
2022-09-01,Ember оптовая цена э/э,Germany,352.81,EUR/МВт·ч,european_wholesale_electricity_price_data_monthly.csv,
2022-09-01,Ember оптовая цена э/э,Greece,416.41,EUR/МВт·ч,european_wholesale_electricity_price_data_monthly.csv,
2022-09-01,Ember оптовая цена э/э,Hungary,390.42,EUR/МВт·ч,european_wholesale_electricity_price_data_monthly.csv,
2022-09-01,Ember оптовая цена э/э,Ireland,292.98,EUR/МВт·ч,european_wholesale_electricity_price_data_monthly.csv,
2022-09-01,Ember оптовая цена э/э,Italy,429.25,EUR/МВт·ч,european_wholesale_electricity_price_data_monthly.csv,
2022-09-01,Ember оптовая цена э/э,Latvia,351.48,EUR/МВт·ч,european_wholesale_electricity_price_data_monthly.csv,
2022-09-01,Ember оптовая цена э/э,Lithuania,359.38,EUR/МВт·ч,european_wholesale_electricity_price_data_monthly.csv,
2022-09-01,Ember оптовая цена э/э,Luxembourg,352.81,EUR/МВт·ч,european_wholesale_electricity_price_data_monthly.csv,
2022-09-01,Ember оптовая цена э/э,Netherlands,340.89,EUR/МВт·ч,european_wholesale_electricity_price_data_monthly.csv,
2022-09-01,Ember оптовая цена э/э,Norway,236.96,EUR/МВт·ч,european_wholesale_electricity_price_data_monthly.csv,
2022-09-01,Ember оптовая цена э/э,Poland,175.5,EUR/МВт·ч,european_wholesale_electricity_price_data_monthly.csv,
2022-09-01,Ember оптовая цена э/э,Portugal,141.1,EUR/МВт·ч,european_wholesale_electricity_price_data_monthly.csv,
2022-09-01,Ember оптовая цена э/э,Romania,377.92,EUR/МВт·ч,european_wholesale_electricity_price_data_monthly.csv,
2022-09-01,Ember оптовая цена э/э,Serbia,395.1,EUR/МВт·ч,european_wholesale_electricity_price_data_monthly.csv,
2022-09-01,Ember оптовая цена э/э,Slovakia,386.52,EUR/МВт·ч,european_wholesale_electricity_price_data_monthly.csv,
2022-09-01,Ember оптовая цена э/э,Slovenia,394.49,EUR/МВт·ч,european_wholesale_electricity_price_data_monthly.csv,
2022-09-01,Ember оптовая цена э/э,Spain,140.92,EUR/МВт·ч,european_wholesale_electricity_price_data_monthly.csv,
2022-09-01,Ember оптовая цена э/э,Sweden,189.94,EUR/МВт·ч,european_wholesale_electricity_price_data_monthly.csv,
2022-09-01,Ember оптовая цена э/э,Switzerland,403.79,EUR/МВт·ч,european_wholesale_electricity_price_data_monthly.csv,
2022-09-01,Ember оптовая цена э/э,United Kingdom,309.95,EUR/МВт·ч,european_wholesale_electricity_price_data_monthly.csv,
2022-10-01,Ember оптовая цена э/э,Austria,176.5,EUR/МВт·ч,european_wholesale_electricity_price_data_monthly.csv,
2022-10-01,Ember оптовая цена э/э,Belgium,157.51,EUR/МВт·ч,european_wholesale_electricity_price_data_monthly.csv,
2022-10-01,Ember оптовая цена э/э,Bulgaria,205.92,EUR/МВт·ч,european_wholesale_electricity_price_data_monthly.csv,
2022-10-01,Ember оптовая цена э/э,Croatia,196.69,EUR/МВт·ч,european_wholesale_electricity_price_data_monthly.csv,
2022-10-01,Ember оптовая цена э/э,Czechia,168.04,EUR/МВт·ч,european_wholesale_electricity_price_data_monthly.csv,
2022-10-01,Ember оптовая цена э/э,Denmark,137.08,EUR/МВт·ч,european_wholesale_electricity_price_data_monthly.csv,
2022-10-01,Ember оптовая цена э/э,Estonia,174.15,EUR/МВт·ч,european_wholesale_electricity_price_data_monthly.csv,
2022-10-01,Ember оптовая цена э/э,Finland,113.21,EUR/МВт·ч,european_wholesale_electricity_price_data_monthly.csv,
2022-10-01,Ember оптовая цена э/э,France,178.89,EUR/МВт·ч,european_wholesale_electricity_price_data_monthly.csv,
2022-10-01,Ember оптовая цена э/э,Germany,155.3,EUR/МВт·ч,european_wholesale_electricity_price_data_monthly.csv,
2022-10-01,Ember оптовая цена э/э,Greece,232.16,EUR/МВт·ч,european_wholesale_electricity_price_data_monthly.csv,
2022-10-01,Ember оптовая цена э/э,Hungary,193.91,EUR/МВт·ч,european_wholesale_electricity_price_data_monthly.csv,
2022-10-01,Ember оптовая цена э/э,Ireland,133.04,EUR/МВт·ч,european_wholesale_electricity_price_data_monthly.csv,
2022-10-01,Ember оптовая цена э/э,Italy,211.16,EUR/МВт·ч,european_wholesale_electricity_price_data_monthly.csv,
2022-10-01,Ember оптовая цена э/э,Latvia,189.16,EUR/МВт·ч,european_wholesale_electricity_price_data_monthly.csv,
2022-10-01,Ember оптовая цена э/э,Lithuania,189.21,EUR/МВт·ч,european_wholesale_electricity_price_data_monthly.csv,
2022-10-01,Ember оптовая цена э/э,Luxembourg,155.3,EUR/МВт·ч,european_wholesale_electricity_price_data_monthly.csv,
2022-10-01,Ember оптовая цена э/э,Netherlands,155.51,EUR/МВт·ч,european_wholesale_electricity_price_data_monthly.csv,
2022-10-01,Ember оптовая цена э/э,Norway,89.01,EUR/МВт·ч,european_wholesale_electricity_price_data_monthly.csv,
2022-10-01,Ember оптовая цена э/э,Poland,134.12,EUR/МВт·ч,european_wholesale_electricity_price_data_monthly.csv,
2022-10-01,Ember оптовая цена э/э,Portugal,127.22,EUR/МВт·ч,european_wholesale_electricity_price_data_monthly.csv,
2022-10-01,Ember оптовая цена э/э,Romania,206.01,EUR/МВт·ч,european_wholesale_electricity_price_data_monthly.csv,
2022-10-01,Ember оптовая цена э/э,Serbia,204.57,EUR/МВт·ч,european_wholesale_electricity_price_data_monthly.csv,
2022-10-01,Ember оптовая цена э/э,Slovakia,188.29,EUR/МВт·ч,european_wholesale_electricity_price_data_monthly.csv,
2022-10-01,Ember оптовая цена э/э,Slovenia,196.89,EUR/МВт·ч,european_wholesale_electricity_price_data_monthly.csv,
2022-10-01,Ember оптовая цена э/э,Spain,127.22,EUR/МВт·ч,european_wholesale_electricity_price_data_monthly.csv,
2022-10-01,Ember оптовая цена э/э,Sweden,69.04,EUR/МВт·ч,european_wholesale_electricity_price_data_monthly.csv,
2022-10-01,Ember оптовая цена э/э,Switzerland,183.97,EUR/МВт·ч,european_wholesale_electricity_price_data_monthly.csv,
2022-10-01,Ember оптовая цена э/э,United Kingdom,136.05,EUR/МВт·ч,european_wholesale_electricity_price_data_monthly.csv,
2022-11-01,Ember оптовая цена э/э,Austria,211.79,EUR/МВт·ч,european_wholesale_electricity_price_data_monthly.csv,
2022-11-01,Ember оптовая цена э/э,Belgium,180.7,EUR/МВт·ч,european_wholesale_electricity_price_data_monthly.csv,
2022-11-01,Ember оптовая цена э/э,Bulgaria,220.23,EUR/МВт·ч,european_wholesale_electricity_price_data_monthly.csv,
2022-11-01,Ember оптовая цена э/э,Croatia,219.66,EUR/МВт·ч,european_wholesale_electricity_price_data_monthly.csv,
2022-11-01,Ember оптовая цена э/э,Czechia,197.08,EUR/МВт·ч,european_wholesale_electricity_price_data_monthly.csv,
2022-11-01,Ember оптовая цена э/э,Denmark,141.9,EUR/МВт·ч,european_wholesale_electricity_price_data_monthly.csv,
2022-11-01,Ember оптовая цена э/э,Estonia,219.23,EUR/МВт·ч,european_wholesale_electricity_price_data_monthly.csv,
2022-11-01,Ember оптовая цена э/э,Finland,195.62,EUR/МВт·ч,european_wholesale_electricity_price_data_monthly.csv,
2022-11-01,Ember оптовая цена э/э,France,192.16,EUR/МВт·ч,european_wholesale_electricity_price_data_monthly.csv,
2022-11-01,Ember оптовая цена э/э,Germany,173.2,EUR/МВт·ч,european_wholesale_electricity_price_data_monthly.csv,
2022-11-01,Ember оптовая цена э/э,Greece,227.84,EUR/МВт·ч,european_wholesale_electricity_price_data_monthly.csv,
2022-11-01,Ember оптовая цена э/э,Hungary,223.01,EUR/МВт·ч,european_wholesale_electricity_price_data_monthly.csv,
2022-11-01,Ember оптовая цена э/э,Ireland,137.04,EUR/МВт·ч,european_wholesale_electricity_price_data_monthly.csv,
2022-11-01,Ember оптовая цена э/э,Italy,224.79,EUR/МВт·ч,european_wholesale_electricity_price_data_monthly.csv,
2022-11-01,Ember оптовая цена э/э,Latvia,226.68,EUR/МВт·ч,european_wholesale_electricity_price_data_monthly.csv,
2022-11-01,Ember оптовая цена э/э,Lithuania,226.87,EUR/МВт·ч,european_wholesale_electricity_price_data_monthly.csv,
2022-11-01,Ember оптовая цена э/э,Luxembourg,173.2,EUR/МВт·ч,european_wholesale_electricity_price_data_monthly.csv,
2022-11-01,Ember оптовая цена э/э,Netherlands,179.48,EUR/МВт·ч,european_wholesale_electricity_price_data_monthly.csv,
2022-11-01,Ember оптовая цена э/э,Norway,88.73,EUR/МВт·ч,european_wholesale_electricity_price_data_monthly.csv,
2022-11-01,Ember оптовая цена э/э,Poland,170.95,EUR/МВт·ч,european_wholesale_electricity_price_data_monthly.csv,
2022-11-01,Ember оптовая цена э/э,Portugal,115.4,EUR/МВт·ч,european_wholesale_electricity_price_data_monthly.csv,
2022-11-01,Ember оптовая цена э/э,Romania,222.54,EUR/МВт·ч,european_wholesale_electricity_price_data_monthly.csv,
2022-11-01,Ember оптовая цена э/э,Serbia,216.65,EUR/МВт·ч,european_wholesale_electricity_price_data_monthly.csv,
2022-11-01,Ember оптовая цена э/э,Slovakia,215.85,EUR/МВт·ч,european_wholesale_electricity_price_data_monthly.csv,
2022-11-01,Ember оптовая цена э/э,Slovenia,222.73,EUR/МВт·ч,european_wholesale_electricity_price_data_monthly.csv,
2022-11-01,Ember оптовая цена э/э,Spain,115.57,EUR/МВт·ч,european_wholesale_electricity_price_data_monthly.csv,
2022-11-01,Ember оптовая цена э/э,Sweden,119.37,EUR/МВт·ч,european_wholesale_electricity_price_data_monthly.csv,
2022-11-01,Ember оптовая цена э/э,Switzerland,219.34,EUR/МВт·ч,european_wholesale_electricity_price_data_monthly.csv,
2022-11-01,Ember оптовая цена э/э,United Kingdom,159.8,EUR/МВт·ч,european_wholesale_electricity_price_data_monthly.csv,
2022-12-01,Ember оптовая цена э/э,Austria,266.04,EUR/МВт·ч,european_wholesale_electricity_price_data_monthly.csv,
2022-12-01,Ember оптовая цена э/э,Belgium,268.88,EUR/МВт·ч,european_wholesale_electricity_price_data_monthly.csv,
2022-12-01,Ember оптовая цена э/э,Bulgaria,246.56,EUR/МВт·ч,european_wholesale_electricity_price_data_monthly.csv,
2022-12-01,Ember оптовая цена э/э,Croatia,246.37,EUR/МВт·ч,european_wholesale_electricity_price_data_monthly.csv,
2022-12-01,Ember оптовая цена э/э,Czechia,250.42,EUR/МВт·ч,european_wholesale_electricity_price_data_monthly.csv,
2022-12-01,Ember оптовая цена э/э,Denmark,248.97,EUR/МВт·ч,european_wholesale_electricity_price_data_monthly.csv,
2022-12-01,Ember оптовая цена э/э,Estonia,263.05,EUR/МВт·ч,european_wholesale_electricity_price_data_monthly.csv,
2022-12-01,Ember оптовая цена э/э,Finland,245.6,EUR/МВт·ч,european_wholesale_electricity_price_data_monthly.csv,
2022-12-01,Ember оптовая цена э/э,France,270.49,EUR/МВт·ч,european_wholesale_electricity_price_data_monthly.csv,
2022-12-01,Ember оптовая цена э/э,Germany,250.71,EUR/МВт·ч,european_wholesale_electricity_price_data_monthly.csv,
2022-12-01,Ember оптовая цена э/э,Greece,276.97,EUR/МВт·ч,european_wholesale_electricity_price_data_monthly.csv,
2022-12-01,Ember оптовая цена э/э,Hungary,260.78,EUR/МВт·ч,european_wholesale_electricity_price_data_monthly.csv,
2022-12-01,Ember оптовая цена э/э,Ireland,279.75,EUR/МВт·ч,european_wholesale_electricity_price_data_monthly.csv,
2022-12-01,Ember оптовая цена э/э,Italy,294.82,EUR/МВт·ч,european_wholesale_electricity_price_data_monthly.csv,
2022-12-01,Ember оптовая цена э/э,Latvia,263.51,EUR/МВт·ч,european_wholesale_electricity_price_data_monthly.csv,
2022-12-01,Ember оптовая цена э/э,Lithuania,263.88,EUR/МВт·ч,european_wholesale_electricity_price_data_monthly.csv,
2022-12-01,Ember оптовая цена э/э,Luxembourg,250.71,EUR/МВт·ч,european_wholesale_electricity_price_data_monthly.csv,
2022-12-01,Ember оптовая цена э/э,Netherlands,258.49,EUR/МВт·ч,european_wholesale_electricity_price_data_monthly.csv,
2022-12-01,Ember оптовая цена э/э,Norway,217.45,EUR/МВт·ч,european_wholesale_electricity_price_data_monthly.csv,
2022-12-01,Ember оптовая цена э/э,Poland,173.55,EUR/МВт·ч,european_wholesale_electricity_price_data_monthly.csv,
2022-12-01,Ember оптовая цена э/э,Portugal,96.35,EUR/МВт·ч,european_wholesale_electricity_price_data_monthly.csv,
2022-12-01,Ember оптовая цена э/э,Romania,247.59,EUR/МВт·ч,european_wholesale_electricity_price_data_monthly.csv,
2022-12-01,Ember оптовая цена э/э,Serbia,241.43,EUR/МВт·ч,european_wholesale_electricity_price_data_monthly.csv,
2022-12-01,Ember оптовая цена э/э,Slovakia,257.7,EUR/МВт·ч,european_wholesale_electricity_price_data_monthly.csv,
2022-12-01,Ember оптовая цена э/э,Slovenia,264.25,EUR/МВт·ч,european_wholesale_electricity_price_data_monthly.csv,
2022-12-01,Ember оптовая цена э/э,Spain,96.75,EUR/МВт·ч,european_wholesale_electricity_price_data_monthly.csv,
2022-12-01,Ember оптовая цена э/э,Sweden,235.2,EUR/МВт·ч,european_wholesale_electricity_price_data_monthly.csv,
2022-12-01,Ember оптовая цена э/э,Switzerland,279.69,EUR/МВт·ч,european_wholesale_electricity_price_data_monthly.csv,
2022-12-01,Ember оптовая цена э/э,United Kingdom,287.79,EUR/МВт·ч,european_wholesale_electricity_price_data_monthly.csv,
2023-01-01,Ember оптовая цена э/э,Austria,143.56,EUR/МВт·ч,european_wholesale_electricity_price_data_monthly.csv,
2023-01-01,Ember оптовая цена э/э,Belgium,130.87,EUR/МВт·ч,european_wholesale_electricity_price_data_monthly.csv,
2023-01-01,Ember оптовая цена э/э,Bulgaria,136.3,EUR/МВт·ч,european_wholesale_electricity_price_data_monthly.csv,
2023-01-01,Ember оптовая цена э/э,Croatia,136.98,EUR/МВт·ч,european_wholesale_electricity_price_data_monthly.csv,
2023-01-01,Ember оптовая цена э/э,Czechia,134.81,EUR/МВт·ч,european_wholesale_electricity_price_data_monthly.csv,
2023-01-01,Ember оптовая цена э/э,Denmark,107.56,EUR/МВт·ч,european_wholesale_electricity_price_data_monthly.csv,
2023-01-01,Ember оптовая цена э/э,Estonia,99.38,EUR/МВт·ч,european_wholesale_electricity_price_data_monthly.csv,
2023-01-01,Ember оптовая цена э/э,Finland,78.87,EUR/МВт·ч,european_wholesale_electricity_price_data_monthly.csv,
2023-01-01,Ember оптовая цена э/э,France,132.33,EUR/МВт·ч,european_wholesale_electricity_price_data_monthly.csv,
2023-01-01,Ember оптовая цена э/э,Germany,117.22,EUR/МВт·ч,european_wholesale_electricity_price_data_monthly.csv,
2023-01-01,Ember оптовая цена э/э,Greece,191.66,EUR/МВт·ч,european_wholesale_electricity_price_data_monthly.csv,
2023-01-01,Ember оптовая цена э/э,Hungary,148.8,EUR/МВт·ч,european_wholesale_electricity_price_data_monthly.csv,
2023-01-01,Ember оптовая цена э/э,Ireland,163.69,EUR/МВт·ч,european_wholesale_electricity_price_data_monthly.csv,
2023-01-01,Ember оптовая цена э/э,Italy,174.44,EUR/МВт·ч,european_wholesale_electricity_price_data_monthly.csv,
2023-01-01,Ember оптовая цена э/э,Latvia,99.85,EUR/МВт·ч,european_wholesale_electricity_price_data_monthly.csv,
2023-01-01,Ember оптовая цена э/э,Lithuania,103.17,EUR/МВт·ч,european_wholesale_electricity_price_data_monthly.csv,
2023-01-01,Ember оптовая цена э/э,Luxembourg,117.22,EUR/МВт·ч,european_wholesale_electricity_price_data_monthly.csv,
2023-01-01,Ember оптовая цена э/э,Netherlands,126.13,EUR/МВт·ч,european_wholesale_electricity_price_data_monthly.csv,
2023-01-01,Ember оптовая цена э/э,Norway,97.32,EUR/МВт·ч,european_wholesale_electricity_price_data_monthly.csv,
2023-01-01,Ember оптовая цена э/э,Poland,132.59,EUR/МВт·ч,european_wholesale_electricity_price_data_monthly.csv,
2023-01-01,Ember оптовая цена э/э,Portugal,69.53,EUR/МВт·ч,european_wholesale_electricity_price_data_monthly.csv,
2023-01-01,Ember оптовая цена э/э,Romania,136.3,EUR/МВт·ч,european_wholesale_electricity_price_data_monthly.csv,
2023-01-01,Ember оптовая цена э/э,Serbia,135.96,EUR/МВт·ч,european_wholesale_electricity_price_data_monthly.csv,
2023-01-01,Ember оптовая цена э/э,Slovakia,146.58,EUR/МВт·ч,european_wholesale_electricity_price_data_monthly.csv,
2023-01-01,Ember оптовая цена э/э,Slovenia,146.65,EUR/МВт·ч,european_wholesale_electricity_price_data_monthly.csv,
2023-01-01,Ember оптовая цена э/э,Spain,69.73,EUR/МВт·ч,european_wholesale_electricity_price_data_monthly.csv,
2023-01-01,Ember оптовая цена э/э,Sweden,80.98,EUR/МВт·ч,european_wholesale_electricity_price_data_monthly.csv,
2023-01-01,Ember оптовая цена э/э,Switzerland,157.46,EUR/МВт·ч,european_wholesale_electricity_price_data_monthly.csv,
2023-01-01,Ember оптовая цена э/э,United Kingdom,149.67,EUR/МВт·ч,european_wholesale_electricity_price_data_monthly.csv,
2023-02-01,Ember оптовая цена э/э,Austria,144.9,EUR/МВт·ч,european_wholesale_electricity_price_data_monthly.csv,
2023-02-01,Ember оптовая цена э/э,Belgium,143.51,EUR/МВт·ч,european_wholesale_electricity_price_data_monthly.csv,
2023-02-01,Ember оптовая цена э/э,Bulgaria,142.37,EUR/МВт·ч,european_wholesale_electricity_price_data_monthly.csv,
2023-02-01,Ember оптовая цена э/э,Croatia,145.24,EUR/МВт·ч,european_wholesale_electricity_price_data_monthly.csv,
2023-02-01,Ember оптовая цена э/э,Czechia,139.25,EUR/МВт·ч,european_wholesale_electricity_price_data_monthly.csv,
2023-02-01,Ember оптовая цена э/э,Denmark,111.37,EUR/МВт·ч,european_wholesale_electricity_price_data_monthly.csv,
2023-02-01,Ember оптовая цена э/э,Estonia,113.09,EUR/МВт·ч,european_wholesale_electricity_price_data_monthly.csv,
2023-02-01,Ember оптовая цена э/э,Finland,80.04,EUR/МВт·ч,european_wholesale_electricity_price_data_monthly.csv,
2023-02-01,Ember оптовая цена э/э,France,148.78,EUR/МВт·ч,european_wholesale_electricity_price_data_monthly.csv,
2023-02-01,Ember оптовая цена э/э,Germany,127.81,EUR/МВт·ч,european_wholesale_electricity_price_data_monthly.csv,
2023-02-01,Ember оптовая цена э/э,Greece,156.25,EUR/МВт·ч,european_wholesale_electricity_price_data_monthly.csv,
2023-02-01,Ember оптовая цена э/э,Hungary,146.27,EUR/МВт·ч,european_wholesale_electricity_price_data_monthly.csv,
2023-02-01,Ember оптовая цена э/э,Ireland,156.59,EUR/МВт·ч,european_wholesale_electricity_price_data_monthly.csv,
2023-02-01,Ember оптовая цена э/э,Italy,161.03,EUR/МВт·ч,european_wholesale_electricity_price_data_monthly.csv,
2023-02-01,Ember оптовая цена э/э,Latvia,113.74,EUR/МВт·ч,european_wholesale_electricity_price_data_monthly.csv,
2023-02-01,Ember оптовая цена э/э,Lithuania,114.66,EUR/МВт·ч,european_wholesale_electricity_price_data_monthly.csv,
2023-02-01,Ember оптовая цена э/э,Luxembourg,127.81,EUR/МВт·ч,european_wholesale_electricity_price_data_monthly.csv,
2023-02-01,Ember оптовая цена э/э,Netherlands,134.91,EUR/МВт·ч,european_wholesale_electricity_price_data_monthly.csv,
2023-02-01,Ember оптовая цена э/э,Norway,80.78,EUR/МВт·ч,european_wholesale_electricity_price_data_monthly.csv,
2023-02-01,Ember оптовая цена э/э,Poland,136.85,EUR/МВт·ч,european_wholesale_electricity_price_data_monthly.csv,
2023-02-01,Ember оптовая цена э/э,Portugal,134.25,EUR/МВт·ч,european_wholesale_electricity_price_data_monthly.csv,
2023-02-01,Ember оптовая цена э/э,Romania,142.56,EUR/МВт·ч,european_wholesale_electricity_price_data_monthly.csv,
2023-02-01,Ember оптовая цена э/э,Serbia,145.42,EUR/МВт·ч,european_wholesale_electricity_price_data_monthly.csv,
2023-02-01,Ember оптовая цена э/э,Slovakia,145.42,EUR/МВт·ч,european_wholesale_electricity_price_data_monthly.csv,
2023-02-01,Ember оптовая цена э/э,Slovenia,145.64,EUR/МВт·ч,european_wholesale_electricity_price_data_monthly.csv,
2023-02-01,Ember оптовая цена э/э,Spain,133.49,EUR/МВт·ч,european_wholesale_electricity_price_data_monthly.csv,
2023-02-01,Ember оптовая цена э/э,Sweden,71.69,EUR/МВт·ч,european_wholesale_electricity_price_data_monthly.csv,
2023-02-01,Ember оптовая цена э/э,Switzerland,153.76,EUR/МВт·ч,european_wholesale_electricity_price_data_monthly.csv,
2023-02-01,Ember оптовая цена э/э,United Kingdom,153.37,EUR/МВт·ч,european_wholesale_electricity_price_data_monthly.csv,
2023-03-01,Ember оптовая цена э/э,Austria,113.23,EUR/МВт·ч,european_wholesale_electricity_price_data_monthly.csv,
2023-03-01,Ember оптовая цена э/э,Belgium,109.48,EUR/МВт·ч,european_wholesale_electricity_price_data_monthly.csv,
2023-03-01,Ember оптовая цена э/э,Bulgaria,108.43,EUR/МВт·ч,european_wholesale_electricity_price_data_monthly.csv,
2023-03-01,Ember оптовая цена э/э,Croatia,111.62,EUR/МВт·ч,european_wholesale_electricity_price_data_monthly.csv,
2023-03-01,Ember оптовая цена э/э,Czechia,110.7,EUR/МВт·ч,european_wholesale_electricity_price_data_monthly.csv,
2023-03-01,Ember оптовая цена э/э,Denmark,95.27,EUR/МВт·ч,european_wholesale_electricity_price_data_monthly.csv,
2023-03-01,Ember оптовая цена э/э,Estonia,87.08,EUR/МВт·ч,european_wholesale_electricity_price_data_monthly.csv,
2023-03-01,Ember оптовая цена э/э,Finland,74.13,EUR/МВт·ч,european_wholesale_electricity_price_data_monthly.csv,
2023-03-01,Ember оптовая цена э/э,France,111.82,EUR/МВт·ч,european_wholesale_electricity_price_data_monthly.csv,
2023-03-01,Ember оптовая цена э/э,Germany,101.23,EUR/МВт·ч,european_wholesale_electricity_price_data_monthly.csv,
2023-03-01,Ember оптовая цена э/э,Greece,122.75,EUR/МВт·ч,european_wholesale_electricity_price_data_monthly.csv,
2023-03-01,Ember оптовая цена э/э,Hungary,113.23,EUR/МВт·ч,european_wholesale_electricity_price_data_monthly.csv,
2023-03-01,Ember оптовая цена э/э,Ireland,147.19,EUR/МВт·ч,european_wholesale_electricity_price_data_monthly.csv,
2023-03-01,Ember оптовая цена э/э,Italy,136.31,EUR/МВт·ч,european_wholesale_electricity_price_data_monthly.csv,
2023-03-01,Ember оптовая цена э/э,Latvia,87.67,EUR/МВт·ч,european_wholesale_electricity_price_data_monthly.csv,
2023-03-01,Ember оптовая цена э/э,Lithuania,88.59,EUR/МВт·ч,european_wholesale_electricity_price_data_monthly.csv,
2023-03-01,Ember оптовая цена э/э,Luxembourg,101.23,EUR/МВт·ч,european_wholesale_electricity_price_data_monthly.csv,
2023-03-01,Ember оптовая цена э/э,Netherlands,104.44,EUR/МВт·ч,european_wholesale_electricity_price_data_monthly.csv,
2023-03-01,Ember оптовая цена э/э,Norway,82.51,EUR/МВт·ч,european_wholesale_electricity_price_data_monthly.csv,
2023-03-01,Ember оптовая цена э/э,Poland,120.43,EUR/МВт·ч,european_wholesale_electricity_price_data_monthly.csv,
2023-03-01,Ember оптовая цена э/э,Portugal,89.93,EUR/МВт·ч,european_wholesale_electricity_price_data_monthly.csv,
2023-03-01,Ember оптовая цена э/э,Romania,108.43,EUR/МВт·ч,european_wholesale_electricity_price_data_monthly.csv,
2023-03-01,Ember оптовая цена э/э,Serbia,105.78,EUR/МВт·ч,european_wholesale_electricity_price_data_monthly.csv,
2023-03-01,Ember оптовая цена э/э,Slovakia,112.79,EUR/МВт·ч,european_wholesale_electricity_price_data_monthly.csv,
2023-03-01,Ember оптовая цена э/э,Slovenia,113.56,EUR/МВт·ч,european_wholesale_electricity_price_data_monthly.csv,
2023-03-01,Ember оптовая цена э/э,Spain,89.58,EUR/МВт·ч,european_wholesale_electricity_price_data_monthly.csv,
2023-03-01,Ember оптовая цена э/э,Sweden,69.32,EUR/МВт·ч,european_wholesale_electricity_price_data_monthly.csv,
2023-03-01,Ember оптовая цена э/э,Switzerland,124.43,EUR/МВт·ч,european_wholesale_electricity_price_data_monthly.csv,
2023-03-01,Ember оптовая цена э/э,United Kingdom,129.99,EUR/МВт·ч,european_wholesale_electricity_price_data_monthly.csv,
2023-04-01,Ember оптовая цена э/э,Austria,105.98,EUR/МВт·ч,european_wholesale_electricity_price_data_monthly.csv,
2023-04-01,Ember оптовая цена э/э,Belgium,105.62,EUR/МВт·ч,european_wholesale_electricity_price_data_monthly.csv,
2023-04-01,Ember оптовая цена э/э,Bulgaria,98.81,EUR/МВт·ч,european_wholesale_electricity_price_data_monthly.csv,
2023-04-01,Ember оптовая цена э/э,Croatia,105.47,EUR/МВт·ч,european_wholesale_electricity_price_data_monthly.csv,
2023-04-01,Ember оптовая цена э/э,Czechia,105.76,EUR/МВт·ч,european_wholesale_electricity_price_data_monthly.csv,
2023-04-01,Ember оптовая цена э/э,Denmark,91.43,EUR/МВт·ч,european_wholesale_electricity_price_data_monthly.csv,
2023-04-01,Ember оптовая цена э/э,Estonia,65.88,EUR/МВт·ч,european_wholesale_electricity_price_data_monthly.csv,
2023-04-01,Ember оптовая цена э/э,Finland,60.54,EUR/МВт·ч,european_wholesale_electricity_price_data_monthly.csv,
2023-04-01,Ember оптовая цена э/э,France,106.47,EUR/МВт·ч,european_wholesale_electricity_price_data_monthly.csv,
2023-04-01,Ember оптовая цена э/э,Germany,102.14,EUR/МВт·ч,european_wholesale_electricity_price_data_monthly.csv,
2023-04-01,Ember оптовая цена э/э,Greece,120.44,EUR/МВт·ч,european_wholesale_electricity_price_data_monthly.csv,
2023-04-01,Ember оптовая цена э/э,Hungary,106.8,EUR/МВт·ч,european_wholesale_electricity_price_data_monthly.csv,
2023-04-01,Ember оптовая цена э/э,Ireland,126.3,EUR/МВт·ч,european_wholesale_electricity_price_data_monthly.csv,
2023-04-01,Ember оптовая цена э/э,Italy,134.9,EUR/МВт·ч,european_wholesale_electricity_price_data_monthly.csv,
2023-04-01,Ember оптовая цена э/э,Latvia,65.88,EUR/МВт·ч,european_wholesale_electricity_price_data_monthly.csv,
2023-04-01,Ember оптовая цена э/э,Lithuania,67.26,EUR/МВт·ч,european_wholesale_electricity_price_data_monthly.csv,
2023-04-01,Ember оптовая цена э/э,Luxembourg,102.14,EUR/МВт·ч,european_wholesale_electricity_price_data_monthly.csv,
2023-04-01,Ember оптовая цена э/э,Montenegro,101.45,EUR/МВт·ч,european_wholesale_electricity_price_data_monthly.csv,
2023-04-01,Ember оптовая цена э/э,Netherlands,98.71,EUR/МВт·ч,european_wholesale_electricity_price_data_monthly.csv,
2023-04-01,Ember оптовая цена э/э,Norway,79.45,EUR/МВт·ч,european_wholesale_electricity_price_data_monthly.csv,
2023-04-01,Ember оптовая цена э/э,Poland,122.03,EUR/МВт·ч,european_wholesale_electricity_price_data_monthly.csv,
2023-04-01,Ember оптовая цена э/э,Portugal,77.05,EUR/МВт·ч,european_wholesale_electricity_price_data_monthly.csv,
2023-04-01,Ember оптовая цена э/э,Romania,97.52,EUR/МВт·ч,european_wholesale_electricity_price_data_monthly.csv,
2023-04-01,Ember оптовая цена э/э,Serbia,106.67,EUR/МВт·ч,european_wholesale_electricity_price_data_monthly.csv,
2023-04-01,Ember оптовая цена э/э,Slovakia,106.29,EUR/МВт·ч,european_wholesale_electricity_price_data_monthly.csv,
2023-04-01,Ember оптовая цена э/э,Slovenia,106.09,EUR/МВт·ч,european_wholesale_electricity_price_data_monthly.csv,
2023-04-01,Ember оптовая цена э/э,Spain,73.82,EUR/МВт·ч,european_wholesale_electricity_price_data_monthly.csv,
2023-04-01,Ember оптовая цена э/э,Sweden,60.96,EUR/МВт·ч,european_wholesale_electricity_price_data_monthly.csv,
2023-04-01,Ember оптовая цена э/э,Switzerland,116.12,EUR/МВт·ч,european_wholesale_electricity_price_data_monthly.csv,
2023-04-01,Ember оптовая цена э/э,United Kingdom,116.08,EUR/МВт·ч,european_wholesale_electricity_price_data_monthly.csv,
2023-05-01,Ember оптовая цена э/э,Austria,81.8,EUR/МВт·ч,european_wholesale_electricity_price_data_monthly.csv,
2023-05-01,Ember оптовая цена э/э,Belgium,80.11,EUR/МВт·ч,european_wholesale_electricity_price_data_monthly.csv,
2023-05-01,Ember оптовая цена э/э,Bulgaria,87.29,EUR/МВт·ч,european_wholesale_electricity_price_data_monthly.csv,
2023-05-01,Ember оптовая цена э/э,Croatia,86.8,EUR/МВт·ч,european_wholesale_electricity_price_data_monthly.csv,
2023-05-01,Ember оптовая цена э/э,Czechia,85.23,EUR/МВт·ч,european_wholesale_electricity_price_data_monthly.csv,
2023-05-01,Ember оптовая цена э/э,Denmark,70.84,EUR/МВт·ч,european_wholesale_electricity_price_data_monthly.csv,
2023-05-01,Ember оптовая цена э/э,Estonia,65.69,EUR/МВт·ч,european_wholesale_electricity_price_data_monthly.csv,
2023-05-01,Ember оптовая цена э/э,Finland,26.52,EUR/МВт·ч,european_wholesale_electricity_price_data_monthly.csv,
2023-05-01,Ember оптовая цена э/э,France,77.48,EUR/МВт·ч,european_wholesale_electricity_price_data_monthly.csv,
2023-05-01,Ember оптовая цена э/э,Germany,82.03,EUR/МВт·ч,european_wholesale_electricity_price_data_monthly.csv,
2023-05-01,Ember оптовая цена э/э,Greece,105.46,EUR/МВт·ч,european_wholesale_electricity_price_data_monthly.csv,
2023-05-01,Ember оптовая цена э/э,Hungary,88.12,EUR/МВт·ч,european_wholesale_electricity_price_data_monthly.csv,
2023-05-01,Ember оптовая цена э/э,Ireland,105.66,EUR/МВт·ч,european_wholesale_electricity_price_data_monthly.csv,
2023-05-01,Ember оптовая цена э/э,Italy,105.65,EUR/МВт·ч,european_wholesale_electricity_price_data_monthly.csv,
2023-05-01,Ember оптовая цена э/э,Latvia,78.14,EUR/МВт·ч,european_wholesale_electricity_price_data_monthly.csv,
2023-05-01,Ember оптовая цена э/э,Lithuania,78.14,EUR/МВт·ч,european_wholesale_electricity_price_data_monthly.csv,
2023-05-01,Ember оптовая цена э/э,Luxembourg,82.03,EUR/МВт·ч,european_wholesale_electricity_price_data_monthly.csv,
2023-05-01,Ember оптовая цена э/э,Montenegro,86.34,EUR/МВт·ч,european_wholesale_electricity_price_data_monthly.csv,
2023-05-01,Ember оптовая цена э/э,Netherlands,77.88,EUR/МВт·ч,european_wholesale_electricity_price_data_monthly.csv,
2023-05-01,Ember оптовая цена э/э,North Macedonia,78.16,EUR/МВт·ч,european_wholesale_electricity_price_data_monthly.csv,
2023-05-01,Ember оптовая цена э/э,Norway,51.42,EUR/МВт·ч,european_wholesale_electricity_price_data_monthly.csv,
2023-05-01,Ember оптовая цена э/э,Poland,105.67,EUR/МВт·ч,european_wholesale_electricity_price_data_monthly.csv,
2023-05-01,Ember оптовая цена э/э,Portugal,76.05,EUR/МВт·ч,european_wholesale_electricity_price_data_monthly.csv,
2023-05-01,Ember оптовая цена э/э,Romania,87.06,EUR/МВт·ч,european_wholesale_electricity_price_data_monthly.csv,
2023-05-01,Ember оптовая цена э/э,Serbia,87.33,EUR/МВт·ч,european_wholesale_electricity_price_data_monthly.csv,
2023-05-01,Ember оптовая цена э/э,Slovakia,87.56,EUR/МВт·ч,european_wholesale_electricity_price_data_monthly.csv,
2023-05-01,Ember оптовая цена э/э,Slovenia,86.09,EUR/МВт·ч,european_wholesale_electricity_price_data_monthly.csv,
2023-05-01,Ember оптовая цена э/э,Spain,74.17,EUR/МВт·ч,european_wholesale_electricity_price_data_monthly.csv,
2023-05-01,Ember оптовая цена э/э,Sweden,37.38,EUR/МВт·ч,european_wholesale_electricity_price_data_monthly.csv,
2023-05-01,Ember оптовая цена э/э,Switzerland,85.8,EUR/МВт·ч,european_wholesale_electricity_price_data_monthly.csv,
2023-05-01,Ember оптовая цена э/э,United Kingdom,92.6,EUR/МВт·ч,european_wholesale_electricity_price_data_monthly.csv,
2023-06-01,Ember оптовая цена э/э,Austria,93.8,EUR/МВт·ч,european_wholesale_electricity_price_data_monthly.csv,
2023-06-01,Ember оптовая цена э/э,Belgium,93.17,EUR/МВт·ч,european_wholesale_electricity_price_data_monthly.csv,
2023-06-01,Ember оптовая цена э/э,Bulgaria,84.97,EUR/МВт·ч,european_wholesale_electricity_price_data_monthly.csv,
2023-06-01,Ember оптовая цена э/э,Croatia,94.34,EUR/МВт·ч,european_wholesale_electricity_price_data_monthly.csv,
2023-06-01,Ember оптовая цена э/э,Czechia,95.73,EUR/МВт·ч,european_wholesale_electricity_price_data_monthly.csv,
2023-06-01,Ember оптовая цена э/э,Denmark,92.22,EUR/МВт·ч,european_wholesale_electricity_price_data_monthly.csv,
2023-06-01,Ember оптовая цена э/э,Estonia,92.23,EUR/МВт·ч,european_wholesale_electricity_price_data_monthly.csv,
2023-06-01,Ember оптовая цена э/э,Finland,43.43,EUR/МВт·ч,european_wholesale_electricity_price_data_monthly.csv,
2023-06-01,Ember оптовая цена э/э,France,91.28,EUR/МВт·ч,european_wholesale_electricity_price_data_monthly.csv,
2023-06-01,Ember оптовая цена э/э,Germany,93.9,EUR/МВт·ч,european_wholesale_electricity_price_data_monthly.csv,
2023-06-01,Ember оптовая цена э/э,Greece,91.6,EUR/МВт·ч,european_wholesale_electricity_price_data_monthly.csv,
2023-06-01,Ember оптовая цена э/э,Hungary,96.74,EUR/МВт·ч,european_wholesale_electricity_price_data_monthly.csv,
2023-06-01,Ember оптовая цена э/э,Ireland,116.9,EUR/МВт·ч,european_wholesale_electricity_price_data_monthly.csv,
2023-06-01,Ember оптовая цена э/э,Italy,105.39,EUR/МВт·ч,european_wholesale_electricity_price_data_monthly.csv,
2023-06-01,Ember оптовая цена э/э,Latvia,98.85,EUR/МВт·ч,european_wholesale_electricity_price_data_monthly.csv,
2023-06-01,Ember оптовая цена э/э,Lithuania,98.85,EUR/МВт·ч,european_wholesale_electricity_price_data_monthly.csv,
2023-06-01,Ember оптовая цена э/э,Luxembourg,93.9,EUR/МВт·ч,european_wholesale_electricity_price_data_monthly.csv,
2023-06-01,Ember оптовая цена э/э,Montenegro,89.27,EUR/МВт·ч,european_wholesale_electricity_price_data_monthly.csv,
2023-06-01,Ember оптовая цена э/э,Netherlands,92.04,EUR/МВт·ч,european_wholesale_electricity_price_data_monthly.csv,
2023-06-01,Ember оптовая цена э/э,North Macedonia,82.79,EUR/МВт·ч,european_wholesale_electricity_price_data_monthly.csv,
2023-06-01,Ember оптовая цена э/э,Norway,52.19,EUR/МВт·ч,european_wholesale_electricity_price_data_monthly.csv,
2023-06-01,Ember оптовая цена э/э,Poland,118.3,EUR/МВт·ч,european_wholesale_electricity_price_data_monthly.csv,
2023-06-01,Ember оптовая цена э/э,Portugal,95.62,EUR/МВт·ч,european_wholesale_electricity_price_data_monthly.csv,
2023-06-01,Ember оптовая цена э/э,Romania,85.24,EUR/МВт·ч,european_wholesale_electricity_price_data_monthly.csv,
2023-06-01,Ember оптовая цена э/э,Serbia,89.17,EUR/МВт·ч,european_wholesale_electricity_price_data_monthly.csv,
2023-06-01,Ember оптовая цена э/э,Slovakia,96.69,EUR/МВт·ч,european_wholesale_electricity_price_data_monthly.csv,
2023-06-01,Ember оптовая цена э/э,Slovenia,95.11,EUR/МВт·ч,european_wholesale_electricity_price_data_monthly.csv,
2023-06-01,Ember оптовая цена э/э,Spain,93.05,EUR/МВт·ч,european_wholesale_electricity_price_data_monthly.csv,
2023-06-01,Ember оптовая цена э/э,Sweden,52.3,EUR/МВт·ч,european_wholesale_electricity_price_data_monthly.csv,
2023-06-01,Ember оптовая цена э/э,Switzerland,92.23,EUR/МВт·ч,european_wholesale_electricity_price_data_monthly.csv,
2023-06-01,Ember оптовая цена э/э,United Kingdom,98.14,EUR/МВт·ч,european_wholesale_electricity_price_data_monthly.csv,
2023-07-01,Ember оптовая цена э/э,Austria,84.29,EUR/МВт·ч,european_wholesale_electricity_price_data_monthly.csv,
2023-07-01,Ember оптовая цена э/э,Belgium,75.29,EUR/МВт·ч,european_wholesale_electricity_price_data_monthly.csv,
2023-07-01,Ember оптовая цена э/э,Bulgaria,96.65,EUR/МВт·ч,european_wholesale_electricity_price_data_monthly.csv,
2023-07-01,Ember оптовая цена э/э,Croatia,92.31,EUR/МВт·ч,european_wholesale_electricity_price_data_monthly.csv,
2023-07-01,Ember оптовая цена э/э,Czechia,86.93,EUR/МВт·ч,european_wholesale_electricity_price_data_monthly.csv,
2023-07-01,Ember оптовая цена э/э,Denmark,64.74,EUR/МВт·ч,european_wholesale_electricity_price_data_monthly.csv,
2023-07-01,Ember оптовая цена э/э,Estonia,79.35,EUR/МВт·ч,european_wholesale_electricity_price_data_monthly.csv,
2023-07-01,Ember оптовая цена э/э,Finland,32.93,EUR/МВт·ч,european_wholesale_electricity_price_data_monthly.csv,
2023-07-01,Ember оптовая цена э/э,France,77.62,EUR/МВт·ч,european_wholesale_electricity_price_data_monthly.csv,
2023-07-01,Ember оптовая цена э/э,Germany,78.12,EUR/МВт·ч,european_wholesale_electricity_price_data_monthly.csv,
2023-07-01,Ember оптовая цена э/э,Greece,112.63,EUR/МВт·ч,european_wholesale_electricity_price_data_monthly.csv,
2023-07-01,Ember оптовая цена э/э,Hungary,94.86,EUR/МВт·ч,european_wholesale_electricity_price_data_monthly.csv,
2023-07-01,Ember оптовая цена э/э,Ireland,141.99,EUR/МВт·ч,european_wholesale_electricity_price_data_monthly.csv,
2023-07-01,Ember оптовая цена э/э,Italy,112.08,EUR/МВт·ч,european_wholesale_electricity_price_data_monthly.csv,
2023-07-01,Ember оптовая цена э/э,Latvia,83.63,EUR/МВт·ч,european_wholesale_electricity_price_data_monthly.csv,
2023-07-01,Ember оптовая цена э/э,Lithuania,83.63,EUR/МВт·ч,european_wholesale_electricity_price_data_monthly.csv,
2023-07-01,Ember оптовая цена э/э,Luxembourg,78.12,EUR/МВт·ч,european_wholesale_electricity_price_data_monthly.csv,
2023-07-01,Ember оптовая цена э/э,Montenegro,102.35,EUR/МВт·ч,european_wholesale_electricity_price_data_monthly.csv,
2023-07-01,Ember оптовая цена э/э,Netherlands,71.69,EUR/МВт·ч,european_wholesale_electricity_price_data_monthly.csv,
2023-07-01,Ember оптовая цена э/э,North Macedonia,100.98,EUR/МВт·ч,european_wholesale_electricity_price_data_monthly.csv,
2023-07-01,Ember оптовая цена э/э,Norway,36.47,EUR/МВт·ч,european_wholesale_electricity_price_data_monthly.csv,
2023-07-01,Ember оптовая цена э/э,Poland,115.73,EUR/МВт·ч,european_wholesale_electricity_price_data_monthly.csv,
2023-07-01,Ember оптовая цена э/э,Portugal,93.79,EUR/МВт·ч,european_wholesale_electricity_price_data_monthly.csv,
2023-07-01,Ember оптовая цена э/э,Romania,96.75,EUR/МВт·ч,european_wholesale_electricity_price_data_monthly.csv,
2023-07-01,Ember оптовая цена э/э,Serbia,95.32,EUR/МВт·ч,european_wholesale_electricity_price_data_monthly.csv,
2023-07-01,Ember оптовая цена э/э,Slovakia,90.96,EUR/МВт·ч,european_wholesale_electricity_price_data_monthly.csv,
2023-07-01,Ember оптовая цена э/э,Slovenia,90.23,EUR/МВт·ч,european_wholesale_electricity_price_data_monthly.csv,
2023-07-01,Ember оптовая цена э/э,Spain,90.46,EUR/МВт·ч,european_wholesale_electricity_price_data_monthly.csv,
2023-07-01,Ember оптовая цена э/э,Sweden,32.72,EUR/МВт·ч,european_wholesale_electricity_price_data_monthly.csv,
2023-07-01,Ember оптовая цена э/э,Switzerland,82.42,EUR/МВт·ч,european_wholesale_electricity_price_data_monthly.csv,
2023-07-01,Ember оптовая цена э/э,United Kingdom,81.69,EUR/МВт·ч,european_wholesale_electricity_price_data_monthly.csv,
2023-08-01,Ember оптовая цена э/э,Austria,92.71,EUR/МВт·ч,european_wholesale_electricity_price_data_monthly.csv,
2023-08-01,Ember оптовая цена э/э,Belgium,92.05,EUR/МВт·ч,european_wholesale_electricity_price_data_monthly.csv,
2023-08-01,Ember оптовая цена э/э,Bulgaria,101.39,EUR/МВт·ч,european_wholesale_electricity_price_data_monthly.csv,
2023-08-01,Ember оптовая цена э/э,Croatia,96.17,EUR/МВт·ч,european_wholesale_electricity_price_data_monthly.csv,
2023-08-01,Ember оптовая цена э/э,Czechia,92.51,EUR/МВт·ч,european_wholesale_electricity_price_data_monthly.csv,
2023-08-01,Ember оптовая цена э/э,Denmark,86.18,EUR/МВт·ч,european_wholesale_electricity_price_data_monthly.csv,
2023-08-01,Ember оптовая цена э/э,Estonia,94.49,EUR/МВт·ч,european_wholesale_electricity_price_data_monthly.csv,
2023-08-01,Ember оптовая цена э/э,Finland,66.42,EUR/МВт·ч,european_wholesale_electricity_price_data_monthly.csv,
2023-08-01,Ember оптовая цена э/э,France,90.96,EUR/МВт·ч,european_wholesale_electricity_price_data_monthly.csv,
2023-08-01,Ember оптовая цена э/э,Germany,94.35,EUR/МВт·ч,european_wholesale_electricity_price_data_monthly.csv,
2023-08-01,Ember оптовая цена э/э,Greece,109.33,EUR/МВт·ч,european_wholesale_electricity_price_data_monthly.csv,
2023-08-01,Ember оптовая цена э/э,Hungary,100.47,EUR/МВт·ч,european_wholesale_electricity_price_data_monthly.csv,
2023-08-01,Ember оптовая цена э/э,Ireland,108.95,EUR/МВт·ч,european_wholesale_electricity_price_data_monthly.csv,
2023-08-01,Ember оптовая цена э/э,Italy,111.93,EUR/МВт·ч,european_wholesale_electricity_price_data_monthly.csv,
2023-08-01,Ember оптовая цена э/э,Latvia,102.6,EUR/МВт·ч,european_wholesale_electricity_price_data_monthly.csv,
2023-08-01,Ember оптовая цена э/э,Lithuania,102.6,EUR/МВт·ч,european_wholesale_electricity_price_data_monthly.csv,
2023-08-01,Ember оптовая цена э/э,Luxembourg,94.35,EUR/МВт·ч,european_wholesale_electricity_price_data_monthly.csv,
2023-08-01,Ember оптовая цена э/э,Montenegro,100.74,EUR/МВт·ч,european_wholesale_electricity_price_data_monthly.csv,
2023-08-01,Ember оптовая цена э/э,Netherlands,91.42,EUR/МВт·ч,european_wholesale_electricity_price_data_monthly.csv,
2023-08-01,Ember оптовая цена э/э,North Macedonia,99.64,EUR/МВт·ч,european_wholesale_electricity_price_data_monthly.csv,
2023-08-01,Ember оптовая цена э/э,Norway,30.16,EUR/МВт·ч,european_wholesale_electricity_price_data_monthly.csv,
2023-08-01,Ember оптовая цена э/э,Poland,107.06,EUR/МВт·ч,european_wholesale_electricity_price_data_monthly.csv,
2023-08-01,Ember оптовая цена э/э,Portugal,97.91,EUR/МВт·ч,european_wholesale_electricity_price_data_monthly.csv,
2023-08-01,Ember оптовая цена э/э,Romania,101.69,EUR/МВт·ч,european_wholesale_electricity_price_data_monthly.csv,
2023-08-01,Ember оптовая цена э/э,Serbia,96.84,EUR/МВт·ч,european_wholesale_electricity_price_data_monthly.csv,
2023-08-01,Ember оптовая цена э/э,Slovakia,94.5,EUR/МВт·ч,european_wholesale_electricity_price_data_monthly.csv,
2023-08-01,Ember оптовая цена э/э,Slovenia,94.76,EUR/МВт·ч,european_wholesale_electricity_price_data_monthly.csv,
2023-08-01,Ember оптовая цена э/э,Spain,96.09,EUR/МВт·ч,european_wholesale_electricity_price_data_monthly.csv,
2023-08-01,Ember оптовая цена э/э,Sweden,30.77,EUR/МВт·ч,european_wholesale_electricity_price_data_monthly.csv,
2023-08-01,Ember оптовая цена э/э,Switzerland,94.53,EUR/МВт·ч,european_wholesale_electricity_price_data_monthly.csv,
2023-08-01,Ember оптовая цена э/э,United Kingdom,95.75,EUR/МВт·ч,european_wholesale_electricity_price_data_monthly.csv,
2023-09-01,Ember оптовая цена э/э,Austria,101.4,EUR/МВт·ч,european_wholesale_electricity_price_data_monthly.csv,
2023-09-01,Ember оптовая цена э/э,Belgium,94.35,EUR/МВт·ч,european_wholesale_electricity_price_data_monthly.csv,
2023-09-01,Ember оптовая цена э/э,Bulgaria,101.66,EUR/МВт·ч,european_wholesale_electricity_price_data_monthly.csv,
2023-09-01,Ember оптовая цена э/э,Croatia,102.69,EUR/МВт·ч,european_wholesale_electricity_price_data_monthly.csv,
2023-09-01,Ember оптовая цена э/э,Czechia,101.85,EUR/МВт·ч,european_wholesale_electricity_price_data_monthly.csv,
2023-09-01,Ember оптовая цена э/э,Denmark,85.03,EUR/МВт·ч,european_wholesale_electricity_price_data_monthly.csv,
2023-09-01,Ember оптовая цена э/э,Estonia,113.19,EUR/МВт·ч,european_wholesale_electricity_price_data_monthly.csv,
2023-09-01,Ember оптовая цена э/э,Finland,32.75,EUR/МВт·ч,european_wholesale_electricity_price_data_monthly.csv,
2023-09-01,Ember оптовая цена э/э,France,88.71,EUR/МВт·ч,european_wholesale_electricity_price_data_monthly.csv,
2023-09-01,Ember оптовая цена э/э,Germany,100.81,EUR/МВт·ч,european_wholesale_electricity_price_data_monthly.csv,
2023-09-01,Ember оптовая цена э/э,Greece,101.93,EUR/МВт·ч,european_wholesale_electricity_price_data_monthly.csv,
2023-09-01,Ember оптовая цена э/э,Hungary,103.82,EUR/МВт·ч,european_wholesale_electricity_price_data_monthly.csv,
2023-09-01,Ember оптовая цена э/э,Ireland,111.9,EUR/МВт·ч,european_wholesale_electricity_price_data_monthly.csv,
2023-09-01,Ember оптовая цена э/э,Italy,115.69,EUR/МВт·ч,european_wholesale_electricity_price_data_monthly.csv,
2023-09-01,Ember оптовая цена э/э,Latvia,116.98,EUR/МВт·ч,european_wholesale_electricity_price_data_monthly.csv,
2023-09-01,Ember оптовая цена э/э,Lithuania,117.01,EUR/МВт·ч,european_wholesale_electricity_price_data_monthly.csv,
2023-09-01,Ember оптовая цена э/э,Luxembourg,100.81,EUR/МВт·ч,european_wholesale_electricity_price_data_monthly.csv,
2023-09-01,Ember оптовая цена э/э,Montenegro,101.78,EUR/МВт·ч,european_wholesale_electricity_price_data_monthly.csv,
2023-09-01,Ember оптовая цена э/э,Netherlands,98.7,EUR/МВт·ч,european_wholesale_electricity_price_data_monthly.csv,
2023-09-01,Ember оптовая цена э/э,North Macedonia,102.94,EUR/МВт·ч,european_wholesale_electricity_price_data_monthly.csv,
2023-09-01,Ember оптовая цена э/э,Norway,17.35,EUR/МВт·ч,european_wholesale_electricity_price_data_monthly.csv,
2023-09-01,Ember оптовая цена э/э,Poland,109.83,EUR/МВт·ч,european_wholesale_electricity_price_data_monthly.csv,
2023-09-01,Ember оптовая цена э/э,Portugal,104.17,EUR/МВт·ч,european_wholesale_electricity_price_data_monthly.csv,
2023-09-01,Ember оптовая цена э/э,Romania,103.19,EUR/МВт·ч,european_wholesale_electricity_price_data_monthly.csv,
2023-09-01,Ember оптовая цена э/э,Serbia,103.06,EUR/МВт·ч,european_wholesale_electricity_price_data_monthly.csv,
2023-09-01,Ember оптовая цена э/э,Slovakia,103.59,EUR/МВт·ч,european_wholesale_electricity_price_data_monthly.csv,
2023-09-01,Ember оптовая цена э/э,Slovenia,102.59,EUR/МВт·ч,european_wholesale_electricity_price_data_monthly.csv,
2023-09-01,Ember оптовая цена э/э,Spain,103.36,EUR/МВт·ч,european_wholesale_electricity_price_data_monthly.csv,
2023-09-01,Ember оптовая цена э/э,Sweden,22.1,EUR/МВт·ч,european_wholesale_electricity_price_data_monthly.csv,
2023-09-01,Ember оптовая цена э/э,Switzerland,97.02,EUR/МВт·ч,european_wholesale_electricity_price_data_monthly.csv,
2023-09-01,Ember оптовая цена э/э,United Kingdom,96.07,EUR/МВт·ч,european_wholesale_electricity_price_data_monthly.csv,
2023-10-01,Ember оптовая цена э/э,Austria,99.35,EUR/МВт·ч,european_wholesale_electricity_price_data_monthly.csv,
2023-10-01,Ember оптовая цена э/э,Belgium,86.34,EUR/МВт·ч,european_wholesale_electricity_price_data_monthly.csv,
2023-10-01,Ember оптовая цена э/э,Bulgaria,106.81,EUR/МВт·ч,european_wholesale_electricity_price_data_monthly.csv,
2023-10-01,Ember оптовая цена э/э,Croatia,104.01,EUR/МВт·ч,european_wholesale_electricity_price_data_monthly.csv,
2023-10-01,Ember оптовая цена э/э,Czechia,94.31,EUR/МВт·ч,european_wholesale_electricity_price_data_monthly.csv,
2023-10-01,Ember оптовая цена э/э,Denmark,58.66,EUR/МВт·ч,european_wholesale_electricity_price_data_monthly.csv,
2023-10-01,Ember оптовая цена э/э,Estonia,87.49,EUR/МВт·ч,european_wholesale_electricity_price_data_monthly.csv,
2023-10-01,Ember оптовая цена э/э,Finland,37.7,EUR/МВт·ч,european_wholesale_electricity_price_data_monthly.csv,
2023-10-01,Ember оптовая цена э/э,France,84.2,EUR/МВт·ч,european_wholesale_electricity_price_data_monthly.csv,
2023-10-01,Ember оптовая цена э/э,Germany,87.1,EUR/МВт·ч,european_wholesale_electricity_price_data_monthly.csv,
2023-10-01,Ember оптовая цена э/э,Greece,111.16,EUR/МВт·ч,european_wholesale_electricity_price_data_monthly.csv,
2023-10-01,Ember оптовая цена э/э,Hungary,104.87,EUR/МВт·ч,european_wholesale_electricity_price_data_monthly.csv,
2023-10-01,Ember оптовая цена э/э,Ireland,125.04,EUR/МВт·ч,european_wholesale_electricity_price_data_monthly.csv,
2023-10-01,Ember оптовая цена э/э,Italy,134.2,EUR/МВт·ч,european_wholesale_electricity_price_data_monthly.csv,
2023-10-01,Ember оптовая цена э/э,Latvia,87.49,EUR/МВт·ч,european_wholesale_electricity_price_data_monthly.csv,
2023-10-01,Ember оптовая цена э/э,Lithuania,87.49,EUR/МВт·ч,european_wholesale_electricity_price_data_monthly.csv,
2023-10-01,Ember оптовая цена э/э,Luxembourg,87.1,EUR/МВт·ч,european_wholesale_electricity_price_data_monthly.csv,
2023-10-01,Ember оптовая цена э/э,Montenegro,110.44,EUR/МВт·ч,european_wholesale_electricity_price_data_monthly.csv,
2023-10-01,Ember оптовая цена э/э,Netherlands,90.19,EUR/МВт·ч,european_wholesale_electricity_price_data_monthly.csv,
2023-10-01,Ember оптовая цена э/э,North Macedonia,106.97,EUR/МВт·ч,european_wholesale_electricity_price_data_monthly.csv,
2023-10-01,Ember оптовая цена э/э,Norway,30.12,EUR/МВт·ч,european_wholesale_electricity_price_data_monthly.csv,
2023-10-01,Ember оптовая цена э/э,Poland,95.38,EUR/МВт·ч,european_wholesale_electricity_price_data_monthly.csv,
2023-10-01,Ember оптовая цена э/э,Portugal,89.55,EUR/МВт·ч,european_wholesale_electricity_price_data_monthly.csv,
2023-10-01,Ember оптовая цена э/э,Romania,105.98,EUR/МВт·ч,european_wholesale_electricity_price_data_monthly.csv,
2023-10-01,Ember оптовая цена э/э,Serbia,106.17,EUR/МВт·ч,european_wholesale_electricity_price_data_monthly.csv,
2023-10-01,Ember оптовая цена э/э,Slovakia,102.66,EUR/МВт·ч,european_wholesale_electricity_price_data_monthly.csv,
2023-10-01,Ember оптовая цена э/э,Slovenia,103.59,EUR/МВт·ч,european_wholesale_electricity_price_data_monthly.csv,
2023-10-01,Ember оптовая цена э/э,Spain,89.84,EUR/МВт·ч,european_wholesale_electricity_price_data_monthly.csv,
2023-10-01,Ember оптовая цена э/э,Sweden,26.11,EUR/МВт·ч,european_wholesale_electricity_price_data_monthly.csv,
2023-10-01,Ember оптовая цена э/э,Switzerland,105.45,EUR/МВт·ч,european_wholesale_electricity_price_data_monthly.csv,
2023-10-01,Ember оптовая цена э/э,United Kingdom,94.51,EUR/МВт·ч,european_wholesale_electricity_price_data_monthly.csv,
2023-11-01,Ember оптовая цена э/э,Austria,93.49,EUR/МВт·ч,european_wholesale_electricity_price_data_monthly.csv,
2023-11-01,Ember оптовая цена э/э,Belgium,91.53,EUR/МВт·ч,european_wholesale_electricity_price_data_monthly.csv,
2023-11-01,Ember оптовая цена э/э,Bulgaria,102.89,EUR/МВт·ч,european_wholesale_electricity_price_data_monthly.csv,
2023-11-01,Ember оптовая цена э/э,Croatia,96.65,EUR/МВт·ч,european_wholesale_electricity_price_data_monthly.csv,
2023-11-01,Ember оптовая цена э/э,Czechia,92.85,EUR/МВт·ч,european_wholesale_electricity_price_data_monthly.csv,
2023-11-01,Ember оптовая цена э/э,Denmark,85.63,EUR/МВт·ч,european_wholesale_electricity_price_data_monthly.csv,
2023-11-01,Ember оптовая цена э/э,Estonia,105.34,EUR/МВт·ч,european_wholesale_electricity_price_data_monthly.csv,
2023-11-01,Ember оптовая цена э/э,Finland,69.77,EUR/МВт·ч,european_wholesale_electricity_price_data_monthly.csv,
2023-11-01,Ember оптовая цена э/э,France,89.02,EUR/МВт·ч,european_wholesale_electricity_price_data_monthly.csv,
2023-11-01,Ember оптовая цена э/э,Germany,90.9,EUR/МВт·ч,european_wholesale_electricity_price_data_monthly.csv,
2023-11-01,Ember оптовая цена э/э,Greece,105.46,EUR/МВт·ч,european_wholesale_electricity_price_data_monthly.csv,
2023-11-01,Ember оптовая цена э/э,Hungary,99.43,EUR/МВт·ч,european_wholesale_electricity_price_data_monthly.csv,
2023-11-01,Ember оптовая цена э/э,Ireland,122.74,EUR/МВт·ч,european_wholesale_electricity_price_data_monthly.csv,
2023-11-01,Ember оптовая цена э/э,Italy,121.74,EUR/МВт·ч,european_wholesale_electricity_price_data_monthly.csv,
2023-11-01,Ember оптовая цена э/э,Latvia,105.34,EUR/МВт·ч,european_wholesale_electricity_price_data_monthly.csv,
2023-11-01,Ember оптовая цена э/э,Lithuania,105.34,EUR/МВт·ч,european_wholesale_electricity_price_data_monthly.csv,
2023-11-01,Ember оптовая цена э/э,Luxembourg,90.9,EUR/МВт·ч,european_wholesale_electricity_price_data_monthly.csv,
2023-11-01,Ember оптовая цена э/э,Montenegro,95.88,EUR/МВт·ч,european_wholesale_electricity_price_data_monthly.csv,
2023-11-01,Ember оптовая цена э/э,Netherlands,94.46,EUR/МВт·ч,european_wholesale_electricity_price_data_monthly.csv,
2023-11-01,Ember оптовая цена э/э,North Macedonia,103.39,EUR/МВт·ч,european_wholesale_electricity_price_data_monthly.csv,
2023-11-01,Ember оптовая цена э/э,Norway,76.64,EUR/МВт·ч,european_wholesale_electricity_price_data_monthly.csv,
2023-11-01,Ember оптовая цена э/э,Poland,98.43,EUR/МВт·ч,european_wholesale_electricity_price_data_monthly.csv,
2023-11-01,Ember оптовая цена э/э,Portugal,63.38,EUR/МВт·ч,european_wholesale_electricity_price_data_monthly.csv,
2023-11-01,Ember оптовая цена э/э,Romania,102.21,EUR/МВт·ч,european_wholesale_electricity_price_data_monthly.csv,
2023-11-01,Ember оптовая цена э/э,Serbia,96.12,EUR/МВт·ч,european_wholesale_electricity_price_data_monthly.csv,
2023-11-01,Ember оптовая цена э/э,Slovakia,96.02,EUR/МВт·ч,european_wholesale_electricity_price_data_monthly.csv,
2023-11-01,Ember оптовая цена э/э,Slovenia,95.79,EUR/МВт·ч,european_wholesale_electricity_price_data_monthly.csv,
2023-11-01,Ember оптовая цена э/э,Spain,63.57,EUR/МВт·ч,european_wholesale_electricity_price_data_monthly.csv,
2023-11-01,Ember оптовая цена э/э,Sweden,68.36,EUR/МВт·ч,european_wholesale_electricity_price_data_monthly.csv,
2023-11-01,Ember оптовая цена э/э,Switzerland,103.24,EUR/МВт·ч,european_wholesale_electricity_price_data_monthly.csv,
2023-11-01,Ember оптовая цена э/э,United Kingdom,108.76,EUR/МВт·ч,european_wholesale_electricity_price_data_monthly.csv,
2023-12-01,Ember оптовая цена э/э,Austria,74.16,EUR/МВт·ч,european_wholesale_electricity_price_data_monthly.csv,
2023-12-01,Ember оптовая цена э/э,Belgium,69.26,EUR/МВт·ч,european_wholesale_electricity_price_data_monthly.csv,
2023-12-01,Ember оптовая цена э/э,Bulgaria,81.41,EUR/МВт·ч,european_wholesale_electricity_price_data_monthly.csv,
2023-12-01,Ember оптовая цена э/э,Croatia,75.89,EUR/МВт·ч,european_wholesale_electricity_price_data_monthly.csv,
2023-12-01,Ember оптовая цена э/э,Czechia,73.04,EUR/МВт·ч,european_wholesale_electricity_price_data_monthly.csv,
2023-12-01,Ember оптовая цена э/э,Denmark,69.95,EUR/МВт·ч,european_wholesale_electricity_price_data_monthly.csv,
2023-12-01,Ember оптовая цена э/э,Estonia,88.91,EUR/МВт·ч,european_wholesale_electricity_price_data_monthly.csv,
2023-12-01,Ember оптовая цена э/э,Finland,76.19,EUR/МВт·ч,european_wholesale_electricity_price_data_monthly.csv,
2023-12-01,Ember оптовая цена э/э,France,68.33,EUR/МВт·ч,european_wholesale_electricity_price_data_monthly.csv,
2023-12-01,Ember оптовая цена э/э,Germany,69.08,EUR/МВт·ч,european_wholesale_electricity_price_data_monthly.csv,
2023-12-01,Ember оптовая цена э/э,Greece,102.2,EUR/МВт·ч,european_wholesale_electricity_price_data_monthly.csv,
2023-12-01,Ember оптовая цена э/э,Hungary,81.57,EUR/МВт·ч,european_wholesale_electricity_price_data_monthly.csv,
2023-12-01,Ember оптовая цена э/э,Ireland,91.22,EUR/МВт·ч,european_wholesale_electricity_price_data_monthly.csv,
2023-12-01,Ember оптовая цена э/э,Italy,115.45,EUR/МВт·ч,european_wholesale_electricity_price_data_monthly.csv,
2023-12-01,Ember оптовая цена э/э,Latvia,88.91,EUR/МВт·ч,european_wholesale_electricity_price_data_monthly.csv,
2023-12-01,Ember оптовая цена э/э,Lithuania,88.91,EUR/МВт·ч,european_wholesale_electricity_price_data_monthly.csv,
2023-12-01,Ember оптовая цена э/э,Luxembourg,69.08,EUR/МВт·ч,european_wholesale_electricity_price_data_monthly.csv,
2023-12-01,Ember оптовая цена э/э,Montenegro,94.16,EUR/МВт·ч,european_wholesale_electricity_price_data_monthly.csv,
2023-12-01,Ember оптовая цена э/э,Netherlands,73.04,EUR/МВт·ч,european_wholesale_electricity_price_data_monthly.csv,
2023-12-01,Ember оптовая цена э/э,North Macedonia,103.77,EUR/МВт·ч,european_wholesale_electricity_price_data_monthly.csv,
2023-12-01,Ember оптовая цена э/э,Norway,74.71,EUR/МВт·ч,european_wholesale_electricity_price_data_monthly.csv,
2023-12-01,Ember оптовая цена э/э,Poland,80.08,EUR/МВт·ч,european_wholesale_electricity_price_data_monthly.csv,
2023-12-01,Ember оптовая цена э/э,Portugal,72.15,EUR/МВт·ч,european_wholesale_electricity_price_data_monthly.csv,
2023-12-01,Ember оптовая цена э/э,Romania,80.81,EUR/МВт·ч,european_wholesale_electricity_price_data_monthly.csv,
2023-12-01,Ember оптовая цена э/э,Serbia,77.3,EUR/МВт·ч,european_wholesale_electricity_price_data_monthly.csv,
2023-12-01,Ember оптовая цена э/э,Slovakia,76.98,EUR/МВт·ч,european_wholesale_electricity_price_data_monthly.csv,
2023-12-01,Ember оптовая цена э/э,Slovenia,75.48,EUR/МВт·ч,european_wholesale_electricity_price_data_monthly.csv,
2023-12-01,Ember оптовая цена э/э,Spain,72.12,EUR/МВт·ч,european_wholesale_electricity_price_data_monthly.csv,
2023-12-01,Ember оптовая цена э/э,Sweden,69.32,EUR/МВт·ч,european_wholesale_electricity_price_data_monthly.csv,
2023-12-01,Ember оптовая цена э/э,Switzerland,80.97,EUR/МВт·ч,european_wholesale_electricity_price_data_monthly.csv,
2023-12-01,Ember оптовая цена э/э,United Kingdom,80.51,EUR/МВт·ч,european_wholesale_electricity_price_data_monthly.csv,
2024-01-01,Ember оптовая цена э/э,Austria,80.6,EUR/МВт·ч,european_wholesale_electricity_price_data_monthly.csv,
2024-01-01,Ember оптовая цена э/э,Belgium,78.63,EUR/МВт·ч,european_wholesale_electricity_price_data_monthly.csv,
2024-01-01,Ember оптовая цена э/э,Bulgaria,89.72,EUR/МВт·ч,european_wholesale_electricity_price_data_monthly.csv,
2024-01-01,Ember оптовая цена э/э,Croatia,84.09,EUR/МВт·ч,european_wholesale_electricity_price_data_monthly.csv,
2024-01-01,Ember оптовая цена э/э,Czechia,83.0,EUR/МВт·ч,european_wholesale_electricity_price_data_monthly.csv,
2024-01-01,Ember оптовая цена э/э,Denmark,76.16,EUR/МВт·ч,european_wholesale_electricity_price_data_monthly.csv,
2024-01-01,Ember оптовая цена э/э,Estonia,126.47,EUR/МВт·ч,european_wholesale_electricity_price_data_monthly.csv,
2024-01-01,Ember оптовая цена э/э,Finland,106.16,EUR/МВт·ч,european_wholesale_electricity_price_data_monthly.csv,
2024-01-01,Ember оптовая цена э/э,France,76.66,EUR/МВт·ч,european_wholesale_electricity_price_data_monthly.csv,
2024-01-01,Ember оптовая цена э/э,Germany,76.23,EUR/МВт·ч,european_wholesale_electricity_price_data_monthly.csv,
2024-01-01,Ember оптовая цена э/э,Greece,92.99,EUR/МВт·ч,european_wholesale_electricity_price_data_monthly.csv,
2024-01-01,Ember оптовая цена э/э,Hungary,85.85,EUR/МВт·ч,european_wholesale_electricity_price_data_monthly.csv,
2024-01-01,Ember оптовая цена э/э,Ireland,99.68,EUR/МВт·ч,european_wholesale_electricity_price_data_monthly.csv,
2024-01-01,Ember оптовая цена э/э,Italy,99.14,EUR/МВт·ч,european_wholesale_electricity_price_data_monthly.csv,
2024-01-01,Ember оптовая цена э/э,Latvia,117.15,EUR/МВт·ч,european_wholesale_electricity_price_data_monthly.csv,
2024-01-01,Ember оптовая цена э/э,Lithuania,117.39,EUR/МВт·ч,european_wholesale_electricity_price_data_monthly.csv,
2024-01-01,Ember оптовая цена э/э,Luxembourg,76.23,EUR/МВт·ч,european_wholesale_electricity_price_data_monthly.csv,
2024-01-01,Ember оптовая цена э/э,Montenegro,89.05,EUR/МВт·ч,european_wholesale_electricity_price_data_monthly.csv,
2024-01-01,Ember оптовая цена э/э,Netherlands,78.43,EUR/МВт·ч,european_wholesale_electricity_price_data_monthly.csv,
2024-01-01,Ember оптовая цена э/э,North Macedonia,90.2,EUR/МВт·ч,european_wholesale_electricity_price_data_monthly.csv,
2024-01-01,Ember оптовая цена э/э,Norway,69.57,EUR/МВт·ч,european_wholesale_electricity_price_data_monthly.csv,
2024-01-01,Ember оптовая цена э/э,Poland,93.48,EUR/МВт·ч,european_wholesale_electricity_price_data_monthly.csv,
2024-01-01,Ember оптовая цена э/э,Portugal,74.09,EUR/МВт·ч,european_wholesale_electricity_price_data_monthly.csv,
2024-01-01,Ember оптовая цена э/э,Romania,87.79,EUR/МВт·ч,european_wholesale_electricity_price_data_monthly.csv,
2024-01-01,Ember оптовая цена э/э,Serbia,86.13,EUR/МВт·ч,european_wholesale_electricity_price_data_monthly.csv,
2024-01-01,Ember оптовая цена э/э,Slovakia,84.57,EUR/МВт·ч,european_wholesale_electricity_price_data_monthly.csv,
2024-01-01,Ember оптовая цена э/э,Slovenia,83.14,EUR/МВт·ч,european_wholesale_electricity_price_data_monthly.csv,
2024-01-01,Ember оптовая цена э/э,Spain,74.11,EUR/МВт·ч,european_wholesale_electricity_price_data_monthly.csv,
2024-01-01,Ember оптовая цена э/э,Sweden,68.66,EUR/МВт·ч,european_wholesale_electricity_price_data_monthly.csv,
2024-01-01,Ember оптовая цена э/э,Switzerland,84.01,EUR/МВт·ч,european_wholesale_electricity_price_data_monthly.csv,
2024-01-01,Ember оптовая цена э/э,United Kingdom,83.96,EUR/МВт·ч,european_wholesale_electricity_price_data_monthly.csv,
2024-02-01,Ember оптовая цена э/э,Austria,65.41,EUR/МВт·ч,european_wholesale_electricity_price_data_monthly.csv,
2024-02-01,Ember оптовая цена э/э,Belgium,61.53,EUR/МВт·ч,european_wholesale_electricity_price_data_monthly.csv,
2024-02-01,Ember оптовая цена э/э,Bulgaria,69.96,EUR/МВт·ч,european_wholesale_electricity_price_data_monthly.csv,
2024-02-01,Ember оптовая цена э/э,Croatia,67.78,EUR/МВт·ч,european_wholesale_electricity_price_data_monthly.csv,
2024-02-01,Ember оптовая цена э/э,Czechia,69.1,EUR/МВт·ч,european_wholesale_electricity_price_data_monthly.csv,
2024-02-01,Ember оптовая цена э/э,Denmark,57.05,EUR/МВт·ч,european_wholesale_electricity_price_data_monthly.csv,
2024-02-01,Ember оптовая цена э/э,Estonia,75.58,EUR/МВт·ч,european_wholesale_electricity_price_data_monthly.csv,
2024-02-01,Ember оптовая цена э/э,Finland,51.59,EUR/МВт·ч,european_wholesale_electricity_price_data_monthly.csv,
2024-02-01,Ember оптовая цена э/э,France,58.39,EUR/МВт·ч,european_wholesale_electricity_price_data_monthly.csv,
2024-02-01,Ember оптовая цена э/э,Germany,61.23,EUR/МВт·ч,european_wholesale_electricity_price_data_monthly.csv,
2024-02-01,Ember оптовая цена э/э,Greece,73.57,EUR/МВт·ч,european_wholesale_electricity_price_data_monthly.csv,
2024-02-01,Ember оптовая цена э/э,Hungary,69.31,EUR/МВт·ч,european_wholesale_electricity_price_data_monthly.csv,
2024-02-01,Ember оптовая цена э/э,Ireland,84.84,EUR/МВт·ч,european_wholesale_electricity_price_data_monthly.csv,
2024-02-01,Ember оптовая цена э/э,Italy,87.6,EUR/МВт·ч,european_wholesale_electricity_price_data_monthly.csv,
2024-02-01,Ember оптовая цена э/э,Latvia,74.83,EUR/МВт·ч,european_wholesale_electricity_price_data_monthly.csv,
2024-02-01,Ember оптовая цена э/э,Lithuania,74.83,EUR/МВт·ч,european_wholesale_electricity_price_data_monthly.csv,
2024-02-01,Ember оптовая цена э/э,Luxembourg,61.23,EUR/МВт·ч,european_wholesale_electricity_price_data_monthly.csv,
2024-02-01,Ember оптовая цена э/э,Montenegro,70.09,EUR/МВт·ч,european_wholesale_electricity_price_data_monthly.csv,
2024-02-01,Ember оптовая цена э/э,Netherlands,63.91,EUR/МВт·ч,european_wholesale_electricity_price_data_monthly.csv,
2024-02-01,Ember оптовая цена э/э,North Macedonia,70.37,EUR/МВт·ч,european_wholesale_electricity_price_data_monthly.csv,
2024-02-01,Ember оптовая цена э/э,Norway,52.68,EUR/МВт·ч,european_wholesale_electricity_price_data_monthly.csv,
2024-02-01,Ember оптовая цена э/э,Poland,75.97,EUR/МВт·ч,european_wholesale_electricity_price_data_monthly.csv,
2024-02-01,Ember оптовая цена э/э,Portugal,39.76,EUR/МВт·ч,european_wholesale_electricity_price_data_monthly.csv,
2024-02-01,Ember оптовая цена э/э,Romania,69.72,EUR/МВт·ч,european_wholesale_electricity_price_data_monthly.csv,
2024-02-01,Ember оптовая цена э/э,Serbia,67.84,EUR/МВт·ч,european_wholesale_electricity_price_data_monthly.csv,
2024-02-01,Ember оптовая цена э/э,Slovakia,68.71,EUR/МВт·ч,european_wholesale_electricity_price_data_monthly.csv,
2024-02-01,Ember оптовая цена э/э,Slovenia,67.17,EUR/МВт·ч,european_wholesale_electricity_price_data_monthly.csv,
2024-02-01,Ember оптовая цена э/э,Spain,39.9,EUR/МВт·ч,european_wholesale_electricity_price_data_monthly.csv,
2024-02-01,Ember оптовая цена э/э,Sweden,44.54,EUR/МВт·ч,european_wholesale_electricity_price_data_monthly.csv,
2024-02-01,Ember оптовая цена э/э,Switzerland,69.91,EUR/МВт·ч,european_wholesale_electricity_price_data_monthly.csv,
2024-02-01,Ember оптовая цена э/э,United Kingdom,69.52,EUR/МВт·ч,european_wholesale_electricity_price_data_monthly.csv,
2024-03-01,Ember оптовая цена э/э,Austria,62.86,EUR/МВт·ч,european_wholesale_electricity_price_data_monthly.csv,
2024-03-01,Ember оптовая цена э/э,Belgium,61.13,EUR/МВт·ч,european_wholesale_electricity_price_data_monthly.csv,
2024-03-01,Ember оптовая цена э/э,Bulgaria,63.31,EUR/МВт·ч,european_wholesale_electricity_price_data_monthly.csv,
2024-03-01,Ember оптовая цена э/э,Croatia,64.31,EUR/МВт·ч,european_wholesale_electricity_price_data_monthly.csv,
2024-03-01,Ember оптовая цена э/э,Czechia,65.21,EUR/МВт·ч,european_wholesale_electricity_price_data_monthly.csv,
2024-03-01,Ember оптовая цена э/э,Denmark,61.15,EUR/МВт·ч,european_wholesale_electricity_price_data_monthly.csv,
2024-03-01,Ember оптовая цена э/э,Estonia,68.19,EUR/МВт·ч,european_wholesale_electricity_price_data_monthly.csv,
2024-03-01,Ember оптовая цена э/э,Finland,59.41,EUR/МВт·ч,european_wholesale_electricity_price_data_monthly.csv,
2024-03-01,Ember оптовая цена э/э,France,53.54,EUR/МВт·ч,european_wholesale_electricity_price_data_monthly.csv,
2024-03-01,Ember оптовая цена э/э,Germany,63.18,EUR/МВт·ч,european_wholesale_electricity_price_data_monthly.csv,
2024-03-01,Ember оптовая цена э/э,Greece,67.42,EUR/МВт·ч,european_wholesale_electricity_price_data_monthly.csv,
2024-03-01,Ember оптовая цена э/э,Hungary,65.06,EUR/МВт·ч,european_wholesale_electricity_price_data_monthly.csv,
2024-03-01,Ember оптовая цена э/э,Ireland,86.38,EUR/МВт·ч,european_wholesale_electricity_price_data_monthly.csv,
2024-03-01,Ember оптовая цена э/э,Italy,88.85,EUR/МВт·ч,european_wholesale_electricity_price_data_monthly.csv,
2024-03-01,Ember оптовая цена э/э,Latvia,68.14,EUR/МВт·ч,european_wholesale_electricity_price_data_monthly.csv,
2024-03-01,Ember оптовая цена э/э,Lithuania,68.14,EUR/МВт·ч,european_wholesale_electricity_price_data_monthly.csv,
2024-03-01,Ember оптовая цена э/э,Luxembourg,63.18,EUR/МВт·ч,european_wholesale_electricity_price_data_monthly.csv,
2024-03-01,Ember оптовая цена э/э,Montenegro,64.12,EUR/МВт·ч,european_wholesale_electricity_price_data_monthly.csv,
2024-03-01,Ember оптовая цена э/э,Netherlands,63.38,EUR/МВт·ч,european_wholesale_electricity_price_data_monthly.csv,
2024-03-01,Ember оптовая цена э/э,North Macedonia,65.72,EUR/МВт·ч,european_wholesale_electricity_price_data_monthly.csv,
2024-03-01,Ember оптовая цена э/э,Norway,56.17,EUR/МВт·ч,european_wholesale_electricity_price_data_monthly.csv,
2024-03-01,Ember оптовая цена э/э,Poland,75.36,EUR/МВт·ч,european_wholesale_electricity_price_data_monthly.csv,
2024-03-01,Ember оптовая цена э/э,Portugal,19.26,EUR/МВт·ч,european_wholesale_electricity_price_data_monthly.csv,
2024-03-01,Ember оптовая цена э/э,Romania,63.41,EUR/МВт·ч,european_wholesale_electricity_price_data_monthly.csv,
2024-03-01,Ember оптовая цена э/э,Serbia,64.36,EUR/МВт·ч,european_wholesale_electricity_price_data_monthly.csv,
2024-03-01,Ember оптовая цена э/э,Slovakia,65.42,EUR/МВт·ч,european_wholesale_electricity_price_data_monthly.csv,
2024-03-01,Ember оптовая цена э/э,Slovenia,64.08,EUR/МВт·ч,european_wholesale_electricity_price_data_monthly.csv,
2024-03-01,Ember оптовая цена э/э,Spain,20.28,EUR/МВт·ч,european_wholesale_electricity_price_data_monthly.csv,
2024-03-01,Ember оптовая цена э/э,Sweden,52.75,EUR/МВт·ч,european_wholesale_electricity_price_data_monthly.csv,
2024-03-01,Ember оптовая цена э/э,Switzerland,72.49,EUR/МВт·ч,european_wholesale_electricity_price_data_monthly.csv,
2024-03-01,Ember оптовая цена э/э,United Kingdom,72.07,EUR/МВт·ч,european_wholesale_electricity_price_data_monthly.csv,
2024-04-01,Ember оптовая цена э/э,Austria,58.87,EUR/МВт·ч,european_wholesale_electricity_price_data_monthly.csv,
2024-04-01,Ember оптовая цена э/э,Belgium,48.04,EUR/МВт·ч,european_wholesale_electricity_price_data_monthly.csv,
2024-04-01,Ember оптовая цена э/э,Bulgaria,58.29,EUR/МВт·ч,european_wholesale_electricity_price_data_monthly.csv,
2024-04-01,Ember оптовая цена э/э,Croatia,60.24,EUR/МВт·ч,european_wholesale_electricity_price_data_monthly.csv,
2024-04-01,Ember оптовая цена э/э,Czechia,63.17,EUR/МВт·ч,european_wholesale_electricity_price_data_monthly.csv,
2024-04-01,Ember оптовая цена э/э,Denmark,59.63,EUR/МВт·ч,european_wholesale_electricity_price_data_monthly.csv,
2024-04-01,Ember оптовая цена э/э,Estonia,60.44,EUR/МВт·ч,european_wholesale_electricity_price_data_monthly.csv,
2024-04-01,Ember оптовая цена э/э,Finland,48.91,EUR/МВт·ч,european_wholesale_electricity_price_data_monthly.csv,
2024-04-01,Ember оптовая цена э/э,France,28.23,EUR/МВт·ч,european_wholesale_electricity_price_data_monthly.csv,
2024-04-01,Ember оптовая цена э/э,Germany,61.96,EUR/МВт·ч,european_wholesale_electricity_price_data_monthly.csv,
2024-04-01,Ember оптовая цена э/э,Greece,60.1,EUR/МВт·ч,european_wholesale_electricity_price_data_monthly.csv,
2024-04-01,Ember оптовая цена э/э,Hungary,62.02,EUR/МВт·ч,european_wholesale_electricity_price_data_monthly.csv,
2024-04-01,Ember оптовая цена э/э,Ireland,87.99,EUR/МВт·ч,european_wholesale_electricity_price_data_monthly.csv,
2024-04-01,Ember оптовая цена э/э,Italy,86.76,EUR/МВт·ч,european_wholesale_electricity_price_data_monthly.csv,
2024-04-01,Ember оптовая цена э/э,Latvia,60.24,EUR/МВт·ч,european_wholesale_electricity_price_data_monthly.csv,
2024-04-01,Ember оптовая цена э/э,Lithuania,60.24,EUR/МВт·ч,european_wholesale_electricity_price_data_monthly.csv,
2024-04-01,Ember оптовая цена э/э,Luxembourg,61.96,EUR/МВт·ч,european_wholesale_electricity_price_data_monthly.csv,
2024-04-01,Ember оптовая цена э/э,Montenegro,63.67,EUR/МВт·ч,european_wholesale_electricity_price_data_monthly.csv,
2024-04-01,Ember оптовая цена э/э,Netherlands,58.42,EUR/МВт·ч,european_wholesale_electricity_price_data_monthly.csv,
2024-04-01,Ember оптовая цена э/э,North Macedonia,60.47,EUR/МВт·ч,european_wholesale_electricity_price_data_monthly.csv,
2024-04-01,Ember оптовая цена э/э,Norway,49.96,EUR/МВт·ч,european_wholesale_electricity_price_data_monthly.csv,
2024-04-01,Ember оптовая цена э/э,Poland,80.88,EUR/МВт·ч,european_wholesale_electricity_price_data_monthly.csv,
2024-04-01,Ember оптовая цена э/э,Portugal,13.32,EUR/МВт·ч,european_wholesale_electricity_price_data_monthly.csv,
2024-04-01,Ember оптовая цена э/э,Romania,60.05,EUR/МВт·ч,european_wholesale_electricity_price_data_monthly.csv,
2024-04-01,Ember оптовая цена э/э,Serbia,64.65,EUR/МВт·ч,european_wholesale_electricity_price_data_monthly.csv,
2024-04-01,Ember оптовая цена э/э,Slovakia,62.73,EUR/МВт·ч,european_wholesale_electricity_price_data_monthly.csv,
2024-04-01,Ember оптовая цена э/э,Slovenia,60.25,EUR/МВт·ч,european_wholesale_electricity_price_data_monthly.csv,
2024-04-01,Ember оптовая цена э/э,Spain,13.77,EUR/МВт·ч,european_wholesale_electricity_price_data_monthly.csv,
2024-04-01,Ember оптовая цена э/э,Sweden,48.47,EUR/МВт·ч,european_wholesale_electricity_price_data_monthly.csv,
2024-04-01,Ember оптовая цена э/э,Switzerland,62.23,EUR/МВт·ч,european_wholesale_electricity_price_data_monthly.csv,
2024-04-01,Ember оптовая цена э/э,United Kingdom,62.45,EUR/МВт·ч,european_wholesale_electricity_price_data_monthly.csv,
2024-05-01,Ember оптовая цена э/э,Austria,64.17,EUR/МВт·ч,european_wholesale_electricity_price_data_monthly.csv,
2024-05-01,Ember оптовая цена э/э,Belgium,54.45,EUR/МВт·ч,european_wholesale_electricity_price_data_monthly.csv,
2024-05-01,Ember оптовая цена э/э,Bulgaria,82.29,EUR/МВт·ч,european_wholesale_electricity_price_data_monthly.csv,
2024-05-01,Ember оптовая цена э/э,Croatia,74.6,EUR/МВт·ч,european_wholesale_electricity_price_data_monthly.csv,
2024-05-01,Ember оптовая цена э/э,Czechia,69.03,EUR/МВт·ч,european_wholesale_electricity_price_data_monthly.csv,
2024-05-01,Ember оптовая цена э/э,Denmark,58.51,EUR/МВт·ч,european_wholesale_electricity_price_data_monthly.csv,
2024-05-01,Ember оптовая цена э/э,Estonia,76.0,EUR/МВт·ч,european_wholesale_electricity_price_data_monthly.csv,
2024-05-01,Ember оптовая цена э/э,Finland,35.07,EUR/МВт·ч,european_wholesale_electricity_price_data_monthly.csv,
2024-05-01,Ember оптовая цена э/э,France,27.06,EUR/МВт·ч,european_wholesale_electricity_price_data_monthly.csv,
2024-05-01,Ember оптовая цена э/э,Germany,67.53,EUR/МВт·ч,european_wholesale_electricity_price_data_monthly.csv,
2024-05-01,Ember оптовая цена э/э,Greece,81.21,EUR/МВт·ч,european_wholesale_electricity_price_data_monthly.csv,
2024-05-01,Ember оптовая цена э/э,Hungary,72.28,EUR/МВт·ч,european_wholesale_electricity_price_data_monthly.csv,
2024-05-01,Ember оптовая цена э/э,Ireland,107.58,EUR/МВт·ч,european_wholesale_electricity_price_data_monthly.csv,
2024-05-01,Ember оптовая цена э/э,Italy,94.94,EUR/МВт·ч,european_wholesale_electricity_price_data_monthly.csv,
2024-05-01,Ember оптовая цена э/э,Latvia,76.0,EUR/МВт·ч,european_wholesale_electricity_price_data_monthly.csv,
2024-05-01,Ember оптовая цена э/э,Lithuania,76.0,EUR/МВт·ч,european_wholesale_electricity_price_data_monthly.csv,
2024-05-01,Ember оптовая цена э/э,Luxembourg,67.53,EUR/МВт·ч,european_wholesale_electricity_price_data_monthly.csv,
2024-05-01,Ember оптовая цена э/э,Montenegro,80.77,EUR/МВт·ч,european_wholesale_electricity_price_data_monthly.csv,
2024-05-01,Ember оптовая цена э/э,Netherlands,65.7,EUR/МВт·ч,european_wholesale_electricity_price_data_monthly.csv,
2024-05-01,Ember оптовая цена э/э,North Macedonia,79.3,EUR/МВт·ч,european_wholesale_electricity_price_data_monthly.csv,
2024-05-01,Ember оптовая цена э/э,Norway,29.74,EUR/МВт·ч,european_wholesale_electricity_price_data_monthly.csv,
2024-05-01,Ember оптовая цена э/э,Poland,85.63,EUR/МВт·ч,european_wholesale_electricity_price_data_monthly.csv,
2024-05-01,Ember оптовая цена э/э,Portugal,30.65,EUR/МВт·ч,european_wholesale_electricity_price_data_monthly.csv,
2024-05-01,Ember оптовая цена э/э,Romania,81.72,EUR/МВт·ч,european_wholesale_electricity_price_data_monthly.csv,
2024-05-01,Ember оптовая цена э/э,Serbia,82.84,EUR/МВт·ч,european_wholesale_electricity_price_data_monthly.csv,
2024-05-01,Ember оптовая цена э/э,Slovakia,70.89,EUR/МВт·ч,european_wholesale_electricity_price_data_monthly.csv,
2024-05-01,Ember оптовая цена э/э,Slovenia,73.17,EUR/МВт·ч,european_wholesale_electricity_price_data_monthly.csv,
2024-05-01,Ember оптовая цена э/э,Spain,30.32,EUR/МВт·ч,european_wholesale_electricity_price_data_monthly.csv,
2024-05-01,Ember оптовая цена э/э,Sweden,23.14,EUR/МВт·ч,european_wholesale_electricity_price_data_monthly.csv,
2024-05-01,Ember оптовая цена э/э,Switzerland,62.05,EUR/МВт·ч,european_wholesale_electricity_price_data_monthly.csv,
2024-05-01,Ember оптовая цена э/э,United Kingdom,84.72,EUR/МВт·ч,european_wholesale_electricity_price_data_monthly.csv,
2024-06-01,Ember оптовая цена э/э,Austria,68.32,EUR/МВт·ч,european_wholesale_electricity_price_data_monthly.csv,
2024-06-01,Ember оптовая цена э/э,Belgium,60.92,EUR/МВт·ч,european_wholesale_electricity_price_data_monthly.csv,
2024-06-01,Ember оптовая цена э/э,Bulgaria,97.95,EUR/МВт·ч,european_wholesale_electricity_price_data_monthly.csv,
2024-06-01,Ember оптовая цена э/э,Croatia,96.77,EUR/МВт·ч,european_wholesale_electricity_price_data_monthly.csv,
2024-06-01,Ember оптовая цена э/э,Czechia,76.2,EUR/МВт·ч,european_wholesale_electricity_price_data_monthly.csv,
2024-06-01,Ember оптовая цена э/э,Denmark,64.9,EUR/МВт·ч,european_wholesale_electricity_price_data_monthly.csv,
2024-06-01,Ember оптовая цена э/э,Estonia,91.64,EUR/МВт·ч,european_wholesale_electricity_price_data_monthly.csv,
2024-06-01,Ember оптовая цена э/э,Finland,36.13,EUR/МВт·ч,european_wholesale_electricity_price_data_monthly.csv,
2024-06-01,Ember оптовая цена э/э,France,37.78,EUR/МВт·ч,european_wholesale_electricity_price_data_monthly.csv,
2024-06-01,Ember оптовая цена э/э,Germany,72.88,EUR/МВт·ч,european_wholesale_electricity_price_data_monthly.csv,
2024-06-01,Ember оптовая цена э/э,Greece,98.91,EUR/МВт·ч,european_wholesale_electricity_price_data_monthly.csv,
2024-06-01,Ember оптовая цена э/э,Hungary,91.74,EUR/МВт·ч,european_wholesale_electricity_price_data_monthly.csv,
2024-06-01,Ember оптовая цена э/э,Ireland,108.1,EUR/МВт·ч,european_wholesale_electricity_price_data_monthly.csv,
2024-06-01,Ember оптовая цена э/э,Italy,103.18,EUR/МВт·ч,european_wholesale_electricity_price_data_monthly.csv,
2024-06-01,Ember оптовая цена э/э,Latvia,91.64,EUR/МВт·ч,european_wholesale_electricity_price_data_monthly.csv,
2024-06-01,Ember оптовая цена э/э,Lithuania,91.64,EUR/МВт·ч,european_wholesale_electricity_price_data_monthly.csv,
2024-06-01,Ember оптовая цена э/э,Luxembourg,72.88,EUR/МВт·ч,european_wholesale_electricity_price_data_monthly.csv,
2024-06-01,Ember оптовая цена э/э,Montenegro,96.19,EUR/МВт·ч,european_wholesale_electricity_price_data_monthly.csv,
2024-06-01,Ember оптовая цена э/э,Netherlands,68.06,EUR/МВт·ч,european_wholesale_electricity_price_data_monthly.csv,
2024-06-01,Ember оптовая цена э/э,North Macedonia,92.45,EUR/МВт·ч,european_wholesale_electricity_price_data_monthly.csv,
2024-06-01,Ember оптовая цена э/э,Norway,32.01,EUR/МВт·ч,european_wholesale_electricity_price_data_monthly.csv,
2024-06-01,Ember оптовая цена э/э,Poland,105.53,EUR/МВт·ч,european_wholesale_electricity_price_data_monthly.csv,
2024-06-01,Ember оптовая цена э/э,Portugal,58.29,EUR/МВт·ч,european_wholesale_electricity_price_data_monthly.csv,
2024-06-01,Ember оптовая цена э/э,Romania,97.81,EUR/МВт·ч,european_wholesale_electricity_price_data_monthly.csv,
2024-06-01,Ember оптовая цена э/э,Serbia,98.04,EUR/МВт·ч,european_wholesale_electricity_price_data_monthly.csv,
2024-06-01,Ember оптовая цена э/э,Slovakia,86.01,EUR/МВт·ч,european_wholesale_electricity_price_data_monthly.csv,
2024-06-01,Ember оптовая цена э/э,Slovenia,92.92,EUR/МВт·ч,european_wholesale_electricity_price_data_monthly.csv,
2024-06-01,Ember оптовая цена э/э,Spain,56.26,EUR/МВт·ч,european_wholesale_electricity_price_data_monthly.csv,
2024-06-01,Ember оптовая цена э/э,Sweden,28.91,EUR/МВт·ч,european_wholesale_electricity_price_data_monthly.csv,
2024-06-01,Ember оптовая цена э/э,Switzerland,48.14,EUR/МВт·ч,european_wholesale_electricity_price_data_monthly.csv,
2024-06-01,Ember оптовая цена э/э,United Kingdom,84.27,EUR/МВт·ч,european_wholesale_electricity_price_data_monthly.csv,
2024-07-01,Ember оптовая цена э/э,Austria,63.66,EUR/МВт·ч,european_wholesale_electricity_price_data_monthly.csv,
2024-07-01,Ember оптовая цена э/э,Belgium,54.59,EUR/МВт·ч,european_wholesale_electricity_price_data_monthly.csv,
2024-07-01,Ember оптовая цена э/э,Bulgaria,136.51,EUR/МВт·ч,european_wholesale_electricity_price_data_monthly.csv,
2024-07-01,Ember оптовая цена э/э,Croatia,106.12,EUR/МВт·ч,european_wholesale_electricity_price_data_monthly.csv,
2024-07-01,Ember оптовая цена э/э,Czechia,69.91,EUR/МВт·ч,european_wholesale_electricity_price_data_monthly.csv,
2024-07-01,Ember оптовая цена э/э,Denmark,62.33,EUR/МВт·ч,european_wholesale_electricity_price_data_monthly.csv,
2024-07-01,Ember оптовая цена э/э,Estonia,97.97,EUR/МВт·ч,european_wholesale_electricity_price_data_monthly.csv,
2024-07-01,Ember оптовая цена э/э,Finland,16.84,EUR/МВт·ч,european_wholesale_electricity_price_data_monthly.csv,
2024-07-01,Ember оптовая цена э/э,France,46.57,EUR/МВт·ч,european_wholesale_electricity_price_data_monthly.csv,
2024-07-01,Ember оптовая цена э/э,Germany,68.4,EUR/МВт·ч,european_wholesale_electricity_price_data_monthly.csv,
2024-07-01,Ember оптовая цена э/э,Greece,135.23,EUR/МВт·ч,european_wholesale_electricity_price_data_monthly.csv,
2024-07-01,Ember оптовая цена э/э,Hungary,135.57,EUR/МВт·ч,european_wholesale_electricity_price_data_monthly.csv,
2024-07-01,Ember оптовая цена э/э,Ireland,108.29,EUR/МВт·ч,european_wholesale_electricity_price_data_monthly.csv,
2024-07-01,Ember оптовая цена э/э,Italy,112.38,EUR/МВт·ч,european_wholesale_electricity_price_data_monthly.csv,
2024-07-01,Ember оптовая цена э/э,Latvia,98.0,EUR/МВт·ч,european_wholesale_electricity_price_data_monthly.csv,
2024-07-01,Ember оптовая цена э/э,Lithuania,98.02,EUR/МВт·ч,european_wholesale_electricity_price_data_monthly.csv,
2024-07-01,Ember оптовая цена э/э,Luxembourg,68.4,EUR/МВт·ч,european_wholesale_electricity_price_data_monthly.csv,
2024-07-01,Ember оптовая цена э/э,Montenegro,118.59,EUR/МВт·ч,european_wholesale_electricity_price_data_monthly.csv,
2024-07-01,Ember оптовая цена э/э,Netherlands,65.04,EUR/МВт·ч,european_wholesale_electricity_price_data_monthly.csv,
2024-07-01,Ember оптовая цена э/э,North Macedonia,136.52,EUR/МВт·ч,european_wholesale_electricity_price_data_monthly.csv,
2024-07-01,Ember оптовая цена э/э,Norway,27.2,EUR/МВт·ч,european_wholesale_electricity_price_data_monthly.csv,
2024-07-01,Ember оптовая цена э/э,Poland,109.01,EUR/МВт·ч,european_wholesale_electricity_price_data_monthly.csv,
2024-07-01,Ember оптовая цена э/э,Portugal,74.24,EUR/МВт·ч,european_wholesale_electricity_price_data_monthly.csv,
2024-07-01,Ember оптовая цена э/э,Romania,145.19,EUR/МВт·ч,european_wholesale_electricity_price_data_monthly.csv,
2024-07-01,Ember оптовая цена э/э,Serbia,134.29,EUR/МВт·ч,european_wholesale_electricity_price_data_monthly.csv,
2024-07-01,Ember оптовая цена э/э,Slovakia,96.22,EUR/МВт·ч,european_wholesale_electricity_price_data_monthly.csv,
2024-07-01,Ember оптовая цена э/э,Slovenia,88.33,EUR/МВт·ч,european_wholesale_electricity_price_data_monthly.csv,
2024-07-01,Ember оптовая цена э/э,Spain,72.43,EUR/МВт·ч,european_wholesale_electricity_price_data_monthly.csv,
2024-07-01,Ember оптовая цена э/э,Sweden,21.19,EUR/МВт·ч,european_wholesale_electricity_price_data_monthly.csv,
2024-07-01,Ember оптовая цена э/э,Switzerland,38.68,EUR/МВт·ч,european_wholesale_electricity_price_data_monthly.csv,
2024-07-01,Ember оптовая цена э/э,United Kingdom,82.56,EUR/МВт·ч,european_wholesale_electricity_price_data_monthly.csv,
2024-08-01,Ember оптовая цена э/э,Austria,84.48,EUR/МВт·ч,european_wholesale_electricity_price_data_monthly.csv,
2024-08-01,Ember оптовая цена э/э,Belgium,65.53,EUR/МВт·ч,european_wholesale_electricity_price_data_monthly.csv,
2024-08-01,Ember оптовая цена э/э,Bulgaria,126.65,EUR/МВт·ч,european_wholesale_electricity_price_data_monthly.csv,
2024-08-01,Ember оптовая цена э/э,Croatia,113.61,EUR/МВт·ч,european_wholesale_electricity_price_data_monthly.csv,
2024-08-01,Ember оптовая цена э/э,Czechia,88.79,EUR/МВт·ч,european_wholesale_electricity_price_data_monthly.csv,
2024-08-01,Ember оптовая цена э/э,Denmark,72.78,EUR/МВт·ч,european_wholesale_electricity_price_data_monthly.csv,
2024-08-01,Ember оптовая цена э/э,Estonia,106.95,EUR/МВт·ч,european_wholesale_electricity_price_data_monthly.csv,
2024-08-01,Ember оптовая цена э/э,Finland,12.53,EUR/МВт·ч,european_wholesale_electricity_price_data_monthly.csv,
2024-08-01,Ember оптовая цена э/э,France,54.56,EUR/МВт·ч,european_wholesale_electricity_price_data_monthly.csv,
2024-08-01,Ember оптовая цена э/э,Germany,81.76,EUR/МВт·ч,european_wholesale_electricity_price_data_monthly.csv,
2024-08-01,Ember оптовая цена э/э,Greece,129.81,EUR/МВт·ч,european_wholesale_electricity_price_data_monthly.csv,
2024-08-01,Ember оптовая цена э/э,Hungary,120.78,EUR/МВт·ч,european_wholesale_electricity_price_data_monthly.csv,
2024-08-01,Ember оптовая цена э/э,Ireland,102.42,EUR/МВт·ч,european_wholesale_electricity_price_data_monthly.csv,
2024-08-01,Ember оптовая цена э/э,Italy,128.51,EUR/МВт·ч,european_wholesale_electricity_price_data_monthly.csv,
2024-08-01,Ember оптовая цена э/э,Latvia,106.95,EUR/МВт·ч,european_wholesale_electricity_price_data_monthly.csv,
2024-08-01,Ember оптовая цена э/э,Lithuania,106.95,EUR/МВт·ч,european_wholesale_electricity_price_data_monthly.csv,
2024-08-01,Ember оптовая цена э/э,Luxembourg,81.76,EUR/МВт·ч,european_wholesale_electricity_price_data_monthly.csv,
2024-08-01,Ember оптовая цена э/э,Montenegro,128.62,EUR/МВт·ч,european_wholesale_electricity_price_data_monthly.csv,
2024-08-01,Ember оптовая цена э/э,Netherlands,77.1,EUR/МВт·ч,european_wholesale_electricity_price_data_monthly.csv,
2024-08-01,Ember оптовая цена э/э,North Macedonia,124.57,EUR/МВт·ч,european_wholesale_electricity_price_data_monthly.csv,
2024-08-01,Ember оптовая цена э/э,Norway,19.05,EUR/МВт·ч,european_wholesale_electricity_price_data_monthly.csv,
2024-08-01,Ember оптовая цена э/э,Poland,100.12,EUR/МВт·ч,european_wholesale_electricity_price_data_monthly.csv,
2024-08-01,Ember оптовая цена э/э,Portugal,91.16,EUR/МВт·ч,european_wholesale_electricity_price_data_monthly.csv,
2024-08-01,Ember оптовая цена э/э,Romania,126.86,EUR/МВт·ч,european_wholesale_electricity_price_data_monthly.csv,
2024-08-01,Ember оптовая цена э/э,Serbia,127.12,EUR/МВт·ч,european_wholesale_electricity_price_data_monthly.csv,
2024-08-01,Ember оптовая цена э/э,Slovakia,107.34,EUR/МВт·ч,european_wholesale_electricity_price_data_monthly.csv,
2024-08-01,Ember оптовая цена э/э,Slovenia,110.96,EUR/МВт·ч,european_wholesale_electricity_price_data_monthly.csv,
2024-08-01,Ember оптовая цена э/э,Spain,91.1,EUR/МВт·ч,european_wholesale_electricity_price_data_monthly.csv,
2024-08-01,Ember оптовая цена э/э,Sweden,12.95,EUR/МВт·ч,european_wholesale_electricity_price_data_monthly.csv,
2024-08-01,Ember оптовая цена э/э,Switzerland,58.66,EUR/МВт·ч,european_wholesale_electricity_price_data_monthly.csv,
2024-08-01,Ember оптовая цена э/э,United Kingdom,70.75,EUR/МВт·ч,european_wholesale_electricity_price_data_monthly.csv,
2024-09-01,Ember оптовая цена э/э,Austria,82.4,EUR/МВт·ч,european_wholesale_electricity_price_data_monthly.csv,
2024-09-01,Ember оптовая цена э/э,Belgium,66.41,EUR/МВт·ч,european_wholesale_electricity_price_data_monthly.csv,
2024-09-01,Ember оптовая цена э/э,Bulgaria,106.69,EUR/МВт·ч,european_wholesale_electricity_price_data_monthly.csv,
2024-09-01,Ember оптовая цена э/э,Croatia,97.7,EUR/МВт·ч,european_wholesale_electricity_price_data_monthly.csv,
2024-09-01,Ember оптовая цена э/э,Czechia,81.62,EUR/МВт·ч,european_wholesale_electricity_price_data_monthly.csv,
2024-09-01,Ember оптовая цена э/э,Denmark,70.97,EUR/МВт·ч,european_wholesale_electricity_price_data_monthly.csv,
2024-09-01,Ember оптовая цена э/э,Estonia,83.9,EUR/МВт·ч,european_wholesale_electricity_price_data_monthly.csv,
2024-09-01,Ember оптовая цена э/э,Finland,56.02,EUR/МВт·ч,european_wholesale_electricity_price_data_monthly.csv,
2024-09-01,Ember оптовая цена э/э,France,51.61,EUR/МВт·ч,european_wholesale_electricity_price_data_monthly.csv,
2024-09-01,Ember оптовая цена э/э,Germany,78.55,EUR/МВт·ч,european_wholesale_electricity_price_data_monthly.csv,
2024-09-01,Ember оптовая цена э/э,Greece,112.34,EUR/МВт·ч,european_wholesale_electricity_price_data_monthly.csv,
2024-09-01,Ember оптовая цена э/э,Hungary,105.85,EUR/МВт·ч,european_wholesale_electricity_price_data_monthly.csv,
2024-09-01,Ember оптовая цена э/э,Ireland,113.12,EUR/МВт·ч,european_wholesale_electricity_price_data_monthly.csv,
2024-09-01,Ember оптовая цена э/э,Italy,117.08,EUR/МВт·ч,european_wholesale_electricity_price_data_monthly.csv,
2024-09-01,Ember оптовая цена э/э,Latvia,83.69,EUR/МВт·ч,european_wholesale_electricity_price_data_monthly.csv,
2024-09-01,Ember оптовая цена э/э,Lithuania,83.28,EUR/МВт·ч,european_wholesale_electricity_price_data_monthly.csv,
2024-09-01,Ember оптовая цена э/э,Luxembourg,78.55,EUR/МВт·ч,european_wholesale_electricity_price_data_monthly.csv,
2024-09-01,Ember оптовая цена э/э,Montenegro,113.65,EUR/МВт·ч,european_wholesale_electricity_price_data_monthly.csv,
2024-09-01,Ember оптовая цена э/э,Netherlands,77.62,EUR/МВт·ч,european_wholesale_electricity_price_data_monthly.csv,
2024-09-01,Ember оптовая цена э/э,North Macedonia,103.7,EUR/МВт·ч,european_wholesale_electricity_price_data_monthly.csv,
2024-09-01,Ember оптовая цена э/э,Norway,21.17,EUR/МВт·ч,european_wholesale_electricity_price_data_monthly.csv,
2024-09-01,Ember оптовая цена э/э,Poland,94.99,EUR/МВт·ч,european_wholesale_electricity_price_data_monthly.csv,
2024-09-01,Ember оптовая цена э/э,Portugal,73.54,EUR/МВт·ч,european_wholesale_electricity_price_data_monthly.csv,
2024-09-01,Ember оптовая цена э/э,Romania,109.19,EUR/МВт·ч,european_wholesale_electricity_price_data_monthly.csv,
2024-09-01,Ember оптовая цена э/э,Serbia,106.89,EUR/МВт·ч,european_wholesale_electricity_price_data_monthly.csv,
2024-09-01,Ember оптовая цена э/э,Slovakia,90.28,EUR/МВт·ч,european_wholesale_electricity_price_data_monthly.csv,
2024-09-01,Ember оптовая цена э/э,Slovenia,94.63,EUR/МВт·ч,european_wholesale_electricity_price_data_monthly.csv,
2024-09-01,Ember оптовая цена э/э,Spain,72.54,EUR/МВт·ч,european_wholesale_electricity_price_data_monthly.csv,
2024-09-01,Ember оптовая цена э/э,Sweden,15.53,EUR/МВт·ч,european_wholesale_electricity_price_data_monthly.csv,
2024-09-01,Ember оптовая цена э/э,Switzerland,81.07,EUR/МВт·ч,european_wholesale_electricity_price_data_monthly.csv,
2024-09-01,Ember оптовая цена э/э,United Kingdom,91.52,EUR/МВт·ч,european_wholesale_electricity_price_data_monthly.csv,
2024-10-01,Ember оптовая цена э/э,Austria,85.35,EUR/МВт·ч,european_wholesale_electricity_price_data_monthly.csv,
2024-10-01,Ember оптовая цена э/э,Belgium,78.13,EUR/МВт·ч,european_wholesale_electricity_price_data_monthly.csv,
2024-10-01,Ember оптовая цена э/э,Bulgaria,89.6,EUR/МВт·ч,european_wholesale_electricity_price_data_monthly.csv,
2024-10-01,Ember оптовая цена э/э,Croatia,89.05,EUR/МВт·ч,european_wholesale_electricity_price_data_monthly.csv,
2024-10-01,Ember оптовая цена э/э,Czechia,89.16,EUR/МВт·ч,european_wholesale_electricity_price_data_monthly.csv,
2024-10-01,Ember оптовая цена э/э,Denmark,76.68,EUR/МВт·ч,european_wholesale_electricity_price_data_monthly.csv,
2024-10-01,Ember оптовая цена э/э,Estonia,91.49,EUR/МВт·ч,european_wholesale_electricity_price_data_monthly.csv,
2024-10-01,Ember оптовая цена э/э,Finland,40.69,EUR/МВт·ч,european_wholesale_electricity_price_data_monthly.csv,
2024-10-01,Ember оптовая цена э/э,France,62.25,EUR/МВт·ч,european_wholesale_electricity_price_data_monthly.csv,
2024-10-01,Ember оптовая цена э/э,Germany,83.98,EUR/МВт·ч,european_wholesale_electricity_price_data_monthly.csv,
2024-10-01,Ember оптовая цена э/э,Greece,90.05,EUR/МВт·ч,european_wholesale_electricity_price_data_monthly.csv,
2024-10-01,Ember оптовая цена э/э,Hungary,92.47,EUR/МВт·ч,european_wholesale_electricity_price_data_monthly.csv,
2024-10-01,Ember оптовая цена э/э,Ireland,124.14,EUR/МВт·ч,european_wholesale_electricity_price_data_monthly.csv,
2024-10-01,Ember оптовая цена э/э,Italy,116.72,EUR/МВт·ч,european_wholesale_electricity_price_data_monthly.csv,
2024-10-01,Ember оптовая цена э/э,Latvia,91.5,EUR/МВт·ч,european_wholesale_electricity_price_data_monthly.csv,
2024-10-01,Ember оптовая цена э/э,Lithuania,91.5,EUR/МВт·ч,european_wholesale_electricity_price_data_monthly.csv,
2024-10-01,Ember оптовая цена э/э,Luxembourg,83.98,EUR/МВт·ч,european_wholesale_electricity_price_data_monthly.csv,
2024-10-01,Ember оптовая цена э/э,Montenegro,90.23,EUR/МВт·ч,european_wholesale_electricity_price_data_monthly.csv,
2024-10-01,Ember оптовая цена э/э,Netherlands,87.8,EUR/МВт·ч,european_wholesale_electricity_price_data_monthly.csv,
2024-10-01,Ember оптовая цена э/э,North Macedonia,93.35,EUR/МВт·ч,european_wholesale_electricity_price_data_monthly.csv,
2024-10-01,Ember оптовая цена э/э,Norway,28.26,EUR/МВт·ч,european_wholesale_electricity_price_data_monthly.csv,
2024-10-01,Ember оптовая цена э/э,Poland,103.16,EUR/МВт·ч,european_wholesale_electricity_price_data_monthly.csv,
2024-10-01,Ember оптовая цена э/э,Portugal,69.36,EUR/МВт·ч,european_wholesale_electricity_price_data_monthly.csv,
2024-10-01,Ember оптовая цена э/э,Romania,89.96,EUR/МВт·ч,european_wholesale_electricity_price_data_monthly.csv,
2024-10-01,Ember оптовая цена э/э,Serbia,89.16,EUR/МВт·ч,european_wholesale_electricity_price_data_monthly.csv,
2024-10-01,Ember оптовая цена э/э,Slovakia,91.58,EUR/МВт·ч,european_wholesale_electricity_price_data_monthly.csv,
2024-10-01,Ember оптовая цена э/э,Slovenia,89.02,EUR/МВт·ч,european_wholesale_electricity_price_data_monthly.csv,
2024-10-01,Ember оптовая цена э/э,Spain,68.49,EUR/МВт·ч,european_wholesale_electricity_price_data_monthly.csv,
2024-10-01,Ember оптовая цена э/э,Sweden,19.72,EUR/МВт·ч,european_wholesale_electricity_price_data_monthly.csv,
2024-10-01,Ember оптовая цена э/э,Switzerland,83.04,EUR/МВт·ч,european_wholesale_electricity_price_data_monthly.csv,
2024-10-01,Ember оптовая цена э/э,United Kingdom,100.32,EUR/МВт·ч,european_wholesale_electricity_price_data_monthly.csv,
2024-11-01,Ember оптовая цена э/э,Austria,130.21,EUR/МВт·ч,european_wholesale_electricity_price_data_monthly.csv,
2024-11-01,Ember оптовая цена э/э,Belgium,108.95,EUR/МВт·ч,european_wholesale_electricity_price_data_monthly.csv,
2024-11-01,Ember оптовая цена э/э,Bulgaria,167.75,EUR/МВт·ч,european_wholesale_electricity_price_data_monthly.csv,
2024-11-01,Ember оптовая цена э/э,Croatia,144.79,EUR/МВт·ч,european_wholesale_electricity_price_data_monthly.csv,
2024-11-01,Ember оптовая цена э/э,Czechia,133.24,EUR/МВт·ч,european_wholesale_electricity_price_data_monthly.csv,
2024-11-01,Ember оптовая цена э/э,Denmark,95.79,EUR/МВт·ч,european_wholesale_electricity_price_data_monthly.csv,
2024-11-01,Ember оптовая цена э/э,Estonia,82.57,EUR/МВт·ч,european_wholesale_electricity_price_data_monthly.csv,
2024-11-01,Ember оптовая цена э/э,Finland,45.35,EUR/МВт·ч,european_wholesale_electricity_price_data_monthly.csv,
2024-11-01,Ember оптовая цена э/э,France,100.55,EUR/МВт·ч,european_wholesale_electricity_price_data_monthly.csv,
2024-11-01,Ember оптовая цена э/э,Germany,111.61,EUR/МВт·ч,european_wholesale_electricity_price_data_monthly.csv,
2024-11-01,Ember оптовая цена э/э,Greece,136.55,EUR/МВт·ч,european_wholesale_electricity_price_data_monthly.csv,
2024-11-01,Ember оптовая цена э/э,Hungary,163.71,EUR/МВт·ч,european_wholesale_electricity_price_data_monthly.csv,
2024-11-01,Ember оптовая цена э/э,Ireland,146.87,EUR/МВт·ч,european_wholesale_electricity_price_data_monthly.csv,
2024-11-01,Ember оптовая цена э/э,Italy,130.93,EUR/МВт·ч,european_wholesale_electricity_price_data_monthly.csv,
2024-11-01,Ember оптовая цена э/э,Latvia,88.77,EUR/МВт·ч,european_wholesale_electricity_price_data_monthly.csv,
2024-11-01,Ember оптовая цена э/э,Lithuania,88.69,EUR/МВт·ч,european_wholesale_electricity_price_data_monthly.csv,
2024-11-01,Ember оптовая цена э/э,Luxembourg,111.61,EUR/МВт·ч,european_wholesale_electricity_price_data_monthly.csv,
2024-11-01,Ember оптовая цена э/э,Montenegro,134.39,EUR/МВт·ч,european_wholesale_electricity_price_data_monthly.csv,
2024-11-01,Ember оптовая цена э/э,Netherlands,113.47,EUR/МВт·ч,european_wholesale_electricity_price_data_monthly.csv,
2024-11-01,Ember оптовая цена э/э,North Macedonia,165.41,EUR/МВт·ч,european_wholesale_electricity_price_data_monthly.csv,
2024-11-01,Ember оптовая цена э/э,Norway,36.53,EUR/МВт·ч,european_wholesale_electricity_price_data_monthly.csv,
2024-11-01,Ember оптовая цена э/э,Poland,120.78,EUR/МВт·ч,european_wholesale_electricity_price_data_monthly.csv,
2024-11-01,Ember оптовая цена э/э,Portugal,104.65,EUR/МВт·ч,european_wholesale_electricity_price_data_monthly.csv,
2024-11-01,Ember оптовая цена э/э,Romania,168.04,EUR/МВт·ч,european_wholesale_electricity_price_data_monthly.csv,
2024-11-01,Ember оптовая цена э/э,Serbia,159.98,EUR/МВт·ч,european_wholesale_electricity_price_data_monthly.csv,
2024-11-01,Ember оптовая цена э/э,Slovakia,142.27,EUR/МВт·ч,european_wholesale_electricity_price_data_monthly.csv,
2024-11-01,Ember оптовая цена э/э,Slovenia,137.97,EUR/МВт·ч,european_wholesale_electricity_price_data_monthly.csv,
2024-11-01,Ember оптовая цена э/э,Spain,104.48,EUR/МВт·ч,european_wholesale_electricity_price_data_monthly.csv,
2024-11-01,Ember оптовая цена э/э,Sweden,53.04,EUR/МВт·ч,european_wholesale_electricity_price_data_monthly.csv,
2024-11-01,Ember оптовая цена э/э,Switzerland,124.82,EUR/МВт·ч,european_wholesale_electricity_price_data_monthly.csv,
2024-11-01,Ember оптовая цена э/э,United Kingdom,117.07,EUR/МВт·ч,european_wholesale_electricity_price_data_monthly.csv,
2024-12-01,Ember оптовая цена э/э,Austria,127.86,EUR/МВт·ч,european_wholesale_electricity_price_data_monthly.csv,
2024-12-01,Ember оптовая цена э/э,Belgium,105.1,EUR/МВт·ч,european_wholesale_electricity_price_data_monthly.csv,
2024-12-01,Ember оптовая цена э/э,Bulgaria,140.67,EUR/МВт·ч,european_wholesale_electricity_price_data_monthly.csv,
2024-12-01,Ember оптовая цена э/э,Croatia,136.33,EUR/МВт·ч,european_wholesale_electricity_price_data_monthly.csv,
2024-12-01,Ember оптовая цена э/э,Czechia,132.28,EUR/МВт·ч,european_wholesale_electricity_price_data_monthly.csv,
2024-12-01,Ember оптовая цена э/э,Denmark,92.03,EUR/МВт·ч,european_wholesale_electricity_price_data_monthly.csv,
2024-12-01,Ember оптовая цена э/э,Estonia,84.27,EUR/МВт·ч,european_wholesale_electricity_price_data_monthly.csv,
2024-12-01,Ember оптовая цена э/э,Finland,38.79,EUR/МВт·ч,european_wholesale_electricity_price_data_monthly.csv,
2024-12-01,Ember оптовая цена э/э,France,98.12,EUR/МВт·ч,european_wholesale_electricity_price_data_monthly.csv,
2024-12-01,Ember оптовая цена э/э,Germany,105.65,EUR/МВт·ч,european_wholesale_electricity_price_data_monthly.csv,
2024-12-01,Ember оптовая цена э/э,Greece,129.83,EUR/МВт·ч,european_wholesale_electricity_price_data_monthly.csv,
2024-12-01,Ember оптовая цена э/э,Hungary,143.93,EUR/МВт·ч,european_wholesale_electricity_price_data_monthly.csv,
2024-12-01,Ember оптовая цена э/э,Ireland,138.26,EUR/МВт·ч,european_wholesale_electricity_price_data_monthly.csv,
2024-12-01,Ember оптовая цена э/э,Italy,135.04,EUR/МВт·ч,european_wholesale_electricity_price_data_monthly.csv,
2024-12-01,Ember оптовая цена э/э,Latvia,90.49,EUR/МВт·ч,european_wholesale_electricity_price_data_monthly.csv,
2024-12-01,Ember оптовая цена э/э,Lithuania,89.67,EUR/МВт·ч,european_wholesale_electricity_price_data_monthly.csv,
2024-12-01,Ember оптовая цена э/э,Luxembourg,105.65,EUR/МВт·ч,european_wholesale_electricity_price_data_monthly.csv,
2024-12-01,Ember оптовая цена э/э,Montenegro,130.88,EUR/МВт·ч,european_wholesale_electricity_price_data_monthly.csv,
2024-12-01,Ember оптовая цена э/э,Netherlands,107.94,EUR/МВт·ч,european_wholesale_electricity_price_data_monthly.csv,
2024-12-01,Ember оптовая цена э/э,North Macedonia,131.39,EUR/МВт·ч,european_wholesale_electricity_price_data_monthly.csv,
2024-12-01,Ember оптовая цена э/э,Norway,41.64,EUR/МВт·ч,european_wholesale_electricity_price_data_monthly.csv,
2024-12-01,Ember оптовая цена э/э,Poland,109.36,EUR/МВт·ч,european_wholesale_electricity_price_data_monthly.csv,
2024-12-01,Ember оптовая цена э/э,Portugal,111.55,EUR/МВт·ч,european_wholesale_electricity_price_data_monthly.csv,
2024-12-01,Ember оптовая цена э/э,Romania,141.13,EUR/МВт·ч,european_wholesale_electricity_price_data_monthly.csv,
2024-12-01,Ember оптовая цена э/э,Serbia,139.4,EUR/МВт·ч,european_wholesale_electricity_price_data_monthly.csv,
2024-12-01,Ember оптовая цена э/э,Slovakia,145.57,EUR/МВт·ч,european_wholesale_electricity_price_data_monthly.csv,
2024-12-01,Ember оптовая цена э/э,Slovenia,133.78,EUR/МВт·ч,european_wholesale_electricity_price_data_monthly.csv,
2024-12-01,Ember оптовая цена э/э,Spain,111.25,EUR/МВт·ч,european_wholesale_electricity_price_data_monthly.csv,
2024-12-01,Ember оптовая цена э/э,Sweden,44.56,EUR/МВт·ч,european_wholesale_electricity_price_data_monthly.csv,
2024-12-01,Ember оптовая цена э/э,Switzerland,126.17,EUR/МВт·ч,european_wholesale_electricity_price_data_monthly.csv,
2024-12-01,Ember оптовая цена э/э,United Kingdom,109.25,EUR/МВт·ч,european_wholesale_electricity_price_data_monthly.csv,
2025-01-01,Ember оптовая цена э/э,Austria,134.18,EUR/МВт·ч,european_wholesale_electricity_price_data_monthly.csv,
2025-01-01,Ember оптовая цена э/э,Belgium,112.17,EUR/МВт·ч,european_wholesale_electricity_price_data_monthly.csv,
2025-01-01,Ember оптовая цена э/э,Bulgaria,138.53,EUR/МВт·ч,european_wholesale_electricity_price_data_monthly.csv,
2025-01-01,Ember оптовая цена э/э,Croatia,136.0,EUR/МВт·ч,european_wholesale_electricity_price_data_monthly.csv,
2025-01-01,Ember оптовая цена э/э,Czechia,128.55,EUR/МВт·ч,european_wholesale_electricity_price_data_monthly.csv,
2025-01-01,Ember оптовая цена э/э,Denmark,98.95,EUR/МВт·ч,european_wholesale_electricity_price_data_monthly.csv,
2025-01-01,Ember оптовая цена э/э,Estonia,92.19,EUR/МВт·ч,european_wholesale_electricity_price_data_monthly.csv,
2025-01-01,Ember оптовая цена э/э,Finland,52.82,EUR/МВт·ч,european_wholesale_electricity_price_data_monthly.csv,
2025-01-01,Ember оптовая цена э/э,France,102.44,EUR/МВт·ч,european_wholesale_electricity_price_data_monthly.csv,
2025-01-01,Ember оптовая цена э/э,Germany,114.19,EUR/МВт·ч,european_wholesale_electricity_price_data_monthly.csv,
2025-01-01,Ember оптовая цена э/э,Greece,135.13,EUR/МВт·ч,european_wholesale_electricity_price_data_monthly.csv,
2025-01-01,Ember оптовая цена э/э,Hungary,140.18,EUR/МВт·ч,european_wholesale_electricity_price_data_monthly.csv,
2025-01-01,Ember оптовая цена э/э,Ireland,163.65,EUR/МВт·ч,european_wholesale_electricity_price_data_monthly.csv,
2025-01-01,Ember оптовая цена э/э,Italy,138.68,EUR/МВт·ч,european_wholesale_electricity_price_data_monthly.csv,
2025-01-01,Ember оптовая цена э/э,Latvia,92.04,EUR/МВт·ч,european_wholesale_electricity_price_data_monthly.csv,
2025-01-01,Ember оптовая цена э/э,Lithuania,89.56,EUR/МВт·ч,european_wholesale_electricity_price_data_monthly.csv,
2025-01-01,Ember оптовая цена э/э,Luxembourg,114.19,EUR/МВт·ч,european_wholesale_electricity_price_data_monthly.csv,
2025-01-01,Ember оптовая цена э/э,Montenegro,138.4,EUR/МВт·ч,european_wholesale_electricity_price_data_monthly.csv,
2025-01-01,Ember оптовая цена э/э,Netherlands,116.82,EUR/МВт·ч,european_wholesale_electricity_price_data_monthly.csv,
2025-01-01,Ember оптовая цена э/э,North Macedonia,141.62,EUR/МВт·ч,european_wholesale_electricity_price_data_monthly.csv,
2025-01-01,Ember оптовая цена э/э,Norway,47.87,EUR/МВт·ч,european_wholesale_electricity_price_data_monthly.csv,
2025-01-01,Ember оптовая цена э/э,Poland,114.23,EUR/МВт·ч,european_wholesale_electricity_price_data_monthly.csv,
2025-01-01,Ember оптовая цена э/э,Portugal,96.38,EUR/МВт·ч,european_wholesale_electricity_price_data_monthly.csv,
2025-01-01,Ember оптовая цена э/э,Romania,139.44,EUR/МВт·ч,european_wholesale_electricity_price_data_monthly.csv,
2025-01-01,Ember оптовая цена э/э,Serbia,137.0,EUR/МВт·ч,european_wholesale_electricity_price_data_monthly.csv,
2025-01-01,Ember оптовая цена э/э,Slovakia,140.21,EUR/МВт·ч,european_wholesale_electricity_price_data_monthly.csv,
2025-01-01,Ember оптовая цена э/э,Slovenia,134.56,EUR/МВт·ч,european_wholesale_electricity_price_data_monthly.csv,
2025-01-01,Ember оптовая цена э/э,Spain,96.69,EUR/МВт·ч,european_wholesale_electricity_price_data_monthly.csv,
2025-01-01,Ember оптовая цена э/э,Sweden,50.3,EUR/МВт·ч,european_wholesale_electricity_price_data_monthly.csv,
2025-01-01,Ember оптовая цена э/э,Switzerland,136.49,EUR/МВт·ч,european_wholesale_electricity_price_data_monthly.csv,
2025-01-01,Ember оптовая цена э/э,United Kingdom,141.29,EUR/МВт·ч,european_wholesale_electricity_price_data_monthly.csv,
2025-02-01,Ember оптовая цена э/э,Austria,140.77,EUR/МВт·ч,european_wholesale_electricity_price_data_monthly.csv,
2025-02-01,Ember оптовая цена э/э,Belgium,128.73,EUR/МВт·ч,european_wholesale_electricity_price_data_monthly.csv,
2025-02-01,Ember оптовая цена э/э,Bulgaria,156.43,EUR/МВт·ч,european_wholesale_electricity_price_data_monthly.csv,
2025-02-01,Ember оптовая цена э/э,Croatia,149.96,EUR/МВт·ч,european_wholesale_electricity_price_data_monthly.csv,
2025-02-01,Ember оптовая цена э/э,Czechia,132.62,EUR/МВт·ч,european_wholesale_electricity_price_data_monthly.csv,
2025-02-01,Ember оптовая цена э/э,Denmark,114.82,EUR/МВт·ч,european_wholesale_electricity_price_data_monthly.csv,
2025-02-01,Ember оптовая цена э/э,Estonia,151.91,EUR/МВт·ч,european_wholesale_electricity_price_data_monthly.csv,
2025-02-01,Ember оптовая цена э/э,Finland,47.34,EUR/МВт·ч,european_wholesale_electricity_price_data_monthly.csv,
2025-02-01,Ember оптовая цена э/э,France,122.63,EUR/МВт·ч,european_wholesale_electricity_price_data_monthly.csv,
2025-02-01,Ember оптовая цена э/э,Germany,129.35,EUR/МВт·ч,european_wholesale_electricity_price_data_monthly.csv,
2025-02-01,Ember оптовая цена э/э,Greece,154.08,EUR/МВт·ч,european_wholesale_electricity_price_data_monthly.csv,
2025-02-01,Ember оптовая цена э/э,Hungary,158.87,EUR/МВт·ч,european_wholesale_electricity_price_data_monthly.csv,
2025-02-01,Ember оптовая цена э/э,Ireland,140.35,EUR/МВт·ч,european_wholesale_electricity_price_data_monthly.csv,
2025-02-01,Ember оптовая цена э/э,Italy,142.33,EUR/МВт·ч,european_wholesale_electricity_price_data_monthly.csv,
2025-02-01,Ember оптовая цена э/э,Latvia,151.81,EUR/МВт·ч,european_wholesale_electricity_price_data_monthly.csv,
2025-02-01,Ember оптовая цена э/э,Lithuania,152.52,EUR/МВт·ч,european_wholesale_electricity_price_data_monthly.csv,
2025-02-01,Ember оптовая цена э/э,Luxembourg,129.35,EUR/МВт·ч,european_wholesale_electricity_price_data_monthly.csv,
2025-02-01,Ember оптовая цена э/э,Montenegro,151.81,EUR/МВт·ч,european_wholesale_electricity_price_data_monthly.csv,
2025-02-01,Ember оптовая цена э/э,Netherlands,125.81,EUR/МВт·ч,european_wholesale_electricity_price_data_monthly.csv,
2025-02-01,Ember оптовая цена э/э,North Macedonia,157.35,EUR/МВт·ч,european_wholesale_electricity_price_data_monthly.csv,
2025-02-01,Ember оптовая цена э/э,Norway,60.75,EUR/МВт·ч,european_wholesale_electricity_price_data_monthly.csv,
2025-02-01,Ember оптовая цена э/э,Poland,133.81,EUR/МВт·ч,european_wholesale_electricity_price_data_monthly.csv,
2025-02-01,Ember оптовая цена э/э,Portugal,108.17,EUR/МВт·ч,european_wholesale_electricity_price_data_monthly.csv,
2025-02-01,Ember оптовая цена э/э,Romania,157.17,EUR/МВт·ч,european_wholesale_electricity_price_data_monthly.csv,
2025-02-01,Ember оптовая цена э/э,Serbia,144.88,EUR/МВт·ч,european_wholesale_electricity_price_data_monthly.csv,
2025-02-01,Ember оптовая цена э/э,Slovakia,153.37,EUR/МВт·ч,european_wholesale_electricity_price_data_monthly.csv,
2025-02-01,Ember оптовая цена э/э,Slovenia,146.95,EUR/МВт·ч,european_wholesale_electricity_price_data_monthly.csv,
2025-02-01,Ember оптовая цена э/э,Spain,108.26,EUR/МВт·ч,european_wholesale_electricity_price_data_monthly.csv,
2025-02-01,Ember оптовая цена э/э,Sweden,61.45,EUR/МВт·ч,european_wholesale_electricity_price_data_monthly.csv,
2025-02-01,Ember оптовая цена э/э,Switzerland,148.07,EUR/МВт·ч,european_wholesale_electricity_price_data_monthly.csv,
2025-02-01,Ember оптовая цена э/э,United Kingdom,127.54,EUR/МВт·ч,european_wholesale_electricity_price_data_monthly.csv,
2025-03-01,Ember оптовая цена э/э,Austria,103.6,EUR/МВт·ч,european_wholesale_electricity_price_data_monthly.csv,
2025-03-01,Ember оптовая цена э/э,Belgium,91.17,EUR/МВт·ч,european_wholesale_electricity_price_data_monthly.csv,
2025-03-01,Ember оптовая цена э/э,Bulgaria,104.35,EUR/МВт·ч,european_wholesale_electricity_price_data_monthly.csv,
2025-03-01,Ember оптовая цена э/э,Croatia,104.82,EUR/МВт·ч,european_wholesale_electricity_price_data_monthly.csv,
2025-03-01,Ember оптовая цена э/э,Czechia,99.86,EUR/МВт·ч,european_wholesale_electricity_price_data_monthly.csv,
2025-03-01,Ember оптовая цена э/э,Denmark,83.65,EUR/МВт·ч,european_wholesale_electricity_price_data_monthly.csv,
2025-03-01,Ember оптовая цена э/э,Estonia,90.44,EUR/МВт·ч,european_wholesale_electricity_price_data_monthly.csv,
2025-03-01,Ember оптовая цена э/э,Finland,47.5,EUR/МВт·ч,european_wholesale_electricity_price_data_monthly.csv,
2025-03-01,Ember оптовая цена э/э,France,76.84,EUR/МВт·ч,european_wholesale_electricity_price_data_monthly.csv,
2025-03-01,Ember оптовая цена э/э,Germany,94.06,EUR/МВт·ч,european_wholesale_electricity_price_data_monthly.csv,
2025-03-01,Ember оптовая цена э/э,Greece,105.86,EUR/МВт·ч,european_wholesale_electricity_price_data_monthly.csv,
2025-03-01,Ember оптовая цена э/э,Hungary,108.97,EUR/МВт·ч,european_wholesale_electricity_price_data_monthly.csv,
2025-03-01,Ember оптовая цена э/э,Ireland,129.07,EUR/МВт·ч,european_wholesale_electricity_price_data_monthly.csv,
2025-03-01,Ember оптовая цена э/э,Italy,127.39,EUR/МВт·ч,european_wholesale_electricity_price_data_monthly.csv,
2025-03-01,Ember оптовая цена э/э,Latvia,92.23,EUR/МВт·ч,european_wholesale_electricity_price_data_monthly.csv,
2025-03-01,Ember оптовая цена э/э,Lithuania,92.22,EUR/МВт·ч,european_wholesale_electricity_price_data_monthly.csv,
2025-03-01,Ember оптовая цена э/э,Luxembourg,94.06,EUR/МВт·ч,european_wholesale_electricity_price_data_monthly.csv,
2025-03-01,Ember оптовая цена э/э,Montenegro,99.99,EUR/МВт·ч,european_wholesale_electricity_price_data_monthly.csv,
2025-03-01,Ember оптовая цена э/э,Netherlands,91.69,EUR/МВт·ч,european_wholesale_electricity_price_data_monthly.csv,
2025-03-01,Ember оптовая цена э/э,Norway,34.51,EUR/МВт·ч,european_wholesale_electricity_price_data_monthly.csv,
2025-03-01,Ember оптовая цена э/э,Poland,99.26,EUR/МВт·ч,european_wholesale_electricity_price_data_monthly.csv,
2025-03-01,Ember оптовая цена э/э,Portugal,52.61,EUR/МВт·ч,european_wholesale_electricity_price_data_monthly.csv,
2025-03-01,Ember оптовая цена э/э,Romania,106.4,EUR/МВт·ч,european_wholesale_electricity_price_data_monthly.csv,
2025-03-01,Ember оптовая цена э/э,Serbia,118.3,EUR/МВт·ч,european_wholesale_electricity_price_data_monthly.csv,
2025-03-01,Ember оптовая цена э/э,Slovakia,104.49,EUR/МВт·ч,european_wholesale_electricity_price_data_monthly.csv,
2025-03-01,Ember оптовая цена э/э,Slovenia,105.09,EUR/МВт·ч,european_wholesale_electricity_price_data_monthly.csv,
2025-03-01,Ember оптовая цена э/э,Spain,53.1,EUR/МВт·ч,european_wholesale_electricity_price_data_monthly.csv,
2025-03-01,Ember оптовая цена э/э,Sweden,40.86,EUR/МВт·ч,european_wholesale_electricity_price_data_monthly.csv,
2025-03-01,Ember оптовая цена э/э,Switzerland,116.92,EUR/МВт·ч,european_wholesale_electricity_price_data_monthly.csv,
2025-03-01,Ember оптовая цена э/э,United Kingdom,106.14,EUR/МВт·ч,european_wholesale_electricity_price_data_monthly.csv,
2025-04-01,Ember оптовая цена э/э,Austria,81.32,EUR/МВт·ч,european_wholesale_electricity_price_data_monthly.csv,
2025-04-01,Ember оптовая цена э/э,Belgium,73.36,EUR/МВт·ч,european_wholesale_electricity_price_data_monthly.csv,
2025-04-01,Ember оптовая цена э/э,Bulgaria,84.94,EUR/МВт·ч,european_wholesale_electricity_price_data_monthly.csv,
2025-04-01,Ember оптовая цена э/э,Croatia,84.78,EUR/МВт·ч,european_wholesale_electricity_price_data_monthly.csv,
2025-04-01,Ember оптовая цена э/э,Czechia,79.64,EUR/МВт·ч,european_wholesale_electricity_price_data_monthly.csv,
2025-04-01,Ember оптовая цена э/э,Denmark,75.38,EUR/МВт·ч,european_wholesale_electricity_price_data_monthly.csv,
2025-04-01,Ember оптовая цена э/э,Estonia,72.91,EUR/МВт·ч,european_wholesale_electricity_price_data_monthly.csv,
2025-04-01,Ember оптовая цена э/э,Finland,47.82,EUR/МВт·ч,european_wholesale_electricity_price_data_monthly.csv,
2025-04-01,Ember оптовая цена э/э,France,42.05,EUR/МВт·ч,european_wholesale_electricity_price_data_monthly.csv,
2025-04-01,Ember оптовая цена э/э,Germany,77.4,EUR/МВт·ч,european_wholesale_electricity_price_data_monthly.csv,
2025-04-01,Ember оптовая цена э/э,Greece,89.03,EUR/МВт·ч,european_wholesale_electricity_price_data_monthly.csv,
2025-04-01,Ember оптовая цена э/э,Hungary,85.46,EUR/МВт·ч,european_wholesale_electricity_price_data_monthly.csv,
2025-04-01,Ember оптовая цена э/э,Ireland,110.42,EUR/МВт·ч,european_wholesale_electricity_price_data_monthly.csv,
2025-04-01,Ember оптовая цена э/э,Italy,117.09,EUR/МВт·ч,european_wholesale_electricity_price_data_monthly.csv,
2025-04-01,Ember оптовая цена э/э,Latvia,77.02,EUR/МВт·ч,european_wholesale_electricity_price_data_monthly.csv,
2025-04-01,Ember оптовая цена э/э,Lithuania,74.23,EUR/МВт·ч,european_wholesale_electricity_price_data_monthly.csv,
2025-04-01,Ember оптовая цена э/э,Luxembourg,77.4,EUR/МВт·ч,european_wholesale_electricity_price_data_monthly.csv,
2025-04-01,Ember оптовая цена э/э,Montenegro,90.75,EUR/МВт·ч,european_wholesale_electricity_price_data_monthly.csv,
2025-04-01,Ember оптовая цена э/э,Netherlands,74.83,EUR/МВт·ч,european_wholesale_electricity_price_data_monthly.csv,
2025-04-01,Ember оптовая цена э/э,Norway,34.35,EUR/МВт·ч,european_wholesale_electricity_price_data_monthly.csv,
2025-04-01,Ember оптовая цена э/э,Poland,85.96,EUR/МВт·ч,european_wholesale_electricity_price_data_monthly.csv,
2025-04-01,Ember оптовая цена э/э,Portugal,25.75,EUR/МВт·ч,european_wholesale_electricity_price_data_monthly.csv,
2025-04-01,Ember оптовая цена э/э,Romania,86.43,EUR/МВт·ч,european_wholesale_electricity_price_data_monthly.csv,
2025-04-01,Ember оптовая цена э/э,Serbia,110.83,EUR/МВт·ч,european_wholesale_electricity_price_data_monthly.csv,
2025-04-01,Ember оптовая цена э/э,Slovakia,84.36,EUR/МВт·ч,european_wholesale_electricity_price_data_monthly.csv,
2025-04-01,Ember оптовая цена э/э,Slovenia,83.95,EUR/МВт·ч,european_wholesale_electricity_price_data_monthly.csv,
2025-04-01,Ember оптовая цена э/э,Spain,26.65,EUR/МВт·ч,european_wholesale_electricity_price_data_monthly.csv,
2025-04-01,Ember оптовая цена э/э,Sweden,33.0,EUR/МВт·ч,european_wholesale_electricity_price_data_monthly.csv,
2025-04-01,Ember оптовая цена э/э,Switzerland,84.73,EUR/МВт·ч,european_wholesale_electricity_price_data_monthly.csv,
2025-04-01,Ember оптовая цена э/э,United Kingdom,91.73,EUR/МВт·ч,european_wholesale_electricity_price_data_monthly.csv,
2025-05-01,Ember оптовая цена э/э,Austria,71.02,EUR/МВт·ч,european_wholesale_electricity_price_data_monthly.csv,
2025-05-01,Ember оптовая цена э/э,Belgium,61.08,EUR/МВт·ч,european_wholesale_electricity_price_data_monthly.csv,
2025-05-01,Ember оптовая цена э/э,Bulgaria,85.35,EUR/МВт·ч,european_wholesale_electricity_price_data_monthly.csv,
2025-05-01,Ember оптовая цена э/э,Croatia,83.86,EUR/МВт·ч,european_wholesale_electricity_price_data_monthly.csv,
2025-05-01,Ember оптовая цена э/э,Czechia,73.12,EUR/МВт·ч,european_wholesale_electricity_price_data_monthly.csv,
2025-05-01,Ember оптовая цена э/э,Denmark,64.12,EUR/МВт·ч,european_wholesale_electricity_price_data_monthly.csv,
2025-05-01,Ember оптовая цена э/э,Estonia,67.57,EUR/МВт·ч,european_wholesale_electricity_price_data_monthly.csv,
2025-05-01,Ember оптовая цена э/э,Finland,17.97,EUR/МВт·ч,european_wholesale_electricity_price_data_monthly.csv,
2025-05-01,Ember оптовая цена э/э,France,19.44,EUR/МВт·ч,european_wholesale_electricity_price_data_monthly.csv,
2025-05-01,Ember оптовая цена э/э,Germany,66.74,EUR/МВт·ч,european_wholesale_electricity_price_data_monthly.csv,
2025-05-01,Ember оптовая цена э/э,Greece,81.94,EUR/МВт·ч,european_wholesale_electricity_price_data_monthly.csv,
2025-05-01,Ember оптовая цена э/э,Hungary,80.88,EUR/МВт·ч,european_wholesale_electricity_price_data_monthly.csv,
2025-05-01,Ember оптовая цена э/э,Ireland,112.12,EUR/МВт·ч,european_wholesale_electricity_price_data_monthly.csv,
2025-05-01,Ember оптовая цена э/э,Italy,114.36,EUR/МВт·ч,european_wholesale_electricity_price_data_monthly.csv,
2025-05-01,Ember оптовая цена э/э,Latvia,67.83,EUR/МВт·ч,european_wholesale_electricity_price_data_monthly.csv,
2025-05-01,Ember оптовая цена э/э,Lithuania,67.58,EUR/МВт·ч,european_wholesale_electricity_price_data_monthly.csv,
2025-05-01,Ember оптовая цена э/э,Luxembourg,66.74,EUR/МВт·ч,european_wholesale_electricity_price_data_monthly.csv,
2025-05-01,Ember оптовая цена э/э,Montenegro,89.1,EUR/МВт·ч,european_wholesale_electricity_price_data_monthly.csv,
2025-05-01,Ember оптовая цена э/э,Netherlands,64.21,EUR/МВт·ч,european_wholesale_electricity_price_data_monthly.csv,
2025-05-01,Ember оптовая цена э/э,Norway,41.06,EUR/МВт·ч,european_wholesale_electricity_price_data_monthly.csv,
2025-05-01,Ember оптовая цена э/э,Poland,94.04,EUR/МВт·ч,european_wholesale_electricity_price_data_monthly.csv,
2025-05-01,Ember оптовая цена э/э,Portugal,25.85,EUR/МВт·ч,european_wholesale_electricity_price_data_monthly.csv,
2025-05-01,Ember оптовая цена э/э,Romania,85.88,EUR/МВт·ч,european_wholesale_electricity_price_data_monthly.csv,
2025-05-01,Ember оптовая цена э/э,Serbia,112.07,EUR/МВт·ч,european_wholesale_electricity_price_data_monthly.csv,
2025-05-01,Ember оптовая цена э/э,Slovakia,77.18,EUR/МВт·ч,european_wholesale_electricity_price_data_monthly.csv,
2025-05-01,Ember оптовая цена э/э,Slovenia,84.59,EUR/МВт·ч,european_wholesale_electricity_price_data_monthly.csv,
2025-05-01,Ember оптовая цена э/э,Spain,16.99,EUR/МВт·ч,european_wholesale_electricity_price_data_monthly.csv,
2025-05-01,Ember оптовая цена э/э,Sweden,36.68,EUR/МВт·ч,european_wholesale_electricity_price_data_monthly.csv,
2025-05-01,Ember оптовая цена э/э,Switzerland,70.27,EUR/МВт·ч,european_wholesale_electricity_price_data_monthly.csv,
2025-05-01,Ember оптовая цена э/э,United Kingdom,82.11,EUR/МВт·ч,european_wholesale_electricity_price_data_monthly.csv,
2025-06-01,Ember оптовая цена э/э,Austria,66.67,EUR/МВт·ч,european_wholesale_electricity_price_data_monthly.csv,
2025-06-01,Ember оптовая цена э/э,Belgium,65.36,EUR/МВт·ч,european_wholesale_electricity_price_data_monthly.csv,
2025-06-01,Ember оптовая цена э/э,Bulgaria,85.31,EUR/МВт·ч,european_wholesale_electricity_price_data_monthly.csv,
2025-06-01,Ember оптовая цена э/э,Croatia,86.05,EUR/МВт·ч,european_wholesale_electricity_price_data_monthly.csv,
2025-06-01,Ember оптовая цена э/э,Czechia,77.1,EUR/МВт·ч,european_wholesale_electricity_price_data_monthly.csv,
2025-06-01,Ember оптовая цена э/э,Denmark,58.17,EUR/МВт·ч,european_wholesale_electricity_price_data_monthly.csv,
2025-06-01,Ember оптовая цена э/э,Estonia,41.2,EUR/МВт·ч,european_wholesale_electricity_price_data_monthly.csv,
2025-06-01,Ember оптовая цена э/э,Finland,18.58,EUR/МВт·ч,european_wholesale_electricity_price_data_monthly.csv,
2025-06-01,Ember оптовая цена э/э,France,40.9,EUR/МВт·ч,european_wholesale_electricity_price_data_monthly.csv,
2025-06-01,Ember оптовая цена э/э,Germany,64.14,EUR/МВт·ч,european_wholesale_electricity_price_data_monthly.csv,
2025-06-01,Ember оптовая цена э/э,Greece,85.46,EUR/МВт·ч,european_wholesale_electricity_price_data_monthly.csv,
2025-06-01,Ember оптовая цена э/э,Hungary,84.13,EUR/МВт·ч,european_wholesale_electricity_price_data_monthly.csv,
2025-06-01,Ember оптовая цена э/э,Ireland,93.83,EUR/МВт·ч,european_wholesale_electricity_price_data_monthly.csv,
2025-06-01,Ember оптовая цена э/э,Italy,123.04,EUR/МВт·ч,european_wholesale_electricity_price_data_monthly.csv,
2025-06-01,Ember оптовая цена э/э,Latvia,42.96,EUR/МВт·ч,european_wholesale_electricity_price_data_monthly.csv,
2025-06-01,Ember оптовая цена э/э,Lithuania,42.96,EUR/МВт·ч,european_wholesale_electricity_price_data_monthly.csv,
2025-06-01,Ember оптовая цена э/э,Luxembourg,64.14,EUR/МВт·ч,european_wholesale_electricity_price_data_monthly.csv,
2025-06-01,Ember оптовая цена э/э,Montenegro,102.82,EUR/МВт·ч,european_wholesale_electricity_price_data_monthly.csv,
2025-06-01,Ember оптовая цена э/э,Netherlands,67.7,EUR/МВт·ч,european_wholesale_electricity_price_data_monthly.csv,
2025-06-01,Ember оптовая цена э/э,North Macedonia,90.55,EUR/МВт·ч,european_wholesale_electricity_price_data_monthly.csv,
2025-06-01,Ember оптовая цена э/э,Norway,38.95,EUR/МВт·ч,european_wholesale_electricity_price_data_monthly.csv,
2025-06-01,Ember оптовая цена э/э,Poland,81.52,EUR/МВт·ч,european_wholesale_electricity_price_data_monthly.csv,
2025-06-01,Ember оптовая цена э/э,Portugal,74.38,EUR/МВт·ч,european_wholesale_electricity_price_data_monthly.csv,
2025-06-01,Ember оптовая цена э/э,Romania,86.17,EUR/МВт·ч,european_wholesale_electricity_price_data_monthly.csv,
2025-06-01,Ember оптовая цена э/э,Serbia,110.43,EUR/МВт·ч,european_wholesale_electricity_price_data_monthly.csv,
2025-06-01,Ember оптовая цена э/э,Slovakia,78.98,EUR/МВт·ч,european_wholesale_electricity_price_data_monthly.csv,
2025-06-01,Ember оптовая цена э/э,Slovenia,87.57,EUR/МВт·ч,european_wholesale_electricity_price_data_monthly.csv,
2025-06-01,Ember оптовая цена э/э,Spain,72.81,EUR/МВт·ч,european_wholesale_electricity_price_data_monthly.csv,
2025-06-01,Ember оптовая цена э/э,Sweden,19.83,EUR/МВт·ч,european_wholesale_electricity_price_data_monthly.csv,
2025-06-01,Ember оптовая цена э/э,Switzerland,63.17,EUR/МВт·ч,european_wholesale_electricity_price_data_monthly.csv,
2025-06-01,Ember оптовая цена э/э,United Kingdom,79.04,EUR/МВт·ч,european_wholesale_electricity_price_data_monthly.csv,
2025-07-01,Ember оптовая цена э/э,Austria,87.98,EUR/МВт·ч,european_wholesale_electricity_price_data_monthly.csv,
2025-07-01,Ember оптовая цена э/э,Belgium,83.06,EUR/МВт·ч,european_wholesale_electricity_price_data_monthly.csv,
2025-07-01,Ember оптовая цена э/э,Bulgaria,101.12,EUR/МВт·ч,european_wholesale_electricity_price_data_monthly.csv,
2025-07-01,Ember оптовая цена э/э,Croatia,103.03,EUR/МВт·ч,european_wholesale_electricity_price_data_monthly.csv,
2025-07-01,Ember оптовая цена э/э,Czechia,91.88,EUR/МВт·ч,european_wholesale_electricity_price_data_monthly.csv,
2025-07-01,Ember оптовая цена э/э,Denmark,81.66,EUR/МВт·ч,european_wholesale_electricity_price_data_monthly.csv,
2025-07-01,Ember оптовая цена э/э,Estonia,36.98,EUR/МВт·ч,european_wholesale_electricity_price_data_monthly.csv,
2025-07-01,Ember оптовая цена э/э,Finland,24.18,EUR/МВт·ч,european_wholesale_electricity_price_data_monthly.csv,
2025-07-01,Ember оптовая цена э/э,France,57.96,EUR/МВт·ч,european_wholesale_electricity_price_data_monthly.csv,
2025-07-01,Ember оптовая цена э/э,Germany,87.55,EUR/МВт·ч,european_wholesale_electricity_price_data_monthly.csv,
2025-07-01,Ember оптовая цена э/э,Greece,100.56,EUR/МВт·ч,european_wholesale_electricity_price_data_monthly.csv,
2025-07-01,Ember оптовая цена э/э,Hungary,102.55,EUR/МВт·ч,european_wholesale_electricity_price_data_monthly.csv,
2025-07-01,Ember оптовая цена э/э,Ireland,99.94,EUR/МВт·ч,european_wholesale_electricity_price_data_monthly.csv,
2025-07-01,Ember оптовая цена э/э,Italy,123.69,EUR/МВт·ч,european_wholesale_electricity_price_data_monthly.csv,
2025-07-01,Ember оптовая цена э/э,Latvia,46.24,EUR/МВт·ч,european_wholesale_electricity_price_data_monthly.csv,
2025-07-01,Ember оптовая цена э/э,Lithuania,46.41,EUR/МВт·ч,european_wholesale_electricity_price_data_monthly.csv,
2025-07-01,Ember оптовая цена э/э,Luxembourg,87.55,EUR/МВт·ч,european_wholesale_electricity_price_data_monthly.csv,
2025-07-01,Ember оптовая цена э/э,Montenegro,119.42,EUR/МВт·ч,european_wholesale_electricity_price_data_monthly.csv,
2025-07-01,Ember оптовая цена э/э,Netherlands,87.53,EUR/МВт·ч,european_wholesale_electricity_price_data_monthly.csv,
2025-07-01,Ember оптовая цена э/э,Norway,38.41,EUR/МВт·ч,european_wholesale_electricity_price_data_monthly.csv,
2025-07-01,Ember оптовая цена э/э,Poland,102.43,EUR/МВт·ч,european_wholesale_electricity_price_data_monthly.csv,
2025-07-01,Ember оптовая цена э/э,Portugal,70.03,EUR/МВт·ч,european_wholesale_electricity_price_data_monthly.csv,
2025-07-01,Ember оптовая цена э/э,Romania,103.49,EUR/МВт·ч,european_wholesale_electricity_price_data_monthly.csv,
2025-07-01,Ember оптовая цена э/э,Serbia,118.58,EUR/МВт·ч,european_wholesale_electricity_price_data_monthly.csv,
2025-07-01,Ember оптовая цена э/э,Slovakia,98.08,EUR/МВт·ч,european_wholesale_electricity_price_data_monthly.csv,
2025-07-01,Ember оптовая цена э/э,Slovenia,103.67,EUR/МВт·ч,european_wholesale_electricity_price_data_monthly.csv,
2025-07-01,Ember оптовая цена э/э,Spain,69.94,EUR/МВт·ч,european_wholesale_electricity_price_data_monthly.csv,
2025-07-01,Ember оптовая цена э/э,Sweden,30.23,EUR/МВт·ч,european_wholesale_electricity_price_data_monthly.csv,
2025-07-01,Ember оптовая цена э/э,Switzerland,91.12,EUR/МВт·ч,european_wholesale_electricity_price_data_monthly.csv,
2025-07-01,Ember оптовая цена э/э,United Kingdom,91.63,EUR/МВт·ч,european_wholesale_electricity_price_data_monthly.csv,
2025-08-01,Ember оптовая цена э/э,Austria,74.74,EUR/МВт·ч,european_wholesale_electricity_price_data_monthly.csv,
2025-08-01,Ember оптовая цена э/э,Belgium,68.89,EUR/МВт·ч,european_wholesale_electricity_price_data_monthly.csv,
2025-08-01,Ember оптовая цена э/э,Bulgaria,75.79,EUR/МВт·ч,european_wholesale_electricity_price_data_monthly.csv,
2025-08-01,Ember оптовая цена э/э,Croatia,78.62,EUR/МВт·ч,european_wholesale_electricity_price_data_monthly.csv,
2025-08-01,Ember оптовая цена э/э,Czechia,77.0,EUR/МВт·ч,european_wholesale_electricity_price_data_monthly.csv,
2025-08-01,Ember оптовая цена э/э,Denmark,74.1,EUR/МВт·ч,european_wholesale_electricity_price_data_monthly.csv,
2025-08-01,Ember оптовая цена э/э,Estonia,77.29,EUR/МВт·ч,european_wholesale_electricity_price_data_monthly.csv,
2025-08-01,Ember оптовая цена э/э,Finland,55.57,EUR/МВт·ч,european_wholesale_electricity_price_data_monthly.csv,
2025-08-01,Ember оптовая цена э/э,France,54.25,EUR/МВт·ч,european_wholesale_electricity_price_data_monthly.csv,
2025-08-01,Ember оптовая цена э/э,Germany,77.8,EUR/МВт·ч,european_wholesale_electricity_price_data_monthly.csv,
2025-08-01,Ember оптовая цена э/э,Greece,73.11,EUR/МВт·ч,european_wholesale_electricity_price_data_monthly.csv,
2025-08-01,Ember оптовая цена э/э,Hungary,80.47,EUR/МВт·ч,european_wholesale_electricity_price_data_monthly.csv,
2025-08-01,Ember оптовая цена э/э,Ireland,99.28,EUR/МВт·ч,european_wholesale_electricity_price_data_monthly.csv,
2025-08-01,Ember оптовая цена э/э,Italy,121.54,EUR/МВт·ч,european_wholesale_electricity_price_data_monthly.csv,
2025-08-01,Ember оптовая цена э/э,Latvia,80.23,EUR/МВт·ч,european_wholesale_electricity_price_data_monthly.csv,
2025-08-01,Ember оптовая цена э/э,Lithuania,80.04,EUR/МВт·ч,european_wholesale_electricity_price_data_monthly.csv,
2025-08-01,Ember оптовая цена э/э,Luxembourg,77.8,EUR/МВт·ч,european_wholesale_electricity_price_data_monthly.csv,
2025-08-01,Ember оптовая цена э/э,Montenegro,108.44,EUR/МВт·ч,european_wholesale_electricity_price_data_monthly.csv,
2025-08-01,Ember оптовая цена э/э,Netherlands,74.52,EUR/МВт·ч,european_wholesale_electricity_price_data_monthly.csv,
2025-08-01,Ember оптовая цена э/э,Norway,41.68,EUR/МВт·ч,european_wholesale_electricity_price_data_monthly.csv,
2025-08-01,Ember оптовая цена э/э,Poland,89.54,EUR/МВт·ч,european_wholesale_electricity_price_data_monthly.csv,
2025-08-01,Ember оптовая цена э/э,Portugal,68.49,EUR/МВт·ч,european_wholesale_electricity_price_data_monthly.csv,
2025-08-01,Ember оптовая цена э/э,Romania,78.26,EUR/МВт·ч,european_wholesale_electricity_price_data_monthly.csv,
2025-08-01,Ember оптовая цена э/э,Serbia,108.06,EUR/МВт·ч,european_wholesale_electricity_price_data_monthly.csv,
2025-08-01,Ember оптовая цена э/э,Slovakia,79.09,EUR/МВт·ч,european_wholesale_electricity_price_data_monthly.csv,
2025-08-01,Ember оптовая цена э/э,Slovenia,78.39,EUR/МВт·ч,european_wholesale_electricity_price_data_monthly.csv,
2025-08-01,Ember оптовая цена э/э,Spain,68.25,EUR/МВт·ч,european_wholesale_electricity_price_data_monthly.csv,
2025-08-01,Ember оптовая цена э/э,Sweden,42.34,EUR/МВт·ч,european_wholesale_electricity_price_data_monthly.csv,
2025-08-01,Ember оптовая цена э/э,Switzerland,79.0,EUR/МВт·ч,european_wholesale_electricity_price_data_monthly.csv,
2025-08-01,Ember оптовая цена э/э,United Kingdom,82.52,EUR/МВт·ч,european_wholesale_electricity_price_data_monthly.csv,
2025-09-01,Ember оптовая цена э/э,Austria,92.59,EUR/МВт·ч,european_wholesale_electricity_price_data_monthly.csv,
2025-09-01,Ember оптовая цена э/э,Belgium,74.95,EUR/МВт·ч,european_wholesale_electricity_price_data_monthly.csv,
2025-09-01,Ember оптовая цена э/э,Bulgaria,95.53,EUR/МВт·ч,european_wholesale_electricity_price_data_monthly.csv,
2025-09-01,Ember оптовая цена э/э,Croatia,97.27,EUR/МВт·ч,european_wholesale_electricity_price_data_monthly.csv,
2025-09-01,Ember оптовая цена э/э,Czechia,88.89,EUR/МВт·ч,european_wholesale_electricity_price_data_monthly.csv,
2025-09-01,Ember оптовая цена э/э,Denmark,83.93,EUR/МВт·ч,european_wholesale_electricity_price_data_monthly.csv,
2025-09-01,Ember оптовая цена э/э,Estonia,84.37,EUR/МВт·ч,european_wholesale_electricity_price_data_monthly.csv,
2025-09-01,Ember оптовая цена э/э,Finland,37.87,EUR/МВт·ч,european_wholesale_electricity_price_data_monthly.csv,
2025-09-01,Ember оптовая цена э/э,France,57.24,EUR/МВт·ч,european_wholesale_electricity_price_data_monthly.csv,
2025-09-01,Ember оптовая цена э/э,Germany,84.28,EUR/МВт·ч,european_wholesale_electricity_price_data_monthly.csv,
2025-09-01,Ember оптовая цена э/э,Greece,95.04,EUR/МВт·ч,european_wholesale_electricity_price_data_monthly.csv,
2025-09-01,Ember оптовая цена э/э,Hungary,99.44,EUR/МВт·ч,european_wholesale_electricity_price_data_monthly.csv,
2025-09-01,Ember оптовая цена э/э,Ireland,91.78,EUR/МВт·ч,european_wholesale_electricity_price_data_monthly.csv,
2025-09-01,Ember оптовая цена э/э,Italy,109.1,EUR/МВт·ч,european_wholesale_electricity_price_data_monthly.csv,
2025-09-01,Ember оптовая цена э/э,Latvia,85.94,EUR/МВт·ч,european_wholesale_electricity_price_data_monthly.csv,
2025-09-01,Ember оптовая цена э/э,Lithuania,85.86,EUR/МВт·ч,european_wholesale_electricity_price_data_monthly.csv,
2025-09-01,Ember оптовая цена э/э,Luxembourg,84.28,EUR/МВт·ч,european_wholesale_electricity_price_data_monthly.csv,
2025-09-01,Ember оптовая цена э/э,Montenegro,112.83,EUR/МВт·ч,european_wholesale_electricity_price_data_monthly.csv,
2025-09-01,Ember оптовая цена э/э,Netherlands,83.75,EUR/МВт·ч,european_wholesale_electricity_price_data_monthly.csv,
2025-09-01,Ember оптовая цена э/э,Norway,38.07,EUR/МВт·ч,european_wholesale_electricity_price_data_monthly.csv,
2025-09-01,Ember оптовая цена э/э,Poland,100.62,EUR/МВт·ч,european_wholesale_electricity_price_data_monthly.csv,
2025-09-01,Ember оптовая цена э/э,Portugal,82.4,EUR/МВт·ч,european_wholesale_electricity_price_data_monthly.csv,
2025-09-01,Ember оптовая цена э/э,Romania,97.18,EUR/МВт·ч,european_wholesale_electricity_price_data_monthly.csv,
2025-09-01,Ember оптовая цена э/э,Serbia,98.03,EUR/МВт·ч,european_wholesale_electricity_price_data_monthly.csv,
2025-09-01,Ember оптовая цена э/э,Slovakia,91.52,EUR/МВт·ч,european_wholesale_electricity_price_data_monthly.csv,
2025-09-01,Ember оптовая цена э/э,Slovenia,97.18,EUR/МВт·ч,european_wholesale_electricity_price_data_monthly.csv,
2025-09-01,Ember оптовая цена э/э,Spain,79.69,EUR/МВт·ч,european_wholesale_electricity_price_data_monthly.csv,
2025-09-01,Ember оптовая цена э/э,Sweden,42.1,EUR/МВт·ч,european_wholesale_electricity_price_data_monthly.csv,
2025-09-01,Ember оптовая цена э/э,Switzerland,96.33,EUR/МВт·ч,european_wholesale_electricity_price_data_monthly.csv,
2025-09-01,Ember оптовая цена э/э,United Kingdom,76.92,EUR/МВт·ч,european_wholesale_electricity_price_data_monthly.csv,
2025-10-01,Ember оптовая цена э/э,Austria,108.23,EUR/МВт·ч,european_wholesale_electricity_price_data_monthly.csv,
2025-10-01,Ember оптовая цена э/э,Belgium,74.99,EUR/МВт·ч,european_wholesale_electricity_price_data_monthly.csv,
2025-10-01,Ember оптовая цена э/э,Bulgaria,121.8,EUR/МВт·ч,european_wholesale_electricity_price_data_monthly.csv,
2025-10-01,Ember оптовая цена э/э,Croatia,113.15,EUR/МВт·ч,european_wholesale_electricity_price_data_monthly.csv,
2025-10-01,Ember оптовая цена э/э,Czechia,95.65,EUR/МВт·ч,european_wholesale_electricity_price_data_monthly.csv,
2025-10-01,Ember оптовая цена э/э,Denmark,79.62,EUR/МВт·ч,european_wholesale_electricity_price_data_monthly.csv,
2025-10-01,Ember оптовая цена э/э,Estonia,89.75,EUR/МВт·ч,european_wholesale_electricity_price_data_monthly.csv,
2025-10-01,Ember оптовая цена э/э,Finland,48.98,EUR/МВт·ч,european_wholesale_electricity_price_data_monthly.csv,
2025-10-01,Ember оптовая цена э/э,France,57.36,EUR/МВт·ч,european_wholesale_electricity_price_data_monthly.csv,
2025-10-01,Ember оптовая цена э/э,Germany,84.49,EUR/МВт·ч,european_wholesale_electricity_price_data_monthly.csv,
2025-10-01,Ember оптовая цена э/э,Greece,112.31,EUR/МВт·ч,european_wholesale_electricity_price_data_monthly.csv,
2025-10-01,Ember оптовая цена э/э,Hungary,122.1,EUR/МВт·ч,european_wholesale_electricity_price_data_monthly.csv,
2025-10-01,Ember оптовая цена э/э,Ireland,101.42,EUR/МВт·ч,european_wholesale_electricity_price_data_monthly.csv,
2025-10-01,Ember оптовая цена э/э,Italy,111.42,EUR/МВт·ч,european_wholesale_electricity_price_data_monthly.csv,
2025-10-01,Ember оптовая цена э/э,Latvia,105.08,EUR/МВт·ч,european_wholesale_electricity_price_data_monthly.csv,
2025-10-01,Ember оптовая цена э/э,Lithuania,105.08,EUR/МВт·ч,european_wholesale_electricity_price_data_monthly.csv,
2025-10-01,Ember оптовая цена э/э,Luxembourg,84.49,EUR/МВт·ч,european_wholesale_electricity_price_data_monthly.csv,
2025-10-01,Ember оптовая цена э/э,Netherlands,82.29,EUR/МВт·ч,european_wholesale_electricity_price_data_monthly.csv,
2025-10-01,Ember оптовая цена э/э,Norway,40.3,EUR/МВт·ч,european_wholesale_electricity_price_data_monthly.csv,
2025-10-01,Ember оптовая цена э/э,Poland,104.95,EUR/МВт·ч,european_wholesale_electricity_price_data_monthly.csv,
2025-10-01,Ember оптовая цена э/э,Portugal,76.35,EUR/МВт·ч,european_wholesale_electricity_price_data_monthly.csv,
2025-10-01,Ember оптовая цена э/э,Romania,121.97,EUR/МВт·ч,european_wholesale_electricity_price_data_monthly.csv,
2025-10-01,Ember оптовая цена э/э,Serbia,123.68,EUR/МВт·ч,european_wholesale_electricity_price_data_monthly.csv,
2025-10-01,Ember оптовая цена э/э,Slovakia,95.86,EUR/МВт·ч,european_wholesale_electricity_price_data_monthly.csv,
2025-10-01,Ember оптовая цена э/э,Slovenia,110.4,EUR/МВт·ч,european_wholesale_electricity_price_data_monthly.csv,
2025-10-01,Ember оптовая цена э/э,Spain,75.63,EUR/МВт·ч,european_wholesale_electricity_price_data_monthly.csv,
2025-10-01,Ember оптовая цена э/э,Sweden,49.96,EUR/МВт·ч,european_wholesale_electricity_price_data_monthly.csv,
2025-10-01,Ember оптовая цена э/э,United Kingdom,78.28,EUR/МВт·ч,european_wholesale_electricity_price_data_monthly.csv,
2025-11-01,Ember оптовая цена э/э,Austria,116.56,EUR/МВт·ч,european_wholesale_electricity_price_data_monthly.csv,
2025-11-01,Ember оптовая цена э/э,Belgium,86.26,EUR/МВт·ч,european_wholesale_electricity_price_data_monthly.csv,
2025-11-01,Ember оптовая цена э/э,Bulgaria,121.51,EUR/МВт·ч,european_wholesale_electricity_price_data_monthly.csv,
2025-11-01,Ember оптовая цена э/э,Croatia,118.26,EUR/МВт·ч,european_wholesale_electricity_price_data_monthly.csv,
2025-11-01,Ember оптовая цена э/э,Czechia,111.53,EUR/МВт·ч,european_wholesale_electricity_price_data_monthly.csv,
2025-11-01,Ember оптовая цена э/э,Denmark,93.17,EUR/МВт·ч,european_wholesale_electricity_price_data_monthly.csv,
2025-11-01,Ember оптовая цена э/э,Estonia,95.63,EUR/МВт·ч,european_wholesale_electricity_price_data_monthly.csv,
2025-11-01,Ember оптовая цена э/э,Finland,47.9,EUR/МВт·ч,european_wholesale_electricity_price_data_monthly.csv,
2025-11-01,Ember оптовая цена э/э,France,59.21,EUR/МВт·ч,european_wholesale_electricity_price_data_monthly.csv,
2025-11-01,Ember оптовая цена э/э,Germany,102.99,EUR/МВт·ч,european_wholesale_electricity_price_data_monthly.csv,
2025-11-01,Ember оптовая цена э/э,Greece,106.43,EUR/МВт·ч,european_wholesale_electricity_price_data_monthly.csv,
2025-11-01,Ember оптовая цена э/э,Hungary,124.33,EUR/МВт·ч,european_wholesale_electricity_price_data_monthly.csv,
2025-11-01,Ember оптовая цена э/э,Ireland,120.72,EUR/МВт·ч,european_wholesale_electricity_price_data_monthly.csv,
2025-11-01,Ember оптовая цена э/э,Italy,117.03,EUR/МВт·ч,european_wholesale_electricity_price_data_monthly.csv,
2025-11-01,Ember оптовая цена э/э,Latvia,110.84,EUR/МВт·ч,european_wholesale_electricity_price_data_monthly.csv,
2025-11-01,Ember оптовая цена э/э,Lithuania,110.89,EUR/МВт·ч,european_wholesale_electricity_price_data_monthly.csv,
2025-11-01,Ember оптовая цена э/э,Luxembourg,102.99,EUR/МВт·ч,european_wholesale_electricity_price_data_monthly.csv,
2025-11-01,Ember оптовая цена э/э,Netherlands,93.78,EUR/МВт·ч,european_wholesale_electricity_price_data_monthly.csv,
2025-11-01,Ember оптовая цена э/э,Norway,64.73,EUR/МВт·ч,european_wholesale_electricity_price_data_monthly.csv,
2025-11-01,Ember оптовая цена э/э,Poland,124.05,EUR/МВт·ч,european_wholesale_electricity_price_data_monthly.csv,
2025-11-01,Ember оптовая цена э/э,Portugal,59.14,EUR/МВт·ч,european_wholesale_electricity_price_data_monthly.csv,
2025-11-01,Ember оптовая цена э/э,Romania,121.46,EUR/МВт·ч,european_wholesale_electricity_price_data_monthly.csv,
2025-11-01,Ember оптовая цена э/э,Serbia,119.15,EUR/МВт·ч,european_wholesale_electricity_price_data_monthly.csv,
2025-11-01,Ember оптовая цена э/э,Slovakia,119.82,EUR/МВт·ч,european_wholesale_electricity_price_data_monthly.csv,
2025-11-01,Ember оптовая цена э/э,Slovenia,116.92,EUR/МВт·ч,european_wholesale_electricity_price_data_monthly.csv,
2025-11-01,Ember оптовая цена э/э,Spain,58.71,EUR/МВт·ч,european_wholesale_electricity_price_data_monthly.csv,
2025-11-01,Ember оптовая цена э/э,Sweden,58.84,EUR/МВт·ч,european_wholesale_electricity_price_data_monthly.csv,
2025-11-01,Ember оптовая цена э/э,United Kingdom,88.28,EUR/МВт·ч,european_wholesale_electricity_price_data_monthly.csv,
2025-12-01,Ember оптовая цена э/э,Austria,114.2,EUR/МВт·ч,european_wholesale_electricity_price_data_monthly.csv,
2025-12-01,Ember оптовая цена э/э,Belgium,85.34,EUR/МВт·ч,european_wholesale_electricity_price_data_monthly.csv,
2025-12-01,Ember оптовая цена э/э,Bulgaria,117.25,EUR/МВт·ч,european_wholesale_electricity_price_data_monthly.csv,
2025-12-01,Ember оптовая цена э/э,Croatia,113.09,EUR/МВт·ч,european_wholesale_electricity_price_data_monthly.csv,
2025-12-01,Ember оптовая цена э/э,Czechia,107.04,EUR/МВт·ч,european_wholesale_electricity_price_data_monthly.csv,
2025-12-01,Ember оптовая цена э/э,Denmark,82.3,EUR/МВт·ч,european_wholesale_electricity_price_data_monthly.csv,
2025-12-01,Ember оптовая цена э/э,Estonia,73.73,EUR/МВт·ч,european_wholesale_electricity_price_data_monthly.csv,
2025-12-01,Ember оптовая цена э/э,Finland,36.14,EUR/МВт·ч,european_wholesale_electricity_price_data_monthly.csv,
2025-12-01,Ember оптовая цена э/э,France,68.67,EUR/МВт·ч,european_wholesale_electricity_price_data_monthly.csv,
2025-12-01,Ember оптовая цена э/э,Germany,93.67,EUR/МВт·ч,european_wholesale_electricity_price_data_monthly.csv,
2025-12-01,Ember оптовая цена э/э,Greece,110.03,EUR/МВт·ч,european_wholesale_electricity_price_data_monthly.csv,
2025-12-01,Ember оптовая цена э/э,Hungary,115.87,EUR/МВт·ч,european_wholesale_electricity_price_data_monthly.csv,
2025-12-01,Ember оптовая цена э/э,Ireland,108.31,EUR/МВт·ч,european_wholesale_electricity_price_data_monthly.csv,
2025-12-01,Ember оптовая цена э/э,Italy,115.48,EUR/МВт·ч,european_wholesale_electricity_price_data_monthly.csv,
2025-12-01,Ember оптовая цена э/э,Latvia,83.94,EUR/МВт·ч,european_wholesale_electricity_price_data_monthly.csv,
2025-12-01,Ember оптовая цена э/э,Lithuania,85.44,EUR/МВт·ч,european_wholesale_electricity_price_data_monthly.csv,
2025-12-01,Ember оптовая цена э/э,Luxembourg,93.67,EUR/МВт·ч,european_wholesale_electricity_price_data_monthly.csv,
2025-12-01,Ember оптовая цена э/э,Netherlands,87.67,EUR/МВт·ч,european_wholesale_electricity_price_data_monthly.csv,
2025-12-01,Ember оптовая цена э/э,Norway,58.86,EUR/МВт·ч,european_wholesale_electricity_price_data_monthly.csv,
2025-12-01,Ember оптовая цена э/э,Poland,116.52,EUR/МВт·ч,european_wholesale_electricity_price_data_monthly.csv,
2025-12-01,Ember оптовая цена э/э,Portugal,77.93,EUR/МВт·ч,european_wholesale_electricity_price_data_monthly.csv,
2025-12-01,Ember оптовая цена э/э,Romania,117.64,EUR/МВт·ч,european_wholesale_electricity_price_data_monthly.csv,
2025-12-01,Ember оптовая цена э/э,Serbia,116.51,EUR/МВт·ч,european_wholesale_electricity_price_data_monthly.csv,
2025-12-01,Ember оптовая цена э/э,Slovakia,110.28,EUR/МВт·ч,european_wholesale_electricity_price_data_monthly.csv,
2025-12-01,Ember оптовая цена э/э,Slovenia,112.01,EUR/МВт·ч,european_wholesale_electricity_price_data_monthly.csv,
2025-12-01,Ember оптовая цена э/э,Spain,77.93,EUR/МВт·ч,european_wholesale_electricity_price_data_monthly.csv,
2025-12-01,Ember оптовая цена э/э,Sweden,45.81,EUR/МВт·ч,european_wholesale_electricity_price_data_monthly.csv,
2025-12-01,Ember оптовая цена э/э,United Kingdom,86.19,EUR/МВт·ч,european_wholesale_electricity_price_data_monthly.csv,
2026-01-01,Ember оптовая цена э/э,Austria,141.16,EUR/МВт·ч,european_wholesale_electricity_price_data_monthly.csv,
2026-01-01,Ember оптовая цена э/э,Belgium,107.98,EUR/МВт·ч,european_wholesale_electricity_price_data_monthly.csv,
2026-01-01,Ember оптовая цена э/э,Bulgaria,147.92,EUR/МВт·ч,european_wholesale_electricity_price_data_monthly.csv,
2026-01-01,Ember оптовая цена э/э,Croatia,142.83,EUR/МВт·ч,european_wholesale_electricity_price_data_monthly.csv,
2026-01-01,Ember оптовая цена э/э,Czechia,130.49,EUR/МВт·ч,european_wholesale_electricity_price_data_monthly.csv,
2026-01-01,Ember оптовая цена э/э,Denmark,107.07,EUR/МВт·ч,european_wholesale_electricity_price_data_monthly.csv,
2026-01-01,Ember оптовая цена э/э,Estonia,154.35,EUR/МВт·ч,european_wholesale_electricity_price_data_monthly.csv,
2026-01-01,Ember оптовая цена э/э,Finland,117.35,EUR/МВт·ч,european_wholesale_electricity_price_data_monthly.csv,
2026-01-01,Ember оптовая цена э/э,France,101.29,EUR/МВт·ч,european_wholesale_electricity_price_data_monthly.csv,
2026-01-01,Ember оптовая цена э/э,Germany,109.73,EUR/МВт·ч,european_wholesale_electricity_price_data_monthly.csv,
2026-01-01,Ember оптовая цена э/э,Greece,108.67,EUR/МВт·ч,european_wholesale_electricity_price_data_monthly.csv,
2026-01-01,Ember оптовая цена э/э,Hungary,150.06,EUR/МВт·ч,european_wholesale_electricity_price_data_monthly.csv,
2026-01-01,Ember оптовая цена э/э,Ireland,126.37,EUR/МВт·ч,european_wholesale_electricity_price_data_monthly.csv,
2026-01-01,Ember оптовая цена э/э,Italy,132.58,EUR/МВт·ч,european_wholesale_electricity_price_data_monthly.csv,
2026-01-01,Ember оптовая цена э/э,Latvia,152.3,EUR/МВт·ч,european_wholesale_electricity_price_data_monthly.csv,
2026-01-01,Ember оптовая цена э/э,Lithuania,151.56,EUR/МВт·ч,european_wholesale_electricity_price_data_monthly.csv,
2026-01-01,Ember оптовая цена э/э,Luxembourg,109.73,EUR/МВт·ч,european_wholesale_electricity_price_data_monthly.csv,
2026-01-01,Ember оптовая цена э/э,Netherlands,107.14,EUR/МВт·ч,european_wholesale_electricity_price_data_monthly.csv,
2026-01-01,Ember оптовая цена э/э,Norway,101.08,EUR/МВт·ч,european_wholesale_electricity_price_data_monthly.csv,
2026-01-01,Ember оптовая цена э/э,Poland,142.95,EUR/МВт·ч,european_wholesale_electricity_price_data_monthly.csv,
2026-01-01,Ember оптовая цена э/э,Portugal,70.86,EUR/МВт·ч,european_wholesale_electricity_price_data_monthly.csv,
2026-01-01,Ember оптовая цена э/э,Romania,150.16,EUR/МВт·ч,european_wholesale_electricity_price_data_monthly.csv,
2026-01-01,Ember оптовая цена э/э,Serbia,117.65,EUR/МВт·ч,european_wholesale_electricity_price_data_monthly.csv,
2026-01-01,Ember оптовая цена э/э,Slovakia,142.11,EUR/МВт·ч,european_wholesale_electricity_price_data_monthly.csv,
2026-01-01,Ember оптовая цена э/э,Slovenia,140.49,EUR/МВт·ч,european_wholesale_electricity_price_data_monthly.csv,
2026-01-01,Ember оптовая цена э/э,Spain,71.34,EUR/МВт·ч,european_wholesale_electricity_price_data_monthly.csv,
2026-01-01,Ember оптовая цена э/э,Sweden,99.13,EUR/МВт·ч,european_wholesale_electricity_price_data_monthly.csv,
2026-01-01,Ember оптовая цена э/э,United Kingdom,107.83,EUR/МВт·ч,european_wholesale_electricity_price_data_monthly.csv,
2026-02-01,Ember оптовая цена э/э,Austria,110.36,EUR/МВт·ч,european_wholesale_electricity_price_data_monthly.csv,
2026-02-01,Ember оптовая цена э/э,Belgium,85.03,EUR/МВт·ч,european_wholesale_electricity_price_data_monthly.csv,
2026-02-01,Ember оптовая цена э/э,Bulgaria,99.5,EUR/МВт·ч,european_wholesale_electricity_price_data_monthly.csv,
2026-02-01,Ember оптовая цена э/э,Croatia,113.57,EUR/МВт·ч,european_wholesale_electricity_price_data_monthly.csv,
2026-02-01,Ember оптовая цена э/э,Czechia,107.33,EUR/МВт·ч,european_wholesale_electricity_price_data_monthly.csv,
2026-02-01,Ember оптовая цена э/э,Denmark,102.89,EUR/МВт·ч,european_wholesale_electricity_price_data_monthly.csv,
2026-02-01,Ember оптовая цена э/э,Estonia,154.62,EUR/МВт·ч,european_wholesale_electricity_price_data_monthly.csv,
2026-02-01,Ember оптовая цена э/э,Finland,137.2,EUR/МВт·ч,european_wholesale_electricity_price_data_monthly.csv,
2026-02-01,Ember оптовая цена э/э,France,46.95,EUR/МВт·ч,european_wholesale_electricity_price_data_monthly.csv,
2026-02-01,Ember оптовая цена э/э,Germany,96.69,EUR/МВт·ч,european_wholesale_electricity_price_data_monthly.csv,
2026-02-01,Ember оптовая цена э/э,Greece,81.93,EUR/МВт·ч,european_wholesale_electricity_price_data_monthly.csv,
2026-02-01,Ember оптовая цена э/э,Hungary,117.95,EUR/МВт·ч,european_wholesale_electricity_price_data_monthly.csv,
2026-02-01,Ember оптовая цена э/э,Ireland,109.6,EUR/МВт·ч,european_wholesale_electricity_price_data_monthly.csv,
2026-02-01,Ember оптовая цена э/э,Italy,114.23,EUR/МВт·ч,european_wholesale_electricity_price_data_monthly.csv,
2026-02-01,Ember оптовая цена э/э,Latvia,155.41,EUR/МВт·ч,european_wholesale_electricity_price_data_monthly.csv,
2026-02-01,Ember оптовая цена э/э,Lithuania,155.46,EUR/МВт·ч,european_wholesale_electricity_price_data_monthly.csv,
2026-02-01,Ember оптовая цена э/э,Luxembourg,96.69,EUR/МВт·ч,european_wholesale_electricity_price_data_monthly.csv,
2026-02-01,Ember оптовая цена э/э,Netherlands,96.08,EUR/МВт·ч,european_wholesale_electricity_price_data_monthly.csv,
2026-02-01,Ember оптовая цена э/э,Norway,103.18,EUR/МВт·ч,european_wholesale_electricity_price_data_monthly.csv,
2026-02-01,Ember оптовая цена э/э,Poland,115.68,EUR/МВт·ч,european_wholesale_electricity_price_data_monthly.csv,
2026-02-01,Ember оптовая цена э/э,Portugal,10.66,EUR/МВт·ч,european_wholesale_electricity_price_data_monthly.csv,
2026-02-01,Ember оптовая цена э/э,Romania,108.67,EUR/МВт·ч,european_wholesale_electricity_price_data_monthly.csv,
2026-02-01,Ember оптовая цена э/э,Serbia,68.63,EUR/МВт·ч,european_wholesale_electricity_price_data_monthly.csv,
2026-02-01,Ember оптовая цена э/э,Slovakia,115.08,EUR/МВт·ч,european_wholesale_electricity_price_data_monthly.csv,
2026-02-01,Ember оптовая цена э/э,Slovenia,108.34,EUR/МВт·ч,european_wholesale_electricity_price_data_monthly.csv,
2026-02-01,Ember оптовая цена э/э,Spain,16.43,EUR/МВт·ч,european_wholesale_electricity_price_data_monthly.csv,
2026-02-01,Ember оптовая цена э/э,Sweden,102.14,EUR/МВт·ч,european_wholesale_electricity_price_data_monthly.csv,
2026-02-01,Ember оптовая цена э/э,United Kingdom,92.43,EUR/МВт·ч,european_wholesale_electricity_price_data_monthly.csv,
2026-03-01,Ember оптовая цена э/э,Austria,111.47,EUR/МВт·ч,european_wholesale_electricity_price_data_monthly.csv,
2026-03-01,Ember оптовая цена э/э,Belgium,92.75,EUR/МВт·ч,european_wholesale_electricity_price_data_monthly.csv,
2026-03-01,Ember оптовая цена э/э,Bulgaria,103.69,EUR/МВт·ч,european_wholesale_electricity_price_data_monthly.csv,
2026-03-01,Ember оптовая цена э/э,Croatia,110.29,EUR/МВт·ч,european_wholesale_electricity_price_data_monthly.csv,
2026-03-01,Ember оптовая цена э/э,Czechia,110.06,EUR/МВт·ч,european_wholesale_electricity_price_data_monthly.csv,
2026-03-01,Ember оптовая цена э/э,Denmark,97.49,EUR/МВт·ч,european_wholesale_electricity_price_data_monthly.csv,
2026-03-01,Ember оптовая цена э/э,Estonia,61.32,EUR/МВт·ч,european_wholesale_electricity_price_data_monthly.csv,
2026-03-01,Ember оптовая цена э/э,Finland,27.71,EUR/МВт·ч,european_wholesale_electricity_price_data_monthly.csv,
2026-03-01,Ember оптовая цена э/э,France,64.07,EUR/МВт·ч,european_wholesale_electricity_price_data_monthly.csv,
2026-03-01,Ember оптовая цена э/э,Germany,99.44,EUR/МВт·ч,european_wholesale_electricity_price_data_monthly.csv,
2026-03-01,Ember оптовая цена э/э,Greece,95.23,EUR/МВт·ч,european_wholesale_electricity_price_data_monthly.csv,
2026-03-01,Ember оптовая цена э/э,Hungary,117.53,EUR/МВт·ч,european_wholesale_electricity_price_data_monthly.csv,
2026-03-01,Ember оптовая цена э/э,Ireland,129.92,EUR/МВт·ч,european_wholesale_electricity_price_data_monthly.csv,
2026-03-01,Ember оптовая цена э/э,Italy,143.44,EUR/МВт·ч,european_wholesale_electricity_price_data_monthly.csv,
2026-03-01,Ember оптовая цена э/э,Latvia,75.17,EUR/МВт·ч,european_wholesale_electricity_price_data_monthly.csv,
2026-03-01,Ember оптовая цена э/э,Lithuania,82.28,EUR/МВт·ч,european_wholesale_electricity_price_data_monthly.csv,
2026-03-01,Ember оптовая цена э/э,Luxembourg,99.44,EUR/МВт·ч,european_wholesale_electricity_price_data_monthly.csv,
2026-03-01,Ember оптовая цена э/э,Netherlands,98.98,EUR/МВт·ч,european_wholesale_electricity_price_data_monthly.csv,
2026-03-01,Ember оптовая цена э/э,Norway,85.95,EUR/МВт·ч,european_wholesale_electricity_price_data_monthly.csv,
2026-03-01,Ember оптовая цена э/э,Poland,104.76,EUR/МВт·ч,european_wholesale_electricity_price_data_monthly.csv,
2026-03-01,Ember оптовая цена э/э,Portugal,40.77,EUR/МВт·ч,european_wholesale_electricity_price_data_monthly.csv,
2026-03-01,Ember оптовая цена э/э,Romania,105.33,EUR/МВт·ч,european_wholesale_electricity_price_data_monthly.csv,
2026-03-01,Ember оптовая цена э/э,Serbia,94.85,EUR/МВт·ч,european_wholesale_electricity_price_data_monthly.csv,
2026-03-01,Ember оптовая цена э/э,Slovakia,113.86,EUR/МВт·ч,european_wholesale_electricity_price_data_monthly.csv,
2026-03-01,Ember оптовая цена э/э,Slovenia,110.98,EUR/МВт·ч,european_wholesale_electricity_price_data_monthly.csv,
2026-03-01,Ember оптовая цена э/э,Spain,41.68,EUR/МВт·ч,european_wholesale_electricity_price_data_monthly.csv,
2026-03-01,Ember оптовая цена э/э,Sweden,51.59,EUR/МВт·ч,european_wholesale_electricity_price_data_monthly.csv,
2026-03-01,Ember оптовая цена э/э,United Kingdom,106.55,EUR/МВт·ч,european_wholesale_electricity_price_data_monthly.csv,
2026-04-01,Ember оптовая цена э/э,Austria,89.55,EUR/МВт·ч,european_wholesale_electricity_price_data_monthly.csv,
2026-04-01,Ember оптовая цена э/э,Belgium,78.71,EUR/МВт·ч,european_wholesale_electricity_price_data_monthly.csv,
2026-04-01,Ember оптовая цена э/э,Bulgaria,90.84,EUR/МВт·ч,european_wholesale_electricity_price_data_monthly.csv,
2026-04-01,Ember оптовая цена э/э,Croatia,90.25,EUR/МВт·ч,european_wholesale_electricity_price_data_monthly.csv,
2026-04-01,Ember оптовая цена э/э,Czechia,81.64,EUR/МВт·ч,european_wholesale_electricity_price_data_monthly.csv,
2026-04-01,Ember оптовая цена э/э,Denmark,82.55,EUR/МВт·ч,european_wholesale_electricity_price_data_monthly.csv,
2026-04-01,Ember оптовая цена э/э,Estonia,54.58,EUR/МВт·ч,european_wholesale_electricity_price_data_monthly.csv,
2026-04-01,Ember оптовая цена э/э,Finland,49.55,EUR/МВт·ч,european_wholesale_electricity_price_data_monthly.csv,
2026-04-01,Ember оптовая цена э/э,France,39.47,EUR/МВт·ч,european_wholesale_electricity_price_data_monthly.csv,
2026-04-01,Ember оптовая цена э/э,Germany,80.53,EUR/МВт·ч,european_wholesale_electricity_price_data_monthly.csv,
2026-04-01,Ember оптовая цена э/э,Greece,88.57,EUR/МВт·ч,european_wholesale_electricity_price_data_monthly.csv,
2026-04-01,Ember оптовая цена э/э,Hungary,96.41,EUR/МВт·ч,european_wholesale_electricity_price_data_monthly.csv,
2026-04-01,Ember оптовая цена э/э,Ireland,132.27,EUR/МВт·ч,european_wholesale_electricity_price_data_monthly.csv,
2026-04-01,Ember оптовая цена э/э,Italy,120.13,EUR/МВт·ч,european_wholesale_electricity_price_data_monthly.csv,
2026-04-01,Ember оптовая цена э/э,Latvia,57.23,EUR/МВт·ч,european_wholesale_electricity_price_data_monthly.csv,
2026-04-01,Ember оптовая цена э/э,Lithuania,58.1,EUR/МВт·ч,european_wholesale_electricity_price_data_monthly.csv,
2026-04-01,Ember оптовая цена э/э,Luxembourg,80.53,EUR/МВт·ч,european_wholesale_electricity_price_data_monthly.csv,
2026-04-01,Ember оптовая цена э/э,Netherlands,84.39,EUR/МВт·ч,european_wholesale_electricity_price_data_monthly.csv,
2026-04-01,Ember оптовая цена э/э,Norway,85.51,EUR/МВт·ч,european_wholesale_electricity_price_data_monthly.csv,
2026-04-01,Ember оптовая цена э/э,Poland,82.89,EUR/МВт·ч,european_wholesale_electricity_price_data_monthly.csv,
2026-04-01,Ember оптовая цена э/э,Portugal,42.57,EUR/МВт·ч,european_wholesale_electricity_price_data_monthly.csv,
2026-04-01,Ember оптовая цена э/э,Romania,95.41,EUR/МВт·ч,european_wholesale_electricity_price_data_monthly.csv,
2026-04-01,Ember оптовая цена э/э,Serbia,91.33,EUR/МВт·ч,european_wholesale_electricity_price_data_monthly.csv,
2026-04-01,Ember оптовая цена э/э,Slovakia,83.24,EUR/МВт·ч,european_wholesale_electricity_price_data_monthly.csv,
2026-04-01,Ember оптовая цена э/э,Slovenia,88.62,EUR/МВт·ч,european_wholesale_electricity_price_data_monthly.csv,
2026-04-01,Ember оптовая цена э/э,Spain,42.6,EUR/МВт·ч,european_wholesale_electricity_price_data_monthly.csv,
2026-04-01,Ember оптовая цена э/э,Sweden,49.07,EUR/МВт·ч,european_wholesale_electricity_price_data_monthly.csv,
2026-04-01,Ember оптовая цена э/э,United Kingdom,95.47,EUR/МВт·ч,european_wholesale_electricity_price_data_monthly.csv,
2026-05-01,Ember оптовая цена э/э,Austria,98.29,EUR/МВт·ч,european_wholesale_electricity_price_data_monthly.csv,
2026-05-01,Ember оптовая цена э/э,Belgium,91.73,EUR/МВт·ч,european_wholesale_electricity_price_data_monthly.csv,
2026-05-01,Ember оптовая цена э/э,Bulgaria,101.0,EUR/МВт·ч,european_wholesale_electricity_price_data_monthly.csv,
2026-05-01,Ember оптовая цена э/э,Croatia,103.51,EUR/МВт·ч,european_wholesale_electricity_price_data_monthly.csv,
2026-05-01,Ember оптовая цена э/э,Czechia,97.82,EUR/МВт·ч,european_wholesale_electricity_price_data_monthly.csv,
2026-05-01,Ember оптовая цена э/э,Denmark,100.24,EUR/МВт·ч,european_wholesale_electricity_price_data_monthly.csv,
2026-05-01,Ember оптовая цена э/э,Estonia,60.42,EUR/МВт·ч,european_wholesale_electricity_price_data_monthly.csv,
2026-05-01,Ember оптовая цена э/э,Finland,53.07,EUR/МВт·ч,european_wholesale_electricity_price_data_monthly.csv,
2026-05-01,Ember оптовая цена э/э,France,52.16,EUR/МВт·ч,european_wholesale_electricity_price_data_monthly.csv,
2026-05-01,Ember оптовая цена э/э,Germany,95.56,EUR/МВт·ч,european_wholesale_electricity_price_data_monthly.csv,
2026-05-01,Ember оптовая цена э/э,Greece,88.9,EUR/МВт·ч,european_wholesale_electricity_price_data_monthly.csv,
2026-05-01,Ember оптовая цена э/э,Hungary,106.44,EUR/МВт·ч,european_wholesale_electricity_price_data_monthly.csv,
2026-05-01,Ember оптовая цена э/э,Ireland,144.98,EUR/МВт·ч,european_wholesale_electricity_price_data_monthly.csv,
2026-05-01,Ember оптовая цена э/э,Italy,120.05,EUR/МВт·ч,european_wholesale_electricity_price_data_monthly.csv,
2026-05-01,Ember оптовая цена э/э,Latvia,82.46,EUR/МВт·ч,european_wholesale_electricity_price_data_monthly.csv,
2026-05-01,Ember оптовая цена э/э,Lithuania,82.53,EUR/МВт·ч,european_wholesale_electricity_price_data_monthly.csv,
2026-05-01,Ember оптовая цена э/э,Luxembourg,95.56,EUR/МВт·ч,european_wholesale_electricity_price_data_monthly.csv,
2026-05-01,Ember оптовая цена э/э,Netherlands,94.85,EUR/МВт·ч,european_wholesale_electricity_price_data_monthly.csv,
2026-05-01,Ember оптовая цена э/э,Norway,84.67,EUR/МВт·ч,european_wholesale_electricity_price_data_monthly.csv,
2026-05-01,Ember оптовая цена э/э,Poland,101.81,EUR/МВт·ч,european_wholesale_electricity_price_data_monthly.csv,
2026-05-01,Ember оптовая цена э/э,Portugal,53.9,EUR/МВт·ч,european_wholesale_electricity_price_data_monthly.csv,
2026-05-01,Ember оптовая цена э/э,Romania,109.5,EUR/МВт·ч,european_wholesale_electricity_price_data_monthly.csv,
2026-05-01,Ember оптовая цена э/э,Serbia,96.59,EUR/МВт·ч,european_wholesale_electricity_price_data_monthly.csv,
2026-05-01,Ember оптовая цена э/э,Slovakia,96.9,EUR/МВт·ч,european_wholesale_electricity_price_data_monthly.csv,
2026-05-01,Ember оптовая цена э/э,Slovenia,101.61,EUR/МВт·ч,european_wholesale_electricity_price_data_monthly.csv,
2026-05-01,Ember оптовая цена э/э,Spain,54.05,EUR/МВт·ч,european_wholesale_electricity_price_data_monthly.csv,
2026-05-01,Ember оптовая цена э/э,Sweden,69.5,EUR/МВт·ч,european_wholesale_electricity_price_data_monthly.csv,
2026-05-01,Ember оптовая цена э/э,United Kingdom,120.9,EUR/МВт·ч,european_wholesale_electricity_price_data_monthly.csv,
2026-06-01,Ember оптовая цена э/э,Austria,108.1,EUR/МВт·ч,european_wholesale_electricity_price_data_monthly.csv,
2026-06-01,Ember оптовая цена э/э,Belgium,112.36,EUR/МВт·ч,european_wholesale_electricity_price_data_monthly.csv,
2026-06-01,Ember оптовая цена э/э,Bulgaria,98.11,EUR/МВт·ч,european_wholesale_electricity_price_data_monthly.csv,
2026-06-01,Ember оптовая цена э/э,Croatia,110.96,EUR/МВт·ч,european_wholesale_electricity_price_data_monthly.csv,
2026-06-01,Ember оптовая цена э/э,Czechia,108.23,EUR/МВт·ч,european_wholesale_electricity_price_data_monthly.csv,
2026-06-01,Ember оптовая цена э/э,Denmark,108.63,EUR/МВт·ч,european_wholesale_electricity_price_data_monthly.csv,
2026-06-01,Ember оптовая цена э/э,Estonia,64.08,EUR/МВт·ч,european_wholesale_electricity_price_data_monthly.csv,
2026-06-01,Ember оптовая цена э/э,Finland,45.07,EUR/МВт·ч,european_wholesale_electricity_price_data_monthly.csv,
2026-06-01,Ember оптовая цена э/э,France,66.25,EUR/МВт·ч,european_wholesale_electricity_price_data_monthly.csv,
2026-06-01,Ember оптовая цена э/э,Germany,111.13,EUR/МВт·ч,european_wholesale_electricity_price_data_monthly.csv,
2026-06-01,Ember оптовая цена э/э,Greece,91.24,EUR/МВт·ч,european_wholesale_electricity_price_data_monthly.csv,
2026-06-01,Ember оптовая цена э/э,Hungary,119.23,EUR/МВт·ч,european_wholesale_electricity_price_data_monthly.csv,
2026-06-01,Ember оптовая цена э/э,Ireland,135.69,EUR/МВт·ч,european_wholesale_electricity_price_data_monthly.csv,
2026-06-01,Ember оптовая цена э/э,Italy,132.27,EUR/МВт·ч,european_wholesale_electricity_price_data_monthly.csv,
2026-06-01,Ember оптовая цена э/э,Latvia,92.34,EUR/МВт·ч,european_wholesale_electricity_price_data_monthly.csv,
2026-06-01,Ember оптовая цена э/э,Lithuania,93.87,EUR/МВт·ч,european_wholesale_electricity_price_data_monthly.csv,
2026-06-01,Ember оптовая цена э/э,Luxembourg,111.13,EUR/МВт·ч,european_wholesale_electricity_price_data_monthly.csv,
2026-06-01,Ember оптовая цена э/э,Netherlands,107.02,EUR/МВт·ч,european_wholesale_electricity_price_data_monthly.csv,
2026-06-01,Ember оптовая цена э/э,Norway,67.12,EUR/МВт·ч,european_wholesale_electricity_price_data_monthly.csv,
2026-06-01,Ember оптовая цена э/э,Poland,114.52,EUR/МВт·ч,european_wholesale_electricity_price_data_monthly.csv,
2026-06-01,Ember оптовая цена э/э,Portugal,70.24,EUR/МВт·ч,european_wholesale_electricity_price_data_monthly.csv,
2026-06-01,Ember оптовая цена э/э,Romania,117.39,EUR/МВт·ч,european_wholesale_electricity_price_data_monthly.csv,
2026-06-01,Ember оптовая цена э/э,Serbia,101.05,EUR/МВт·ч,european_wholesale_electricity_price_data_monthly.csv,
2026-06-01,Ember оптовая цена э/э,Slovakia,111.42,EUR/МВт·ч,european_wholesale_electricity_price_data_monthly.csv,
2026-06-01,Ember оптовая цена э/э,Slovenia,324.79,EUR/МВт·ч,european_wholesale_electricity_price_data_monthly.csv,
2026-06-01,Ember оптовая цена э/э,Spain,69.58,EUR/МВт·ч,european_wholesale_electricity_price_data_monthly.csv,
2026-06-01,Ember оптовая цена э/э,Sweden,68.37,EUR/МВт·ч,european_wholesale_electricity_price_data_monthly.csv,
2026-06-01,Ember оптовая цена э/э,Switzerland,102.15,EUR/МВт·ч,european_wholesale_electricity_price_data_monthly.csv,
2026-06-01,Ember оптовая цена э/э,United Kingdom,115.23,EUR/МВт·ч,european_wholesale_electricity_price_data_monthly.csv,
2026-07-01,Ember оптовая цена э/э,Albania,112.24,EUR/МВт·ч,european_wholesale_electricity_price_data_monthly.csv,
2026-07-01,Ember оптовая цена э/э,Austria,117.3,EUR/МВт·ч,european_wholesale_electricity_price_data_monthly.csv,
2026-07-01,Ember оптовая цена э/э,Belgium,110.15,EUR/МВт·ч,european_wholesale_electricity_price_data_monthly.csv,
2026-07-01,Ember оптовая цена э/э,Bulgaria,112.59,EUR/МВт·ч,european_wholesale_electricity_price_data_monthly.csv,
2026-07-01,Ember оптовая цена э/э,Croatia,119.63,EUR/МВт·ч,european_wholesale_electricity_price_data_monthly.csv,
2026-07-01,Ember оптовая цена э/э,Czechia,110.93,EUR/МВт·ч,european_wholesale_electricity_price_data_monthly.csv,
2026-07-01,Ember оптовая цена э/э,Denmark,102.69,EUR/МВт·ч,european_wholesale_electricity_price_data_monthly.csv,
2026-07-01,Ember оптовая цена э/э,Estonia,43.58,EUR/МВт·ч,european_wholesale_electricity_price_data_monthly.csv,
2026-07-01,Ember оптовая цена э/э,Finland,15.35,EUR/МВт·ч,european_wholesale_electricity_price_data_monthly.csv,
2026-07-01,Ember оптовая цена э/э,France,96.61,EUR/МВт·ч,european_wholesale_electricity_price_data_monthly.csv,
2026-07-01,Ember оптовая цена э/э,Germany,106.79,EUR/МВт·ч,european_wholesale_electricity_price_data_monthly.csv,
2026-07-01,Ember оптовая цена э/э,Greece,110.7,EUR/МВт·ч,european_wholesale_electricity_price_data_monthly.csv,
2026-07-01,Ember оптовая цена э/э,Hungary,123.18,EUR/МВт·ч,european_wholesale_electricity_price_data_monthly.csv,
2026-07-01,Ember оптовая цена э/э,Ireland,155.29,EUR/МВт·ч,european_wholesale_electricity_price_data_monthly.csv,
2026-07-01,Ember оптовая цена э/э,Italy,156.77,EUR/МВт·ч,european_wholesale_electricity_price_data_monthly.csv,
2026-07-01,Ember оптовая цена э/э,Latvia,74.39,EUR/МВт·ч,european_wholesale_electricity_price_data_monthly.csv,
2026-07-01,Ember оптовая цена э/э,Lithuania,75.29,EUR/МВт·ч,european_wholesale_electricity_price_data_monthly.csv,
2026-07-01,Ember оптовая цена э/э,Luxembourg,106.79,EUR/МВт·ч,european_wholesale_electricity_price_data_monthly.csv,
2026-07-01,Ember оптовая цена э/э,Montenegro,117.18,EUR/МВт·ч,european_wholesale_electricity_price_data_monthly.csv,
2026-07-01,Ember оптовая цена э/э,Netherlands,106.85,EUR/МВт·ч,european_wholesale_electricity_price_data_monthly.csv,
2026-07-01,Ember оптовая цена э/э,North Macedonia,105.48,EUR/МВт·ч,european_wholesale_electricity_price_data_monthly.csv,
2026-07-01,Ember оптовая цена э/э,Norway,92.22,EUR/МВт·ч,european_wholesale_electricity_price_data_monthly.csv,
2026-07-01,Ember оптовая цена э/э,Poland,112.99,EUR/МВт·ч,european_wholesale_electricity_price_data_monthly.csv,
2026-07-01,Ember оптовая цена э/э,Portugal,107.02,EUR/МВт·ч,european_wholesale_electricity_price_data_monthly.csv,
2026-07-01,Ember оптовая цена э/э,Romania,121.1,EUR/МВт·ч,european_wholesale_electricity_price_data_monthly.csv,
2026-07-01,Ember оптовая цена э/э,Serbia,109.28,EUR/МВт·ч,european_wholesale_electricity_price_data_monthly.csv,
2026-07-01,Ember оптовая цена э/э,Slovakia,119.47,EUR/МВт·ч,european_wholesale_electricity_price_data_monthly.csv,
2026-07-01,Ember оптовая цена э/э,Slovenia,122.03,EUR/МВт·ч,european_wholesale_electricity_price_data_monthly.csv,
2026-07-01,Ember оптовая цена э/э,Spain,104.79,EUR/МВт·ч,european_wholesale_electricity_price_data_monthly.csv,
2026-07-01,Ember оптовая цена э/э,Sweden,45.88,EUR/МВт·ч,european_wholesale_electricity_price_data_monthly.csv,
2026-07-01,Ember оптовая цена э/э,Switzerland,116.64,EUR/МВт·ч,european_wholesale_electricity_price_data_monthly.csv,
2026-07-01,Ember оптовая цена э/э,United Kingdom,125.37,EUR/МВт·ч,european_wholesale_electricity_price_data_monthly.csv,
2026-08-01,Ember оптовая цена э/э,Albania,137.47,EUR/МВт·ч,european_wholesale_electricity_price_data_monthly.csv,
2026-08-01,Ember оптовая цена э/э,Austria,140.48,EUR/МВт·ч,european_wholesale_electricity_price_data_monthly.csv,
2026-08-01,Ember оптовая цена э/э,Belgium,113.92,EUR/МВт·ч,european_wholesale_electricity_price_data_monthly.csv,
2026-08-01,Ember оптовая цена э/э,Bulgaria,134.87,EUR/МВт·ч,european_wholesale_electricity_price_data_monthly.csv,
2026-08-01,Ember оптовая цена э/э,Croatia,150.61,EUR/МВт·ч,european_wholesale_electricity_price_data_monthly.csv,
2026-08-01,Ember оптовая цена э/э,Czechia,131.11,EUR/МВт·ч,european_wholesale_electricity_price_data_monthly.csv,
2026-08-01,Ember оптовая цена э/э,Denmark,115.16,EUR/МВт·ч,european_wholesale_electricity_price_data_monthly.csv,
2026-08-01,Ember оптовая цена э/э,Estonia,23.36,EUR/МВт·ч,european_wholesale_electricity_price_data_monthly.csv,
2026-08-01,Ember оптовая цена э/э,Finland,13.9,EUR/МВт·ч,european_wholesale_electricity_price_data_monthly.csv,
2026-08-01,Ember оптовая цена э/э,France,107.87,EUR/МВт·ч,european_wholesale_electricity_price_data_monthly.csv,
2026-08-01,Ember оптовая цена э/э,Germany,114.32,EUR/МВт·ч,european_wholesale_electricity_price_data_monthly.csv,
2026-08-01,Ember оптовая цена э/э,Greece,124.43,EUR/МВт·ч,european_wholesale_electricity_price_data_monthly.csv,
2026-08-01,Ember оптовая цена э/э,Hungary,150.32,EUR/МВт·ч,european_wholesale_electricity_price_data_monthly.csv,
2026-08-01,Ember оптовая цена э/э,Ireland,154.63,EUR/МВт·ч,european_wholesale_electricity_price_data_monthly.csv,
2026-08-01,Ember оптовая цена э/э,Italy,180.38,EUR/МВт·ч,european_wholesale_electricity_price_data_monthly.csv,
2026-08-01,Ember оптовая цена э/э,Latvia,37.85,EUR/МВт·ч,european_wholesale_electricity_price_data_monthly.csv,
2026-08-01,Ember оптовая цена э/э,Lithuania,37.85,EUR/МВт·ч,european_wholesale_electricity_price_data_monthly.csv,
2026-08-01,Ember оптовая цена э/э,Luxembourg,114.32,EUR/МВт·ч,european_wholesale_electricity_price_data_monthly.csv,
2026-08-01,Ember оптовая цена э/э,Montenegro,147.49,EUR/МВт·ч,european_wholesale_electricity_price_data_monthly.csv,
2026-08-01,Ember оптовая цена э/э,Netherlands,112.05,EUR/МВт·ч,european_wholesale_electricity_price_data_monthly.csv,
2026-08-01,Ember оптовая цена э/э,North Macedonia,134.44,EUR/МВт·ч,european_wholesale_electricity_price_data_monthly.csv,
2026-08-01,Ember оптовая цена э/э,Norway,99.22,EUR/МВт·ч,european_wholesale_electricity_price_data_monthly.csv,
2026-08-01,Ember оптовая цена э/э,Poland,136.81,EUR/МВт·ч,european_wholesale_electricity_price_data_monthly.csv,
2026-08-01,Ember оптовая цена э/э,Portugal,119.53,EUR/МВт·ч,european_wholesale_electricity_price_data_monthly.csv,
2026-08-01,Ember оптовая цена э/э,Romania,149.58,EUR/МВт·ч,european_wholesale_electricity_price_data_monthly.csv,
2026-08-01,Ember оптовая цена э/э,Serbia,146.51,EUR/МВт·ч,european_wholesale_electricity_price_data_monthly.csv,
2026-08-01,Ember оптовая цена э/э,Slovakia,151.06,EUR/МВт·ч,european_wholesale_electricity_price_data_monthly.csv,
2026-08-01,Ember оптовая цена э/э,Slovenia,151.33,EUR/МВт·ч,european_wholesale_electricity_price_data_monthly.csv,
2026-08-01,Ember оптовая цена э/э,Spain,118.95,EUR/МВт·ч,european_wholesale_electricity_price_data_monthly.csv,
2026-08-01,Ember оптовая цена э/э,Sweden,20.48,EUR/МВт·ч,european_wholesale_electricity_price_data_monthly.csv,
2026-08-01,Ember оптовая цена э/э,Switzerland,132.5,EUR/МВт·ч,european_wholesale_electricity_price_data_monthly.csv,
2026-08-01,Ember оптовая цена э/э,United Kingdom,128.55,EUR/МВт·ч,european_wholesale_electricity_price_data_monthly.csv,
