дата,ряд,показатель,значение,единица,источник_файл,флаг
1992-01-01,FRED,Natural Gas Europe,2.37999979654948,USD/mmbtu,PNGASEUUSDM.csv,
1992-02-01,FRED,Natural Gas Europe,2.37999979654948,USD/mmbtu,PNGASEUUSDM.csv,
1992-03-01,FRED,Natural Gas Europe,2.37999979654948,USD/mmbtu,PNGASEUUSDM.csv,
1992-04-01,FRED,Natural Gas Europe,2.33999972873264,USD/mmbtu,PNGASEUUSDM.csv,
1992-05-01,FRED,Natural Gas Europe,2.33999972873264,USD/mmbtu,PNGASEUUSDM.csv,
1992-06-01,FRED,Natural Gas Europe,2.33999972873264,USD/mmbtu,PNGASEUUSDM.csv,
1992-07-01,FRED,Natural Gas Europe,2.39000023735894,USD/mmbtu,PNGASEUUSDM.csv,
1992-08-01,FRED,Natural Gas Europe,2.39000023735894,USD/mmbtu,PNGASEUUSDM.csv,
1992-09-01,FRED,Natural Gas Europe,2.39000023735894,USD/mmbtu,PNGASEUUSDM.csv,
1992-10-01,FRED,Natural Gas Europe,2.3500001695421,USD/mmbtu,PNGASEUUSDM.csv,
1992-11-01,FRED,Natural Gas Europe,2.3500001695421,USD/mmbtu,PNGASEUUSDM.csv,
1992-12-01,FRED,Natural Gas Europe,2.3500001695421,USD/mmbtu,PNGASEUUSDM.csv,
1993-01-01,FRED,Natural Gas Europe,2.69999991522895,USD/mmbtu,PNGASEUUSDM.csv,
1993-02-01,FRED,Natural Gas Europe,2.69999991522895,USD/mmbtu,PNGASEUUSDM.csv,
1993-03-01,FRED,Natural Gas Europe,2.69999991522895,USD/mmbtu,PNGASEUUSDM.csv,
1993-04-01,FRED,Natural Gas Europe,2.60999997456869,USD/mmbtu,PNGASEUUSDM.csv,
1993-05-01,FRED,Natural Gas Europe,2.59999995761447,USD/mmbtu,PNGASEUUSDM.csv,
1993-06-01,FRED,Natural Gas Europe,2.59999995761447,USD/mmbtu,PNGASEUUSDM.csv,
1993-07-01,FRED,Natural Gas Europe,2.55000008477105,USD/mmbtu,PNGASEUUSDM.csv,
1993-08-01,FRED,Natural Gas Europe,2.55000008477105,USD/mmbtu,PNGASEUUSDM.csv,
1993-09-01,FRED,Natural Gas Europe,2.55000008477105,USD/mmbtu,PNGASEUUSDM.csv,
1993-10-01,FRED,Natural Gas Europe,2.54000006781684,USD/mmbtu,PNGASEUUSDM.csv,
1993-11-01,FRED,Natural Gas Europe,2.54000006781684,USD/mmbtu,PNGASEUUSDM.csv,
1993-12-01,FRED,Natural Gas Europe,2.54000006781684,USD/mmbtu,PNGASEUUSDM.csv,
1994-01-01,FRED,Natural Gas Europe,2.21999994913737,USD/mmbtu,PNGASEUUSDM.csv,
1994-02-01,FRED,Natural Gas Europe,2.21999994913737,USD/mmbtu,PNGASEUUSDM.csv,
1994-03-01,FRED,Natural Gas Europe,2.21999994913737,USD/mmbtu,PNGASEUUSDM.csv,
1994-04-01,FRED,Natural Gas Europe,2.23999998304579,USD/mmbtu,PNGASEUUSDM.csv,
1994-05-01,FRED,Natural Gas Europe,2.23999998304579,USD/mmbtu,PNGASEUUSDM.csv,
1994-06-01,FRED,Natural Gas Europe,2.23999998304579,USD/mmbtu,PNGASEUUSDM.csv,
1994-07-01,FRED,Natural Gas Europe,2.34999995761447,USD/mmbtu,PNGASEUUSDM.csv,
1994-08-01,FRED,Natural Gas Europe,2.34999995761447,USD/mmbtu,PNGASEUUSDM.csv,
1994-09-01,FRED,Natural Gas Europe,2.34999995761447,USD/mmbtu,PNGASEUUSDM.csv,
1994-10-01,FRED,Natural Gas Europe,2.43999989827474,USD/mmbtu,PNGASEUUSDM.csv,
1994-11-01,FRED,Natural Gas Europe,2.43999989827474,USD/mmbtu,PNGASEUUSDM.csv,
1994-12-01,FRED,Natural Gas Europe,2.43999989827474,USD/mmbtu,PNGASEUUSDM.csv,
1995-01-01,FRED,Natural Gas Europe,2.58999994066026,USD/mmbtu,PNGASEUUSDM.csv,
1995-02-01,FRED,Natural Gas Europe,2.58999994066026,USD/mmbtu,PNGASEUUSDM.csv,
1995-03-01,FRED,Natural Gas Europe,2.58999994066026,USD/mmbtu,PNGASEUUSDM.csv,
1995-04-01,FRED,Natural Gas Europe,2.68999989827474,USD/mmbtu,PNGASEUUSDM.csv,
1995-05-01,FRED,Natural Gas Europe,2.68999989827474,USD/mmbtu,PNGASEUUSDM.csv,
1995-06-01,FRED,Natural Gas Europe,2.68999989827474,USD/mmbtu,PNGASEUUSDM.csv,
1995-07-01,FRED,Natural Gas Europe,2.76944435967339,USD/mmbtu,PNGASEUUSDM.csv,
1995-08-01,FRED,Natural Gas Europe,2.76944435967339,USD/mmbtu,PNGASEUUSDM.csv,
1995-09-01,FRED,Natural Gas Europe,2.76944435967339,USD/mmbtu,PNGASEUUSDM.csv,
1995-10-01,FRED,Natural Gas Europe,2.82499991522894,USD/mmbtu,PNGASEUUSDM.csv,
1995-11-01,FRED,Natural Gas Europe,2.68999989827474,USD/mmbtu,PNGASEUUSDM.csv,
1995-12-01,FRED,Natural Gas Europe,2.68999989827474,USD/mmbtu,PNGASEUUSDM.csv,
1996-01-01,FRED,Natural Gas Europe,2.68000009324816,USD/mmbtu,PNGASEUUSDM.csv,
1996-02-01,FRED,Natural Gas Europe,2.68000009324816,USD/mmbtu,PNGASEUUSDM.csv,
1996-03-01,FRED,Natural Gas Europe,2.68000009324816,USD/mmbtu,PNGASEUUSDM.csv,
1996-04-01,FRED,Natural Gas Europe,2.68999989827474,USD/mmbtu,PNGASEUUSDM.csv,
1996-05-01,FRED,Natural Gas Europe,2.68999989827474,USD/mmbtu,PNGASEUUSDM.csv,
1996-06-01,FRED,Natural Gas Europe,2.68999989827474,USD/mmbtu,PNGASEUUSDM.csv,
1996-07-01,FRED,Natural Gas Europe,2.68999989827474,USD/mmbtu,PNGASEUUSDM.csv,
1996-08-01,FRED,Natural Gas Europe,2.68999989827474,USD/mmbtu,PNGASEUUSDM.csv,
1996-09-01,FRED,Natural Gas Europe,2.68999989827474,USD/mmbtu,PNGASEUUSDM.csv,
1996-10-01,FRED,Natural Gas Europe,2.93999989827475,USD/mmbtu,PNGASEUUSDM.csv,
1996-11-01,FRED,Natural Gas Europe,2.93999989827475,USD/mmbtu,PNGASEUUSDM.csv,
1996-12-01,FRED,Natural Gas Europe,2.93999989827475,USD/mmbtu,PNGASEUUSDM.csv,
1997-01-01,FRED,Natural Gas Europe,3.0,USD/mmbtu,PNGASEUUSDM.csv,
1997-02-01,FRED,Natural Gas Europe,2.94444444444444,USD/mmbtu,PNGASEUUSDM.csv,
1997-03-01,FRED,Natural Gas Europe,2.76000001695421,USD/mmbtu,PNGASEUUSDM.csv,
1997-04-01,FRED,Natural Gas Europe,2.72999996609158,USD/mmbtu,PNGASEUUSDM.csv,
1997-05-01,FRED,Natural Gas Europe,2.72999996609158,USD/mmbtu,PNGASEUUSDM.csv,
1997-06-01,FRED,Natural Gas Europe,2.72999996609158,USD/mmbtu,PNGASEUUSDM.csv,
1997-07-01,FRED,Natural Gas Europe,2.59999995761447,USD/mmbtu,PNGASEUUSDM.csv,
1997-08-01,FRED,Natural Gas Europe,2.59999995761447,USD/mmbtu,PNGASEUUSDM.csv,
1997-09-01,FRED,Natural Gas Europe,2.59999995761447,USD/mmbtu,PNGASEUUSDM.csv,
1997-10-01,FRED,Natural Gas Europe,2.44999991522895,USD/mmbtu,PNGASEUUSDM.csv,
1997-11-01,FRED,Natural Gas Europe,2.44999991522895,USD/mmbtu,PNGASEUUSDM.csv,
1997-12-01,FRED,Natural Gas Europe,2.44999991522895,USD/mmbtu,PNGASEUUSDM.csv,
1998-01-01,FRED,Natural Gas Europe,2.48999998304579,USD/mmbtu,PNGASEUUSDM.csv,
1998-02-01,FRED,Natural Gas Europe,2.48999998304579,USD/mmbtu,PNGASEUUSDM.csv,
1998-03-01,FRED,Natural Gas Europe,2.48999998304579,USD/mmbtu,PNGASEUUSDM.csv,
1998-04-01,FRED,Natural Gas Europe,2.36999999152289,USD/mmbtu,PNGASEUUSDM.csv,
1998-05-01,FRED,Natural Gas Europe,2.36999999152289,USD/mmbtu,PNGASEUUSDM.csv,
1998-06-01,FRED,Natural Gas Europe,2.36999999152289,USD/mmbtu,PNGASEUUSDM.csv,
1998-07-01,FRED,Natural Gas Europe,2.20999993218316,USD/mmbtu,PNGASEUUSDM.csv,
1998-08-01,FRED,Natural Gas Europe,2.20999993218316,USD/mmbtu,PNGASEUUSDM.csv,
1998-09-01,FRED,Natural Gas Europe,2.20999993218316,USD/mmbtu,PNGASEUUSDM.csv,
1998-10-01,FRED,Natural Gas Europe,1.91000005933974,USD/mmbtu,PNGASEUUSDM.csv,
1998-11-01,FRED,Natural Gas Europe,1.91000005933974,USD/mmbtu,PNGASEUUSDM.csv,
1998-12-01,FRED,Natural Gas Europe,1.91000005933974,USD/mmbtu,PNGASEUUSDM.csv,
1999-01-01,FRED,Natural Gas Europe,1.78888888888889,USD/mmbtu,PNGASEUUSDM.csv,
1999-02-01,FRED,Natural Gas Europe,1.78888888888889,USD/mmbtu,PNGASEUUSDM.csv,
1999-03-01,FRED,Natural Gas Europe,1.78888888888889,USD/mmbtu,PNGASEUUSDM.csv,
1999-04-01,FRED,Natural Gas Europe,1.67,USD/mmbtu,PNGASEUUSDM.csv,
1999-05-01,FRED,Natural Gas Europe,1.67,USD/mmbtu,PNGASEUUSDM.csv,
1999-06-01,FRED,Natural Gas Europe,1.67,USD/mmbtu,PNGASEUUSDM.csv,
1999-07-01,FRED,Natural Gas Europe,1.73,USD/mmbtu,PNGASEUUSDM.csv,
1999-08-01,FRED,Natural Gas Europe,1.73,USD/mmbtu,PNGASEUUSDM.csv,
1999-09-01,FRED,Natural Gas Europe,1.73,USD/mmbtu,PNGASEUUSDM.csv,
1999-10-01,FRED,Natural Gas Europe,2.03888888888889,USD/mmbtu,PNGASEUUSDM.csv,
1999-11-01,FRED,Natural Gas Europe,2.03888888888889,USD/mmbtu,PNGASEUUSDM.csv,
1999-12-01,FRED,Natural Gas Europe,2.03888888888889,USD/mmbtu,PNGASEUUSDM.csv,
2000-01-01,FRED,Natural Gas Europe,3.05555555555556,USD/mmbtu,PNGASEUUSDM.csv,
2000-02-01,FRED,Natural Gas Europe,3.05555555555556,USD/mmbtu,PNGASEUUSDM.csv,
2000-03-01,FRED,Natural Gas Europe,3.05555555555556,USD/mmbtu,PNGASEUUSDM.csv,
2000-04-01,FRED,Natural Gas Europe,3.24,USD/mmbtu,PNGASEUUSDM.csv,
2000-05-01,FRED,Natural Gas Europe,3.24,USD/mmbtu,PNGASEUUSDM.csv,
2000-06-01,FRED,Natural Gas Europe,3.24,USD/mmbtu,PNGASEUUSDM.csv,
2000-07-01,FRED,Natural Gas Europe,3.59,USD/mmbtu,PNGASEUUSDM.csv,
2000-08-01,FRED,Natural Gas Europe,3.59,USD/mmbtu,PNGASEUUSDM.csv,
2000-09-01,FRED,Natural Gas Europe,3.59,USD/mmbtu,PNGASEUUSDM.csv,
2000-10-01,FRED,Natural Gas Europe,3.93,USD/mmbtu,PNGASEUUSDM.csv,
2000-11-01,FRED,Natural Gas Europe,3.93,USD/mmbtu,PNGASEUUSDM.csv,
2000-12-01,FRED,Natural Gas Europe,3.93,USD/mmbtu,PNGASEUUSDM.csv,
2001-01-01,FRED,Natural Gas Europe,4.22,USD/mmbtu,PNGASEUUSDM.csv,
2001-02-01,FRED,Natural Gas Europe,4.22,USD/mmbtu,PNGASEUUSDM.csv,
2001-03-01,FRED,Natural Gas Europe,4.22,USD/mmbtu,PNGASEUUSDM.csv,
2001-04-01,FRED,Natural Gas Europe,4.26,USD/mmbtu,PNGASEUUSDM.csv,
2001-05-01,FRED,Natural Gas Europe,4.26,USD/mmbtu,PNGASEUUSDM.csv,
2001-06-01,FRED,Natural Gas Europe,4.26,USD/mmbtu,PNGASEUUSDM.csv,
2001-07-01,FRED,Natural Gas Europe,3.78,USD/mmbtu,PNGASEUUSDM.csv,
2001-08-01,FRED,Natural Gas Europe,3.78,USD/mmbtu,PNGASEUUSDM.csv,
2001-09-01,FRED,Natural Gas Europe,3.78,USD/mmbtu,PNGASEUUSDM.csv,
2001-10-01,FRED,Natural Gas Europe,3.24,USD/mmbtu,PNGASEUUSDM.csv,
2001-11-01,FRED,Natural Gas Europe,3.24,USD/mmbtu,PNGASEUUSDM.csv,
2001-12-01,FRED,Natural Gas Europe,3.21857142857142,USD/mmbtu,PNGASEUUSDM.csv,
2002-01-01,FRED,Natural Gas Europe,2.79,USD/mmbtu,PNGASEUUSDM.csv,
2002-02-01,FRED,Natural Gas Europe,2.79,USD/mmbtu,PNGASEUUSDM.csv,
2002-03-01,FRED,Natural Gas Europe,2.79,USD/mmbtu,PNGASEUUSDM.csv,
2002-04-01,FRED,Natural Gas Europe,2.56,USD/mmbtu,PNGASEUUSDM.csv,
2002-05-01,FRED,Natural Gas Europe,2.56,USD/mmbtu,PNGASEUUSDM.csv,
2002-06-01,FRED,Natural Gas Europe,2.56,USD/mmbtu,PNGASEUUSDM.csv,
2002-07-01,FRED,Natural Gas Europe,2.52,USD/mmbtu,PNGASEUUSDM.csv,
2002-08-01,FRED,Natural Gas Europe,2.52,USD/mmbtu,PNGASEUUSDM.csv,
2002-09-01,FRED,Natural Gas Europe,2.53238095238095,USD/mmbtu,PNGASEUUSDM.csv,
2002-10-01,FRED,Natural Gas Europe,2.78,USD/mmbtu,PNGASEUUSDM.csv,
2002-11-01,FRED,Natural Gas Europe,2.78,USD/mmbtu,PNGASEUUSDM.csv,
2002-12-01,FRED,Natural Gas Europe,2.81363636363636,USD/mmbtu,PNGASEUUSDM.csv,
2003-01-01,FRED,Natural Gas Europe,3.15,USD/mmbtu,PNGASEUUSDM.csv,
2003-02-01,FRED,Natural Gas Europe,3.15,USD/mmbtu,PNGASEUUSDM.csv,
2003-03-01,FRED,Natural Gas Europe,3.17037037037036,USD/mmbtu,PNGASEUUSDM.csv,
2003-04-01,FRED,Natural Gas Europe,3.57777777777778,USD/mmbtu,PNGASEUUSDM.csv,
2003-05-01,FRED,Natural Gas Europe,3.57777777777778,USD/mmbtu,PNGASEUUSDM.csv,
2003-06-01,FRED,Natural Gas Europe,3.58,USD/mmbtu,PNGASEUUSDM.csv,
2003-07-01,FRED,Natural Gas Europe,3.61,USD/mmbtu,PNGASEUUSDM.csv,
2003-08-01,FRED,Natural Gas Europe,3.61,USD/mmbtu,PNGASEUUSDM.csv,
2003-09-01,FRED,Natural Gas Europe,3.61,USD/mmbtu,PNGASEUUSDM.csv,
2003-10-01,FRED,Natural Gas Europe,3.6,USD/mmbtu,PNGASEUUSDM.csv,
2003-11-01,FRED,Natural Gas Europe,3.6,USD/mmbtu,PNGASEUUSDM.csv,
2003-12-01,FRED,Natural Gas Europe,3.6,USD/mmbtu,PNGASEUUSDM.csv,
2004-01-01,FRED,Natural Gas Europe,3.39,USD/mmbtu,PNGASEUUSDM.csv,
2004-02-01,FRED,Natural Gas Europe,3.39,USD/mmbtu,PNGASEUUSDM.csv,
2004-03-01,FRED,Natural Gas Europe,3.39,USD/mmbtu,PNGASEUUSDM.csv,
2004-04-01,FRED,Natural Gas Europe,3.48,USD/mmbtu,PNGASEUUSDM.csv,
2004-05-01,FRED,Natural Gas Europe,3.48,USD/mmbtu,PNGASEUUSDM.csv,
2004-06-01,FRED,Natural Gas Europe,3.48,USD/mmbtu,PNGASEUUSDM.csv,
2004-07-01,FRED,Natural Gas Europe,3.81,USD/mmbtu,PNGASEUUSDM.csv,
2004-08-01,FRED,Natural Gas Europe,3.81,USD/mmbtu,PNGASEUUSDM.csv,
2004-09-01,FRED,Natural Gas Europe,3.81,USD/mmbtu,PNGASEUUSDM.csv,
2004-10-01,FRED,Natural Gas Europe,4.34,USD/mmbtu,PNGASEUUSDM.csv,
2004-11-01,FRED,Natural Gas Europe,4.34,USD/mmbtu,PNGASEUUSDM.csv,
2004-12-01,FRED,Natural Gas Europe,4.34,USD/mmbtu,PNGASEUUSDM.csv,
2005-01-01,FRED,Natural Gas Europe,5.06,USD/mmbtu,PNGASEUUSDM.csv,
2005-02-01,FRED,Natural Gas Europe,5.06,USD/mmbtu,PNGASEUUSDM.csv,
2005-03-01,FRED,Natural Gas Europe,5.06,USD/mmbtu,PNGASEUUSDM.csv,
2005-04-01,FRED,Natural Gas Europe,5.51,USD/mmbtu,PNGASEUUSDM.csv,
2005-05-01,FRED,Natural Gas Europe,5.51,USD/mmbtu,PNGASEUUSDM.csv,
2005-06-01,FRED,Natural Gas Europe,5.51,USD/mmbtu,PNGASEUUSDM.csv,
2005-07-01,FRED,Natural Gas Europe,6.13,USD/mmbtu,PNGASEUUSDM.csv,
2005-08-01,FRED,Natural Gas Europe,6.13,USD/mmbtu,PNGASEUUSDM.csv,
2005-09-01,FRED,Natural Gas Europe,6.13,USD/mmbtu,PNGASEUUSDM.csv,
2005-10-01,FRED,Natural Gas Europe,6.96,USD/mmbtu,PNGASEUUSDM.csv,
2005-11-01,FRED,Natural Gas Europe,6.96,USD/mmbtu,PNGASEUUSDM.csv,
2005-12-01,FRED,Natural Gas Europe,6.96,USD/mmbtu,PNGASEUUSDM.csv,
2006-01-01,FRED,Natural Gas Europe,7.66,USD/mmbtu,PNGASEUUSDM.csv,
2006-02-01,FRED,Natural Gas Europe,7.66,USD/mmbtu,PNGASEUUSDM.csv,
2006-03-01,FRED,Natural Gas Europe,7.66,USD/mmbtu,PNGASEUUSDM.csv,
2006-04-01,FRED,Natural Gas Europe,8.14,USD/mmbtu,PNGASEUUSDM.csv,
2006-05-01,FRED,Natural Gas Europe,8.14,USD/mmbtu,PNGASEUUSDM.csv,
2006-06-01,FRED,Natural Gas Europe,8.14,USD/mmbtu,PNGASEUUSDM.csv,
2006-07-01,FRED,Natural Gas Europe,8.4,USD/mmbtu,PNGASEUUSDM.csv,
2006-08-01,FRED,Natural Gas Europe,8.4,USD/mmbtu,PNGASEUUSDM.csv,
2006-09-01,FRED,Natural Gas Europe,8.4,USD/mmbtu,PNGASEUUSDM.csv,
2006-10-01,FRED,Natural Gas Europe,8.65,USD/mmbtu,PNGASEUUSDM.csv,
2006-11-01,FRED,Natural Gas Europe,8.65,USD/mmbtu,PNGASEUUSDM.csv,
2006-12-01,FRED,Natural Gas Europe,8.65,USD/mmbtu,PNGASEUUSDM.csv,
2007-01-01,FRED,Natural Gas Europe,8.39,USD/mmbtu,PNGASEUUSDM.csv,
2007-02-01,FRED,Natural Gas Europe,8.39,USD/mmbtu,PNGASEUUSDM.csv,
2007-03-01,FRED,Natural Gas Europe,8.39,USD/mmbtu,PNGASEUUSDM.csv,
2007-04-01,FRED,Natural Gas Europe,7.83,USD/mmbtu,PNGASEUUSDM.csv,
2007-05-01,FRED,Natural Gas Europe,7.83,USD/mmbtu,PNGASEUUSDM.csv,
2007-06-01,FRED,Natural Gas Europe,7.83,USD/mmbtu,PNGASEUUSDM.csv,
2007-07-01,FRED,Natural Gas Europe,7.79,USD/mmbtu,PNGASEUUSDM.csv,
2007-08-01,FRED,Natural Gas Europe,7.79,USD/mmbtu,PNGASEUUSDM.csv,
2007-09-01,FRED,Natural Gas Europe,7.79,USD/mmbtu,PNGASEUUSDM.csv,
2007-10-01,FRED,Natural Gas Europe,8.56,USD/mmbtu,PNGASEUUSDM.csv,
2007-11-01,FRED,Natural Gas Europe,8.56,USD/mmbtu,PNGASEUUSDM.csv,
2007-12-01,FRED,Natural Gas Europe,8.56,USD/mmbtu,PNGASEUUSDM.csv,
2008-01-01,FRED,Natural Gas Europe,10.27,USD/mmbtu,PNGASEUUSDM.csv,
2008-02-01,FRED,Natural Gas Europe,10.27,USD/mmbtu,PNGASEUUSDM.csv,
2008-03-01,FRED,Natural Gas Europe,10.27,USD/mmbtu,PNGASEUUSDM.csv,
2008-04-01,FRED,Natural Gas Europe,11.9,USD/mmbtu,PNGASEUUSDM.csv,
2008-05-01,FRED,Natural Gas Europe,11.9,USD/mmbtu,PNGASEUUSDM.csv,
2008-06-01,FRED,Natural Gas Europe,11.9,USD/mmbtu,PNGASEUUSDM.csv,
2008-07-01,FRED,Natural Gas Europe,14.36,USD/mmbtu,PNGASEUUSDM.csv,
2008-08-01,FRED,Natural Gas Europe,14.36,USD/mmbtu,PNGASEUUSDM.csv,
2008-09-01,FRED,Natural Gas Europe,14.36,USD/mmbtu,PNGASEUUSDM.csv,
2008-10-01,FRED,Natural Gas Europe,16.02,USD/mmbtu,PNGASEUUSDM.csv,
2008-11-01,FRED,Natural Gas Europe,16.02,USD/mmbtu,PNGASEUUSDM.csv,
2008-12-01,FRED,Natural Gas Europe,16.02,USD/mmbtu,PNGASEUUSDM.csv,
2009-01-01,FRED,Natural Gas Europe,16.02,USD/mmbtu,PNGASEUUSDM.csv,
2009-02-01,FRED,Natural Gas Europe,14.47,USD/mmbtu,PNGASEUUSDM.csv,
2009-03-01,FRED,Natural Gas Europe,11.47,USD/mmbtu,PNGASEUUSDM.csv,
2009-04-01,FRED,Natural Gas Europe,8.6,USD/mmbtu,PNGASEUUSDM.csv,
2009-05-01,FRED,Natural Gas Europe,8.6,USD/mmbtu,PNGASEUUSDM.csv,
2009-06-01,FRED,Natural Gas Europe,8.6,USD/mmbtu,PNGASEUUSDM.csv,
2009-07-01,FRED,Natural Gas Europe,6.79,USD/mmbtu,PNGASEUUSDM.csv,
2009-08-01,FRED,Natural Gas Europe,6.18,USD/mmbtu,PNGASEUUSDM.csv,
2009-09-01,FRED,Natural Gas Europe,6.18,USD/mmbtu,PNGASEUUSDM.csv,
2009-10-01,FRED,Natural Gas Europe,6.45,USD/mmbtu,PNGASEUUSDM.csv,
2009-11-01,FRED,Natural Gas Europe,6.45,USD/mmbtu,PNGASEUUSDM.csv,
2009-12-01,FRED,Natural Gas Europe,6.45,USD/mmbtu,PNGASEUUSDM.csv,
2010-01-01,FRED,Natural Gas Europe,7.59,USD/mmbtu,PNGASEUUSDM.csv,
2010-02-01,FRED,Natural Gas Europe,7.59,USD/mmbtu,PNGASEUUSDM.csv,
2010-03-01,FRED,Natural Gas Europe,7.59,USD/mmbtu,PNGASEUUSDM.csv,
2010-04-01,FRED,Natural Gas Europe,8.35,USD/mmbtu,PNGASEUUSDM.csv,
2010-05-01,FRED,Natural Gas Europe,7.87,USD/mmbtu,PNGASEUUSDM.csv,
2010-06-01,FRED,Natural Gas Europe,8.06,USD/mmbtu,PNGASEUUSDM.csv,
2010-07-01,FRED,Natural Gas Europe,8.48,USD/mmbtu,PNGASEUUSDM.csv,
2010-08-01,FRED,Natural Gas Europe,8.57,USD/mmbtu,PNGASEUUSDM.csv,
2010-09-01,FRED,Natural Gas Europe,8.49,USD/mmbtu,PNGASEUUSDM.csv,
2010-10-01,FRED,Natural Gas Europe,8.64,USD/mmbtu,PNGASEUUSDM.csv,
2010-11-01,FRED,Natural Gas Europe,8.71,USD/mmbtu,PNGASEUUSDM.csv,
2010-12-01,FRED,Natural Gas Europe,8.73,USD/mmbtu,PNGASEUUSDM.csv,
2011-01-01,FRED,Natural Gas Europe,9.19,USD/mmbtu,PNGASEUUSDM.csv,
2011-02-01,FRED,Natural Gas Europe,9.14,USD/mmbtu,PNGASEUUSDM.csv,
2011-03-01,FRED,Natural Gas Europe,9.12,USD/mmbtu,PNGASEUUSDM.csv,
2011-04-01,FRED,Natural Gas Europe,10.03,USD/mmbtu,PNGASEUUSDM.csv,
2011-05-01,FRED,Natural Gas Europe,10.02,USD/mmbtu,PNGASEUUSDM.csv,
2011-06-01,FRED,Natural Gas Europe,10.0,USD/mmbtu,PNGASEUUSDM.csv,
2011-07-01,FRED,Natural Gas Europe,11.2,USD/mmbtu,PNGASEUUSDM.csv,
2011-08-01,FRED,Natural Gas Europe,11.11,USD/mmbtu,PNGASEUUSDM.csv,
2011-09-01,FRED,Natural Gas Europe,11.11,USD/mmbtu,PNGASEUUSDM.csv,
2011-10-01,FRED,Natural Gas Europe,12.11,USD/mmbtu,PNGASEUUSDM.csv,
2011-11-01,FRED,Natural Gas Europe,12.02,USD/mmbtu,PNGASEUUSDM.csv,
2011-12-01,FRED,Natural Gas Europe,12.11,USD/mmbtu,PNGASEUUSDM.csv,
2012-01-01,FRED,Natural Gas Europe,12.33,USD/mmbtu,PNGASEUUSDM.csv,
2012-02-01,FRED,Natural Gas Europe,12.22,USD/mmbtu,PNGASEUUSDM.csv,
2012-03-01,FRED,Natural Gas Europe,12.51,USD/mmbtu,PNGASEUUSDM.csv,
2012-04-01,FRED,Natural Gas Europe,12.57,USD/mmbtu,PNGASEUUSDM.csv,
2012-05-01,FRED,Natural Gas Europe,12.57,USD/mmbtu,PNGASEUUSDM.csv,
2012-06-01,FRED,Natural Gas Europe,12.56,USD/mmbtu,PNGASEUUSDM.csv,
2012-07-01,FRED,Natural Gas Europe,11.38,USD/mmbtu,PNGASEUUSDM.csv,
2012-08-01,FRED,Natural Gas Europe,11.4,USD/mmbtu,PNGASEUUSDM.csv,
2012-09-01,FRED,Natural Gas Europe,11.38,USD/mmbtu,PNGASEUUSDM.csv,
2012-10-01,FRED,Natural Gas Europe,11.57,USD/mmbtu,PNGASEUUSDM.csv,
2012-11-01,FRED,Natural Gas Europe,11.64,USD/mmbtu,PNGASEUUSDM.csv,
2012-12-01,FRED,Natural Gas Europe,11.64,USD/mmbtu,PNGASEUUSDM.csv,
2013-01-01,FRED,Natural Gas Europe,11.39,USD/mmbtu,PNGASEUUSDM.csv,
2013-02-01,FRED,Natural Gas Europe,11.36,USD/mmbtu,PNGASEUUSDM.csv,
2013-03-01,FRED,Natural Gas Europe,11.36,USD/mmbtu,PNGASEUUSDM.csv,
2013-04-01,FRED,Natural Gas Europe,11.64,USD/mmbtu,PNGASEUUSDM.csv,
2013-05-01,FRED,Natural Gas Europe,11.41,USD/mmbtu,PNGASEUUSDM.csv,
2013-06-01,FRED,Natural Gas Europe,11.32,USD/mmbtu,PNGASEUUSDM.csv,
2013-07-01,FRED,Natural Gas Europe,10.98,USD/mmbtu,PNGASEUUSDM.csv,
2013-08-01,FRED,Natural Gas Europe,10.97,USD/mmbtu,PNGASEUUSDM.csv,
2013-09-01,FRED,Natural Gas Europe,10.96,USD/mmbtu,PNGASEUUSDM.csv,
2013-10-01,FRED,Natural Gas Europe,10.93,USD/mmbtu,PNGASEUUSDM.csv,
2013-11-01,FRED,Natural Gas Europe,10.96,USD/mmbtu,PNGASEUUSDM.csv,
2013-12-01,FRED,Natural Gas Europe,10.99,USD/mmbtu,PNGASEUUSDM.csv,
2014-01-01,FRED,Natural Gas Europe,10.9,USD/mmbtu,PNGASEUUSDM.csv,
2014-02-01,FRED,Natural Gas Europe,10.83,USD/mmbtu,PNGASEUUSDM.csv,
2014-03-01,FRED,Natural Gas Europe,10.69,USD/mmbtu,PNGASEUUSDM.csv,
2014-04-01,FRED,Natural Gas Europe,10.79,USD/mmbtu,PNGASEUUSDM.csv,
2014-05-01,FRED,Natural Gas Europe,10.64,USD/mmbtu,PNGASEUUSDM.csv,
2014-06-01,FRED,Natural Gas Europe,10.52,USD/mmbtu,PNGASEUUSDM.csv,
2014-07-01,FRED,Natural Gas Europe,9.4,USD/mmbtu,PNGASEUUSDM.csv,
2014-08-01,FRED,Natural Gas Europe,10.38,USD/mmbtu,PNGASEUUSDM.csv,
2014-09-01,FRED,Natural Gas Europe,10.4,USD/mmbtu,PNGASEUUSDM.csv,
2014-10-01,FRED,Natural Gas Europe,10.4,USD/mmbtu,PNGASEUUSDM.csv,
2014-11-01,FRED,Natural Gas Europe,10.16,USD/mmbtu,PNGASEUUSDM.csv,
2014-12-01,FRED,Natural Gas Europe,10.45,USD/mmbtu,PNGASEUUSDM.csv,
2015-01-01,FRED,Natural Gas Europe,9.5,USD/mmbtu,PNGASEUUSDM.csv,
2015-02-01,FRED,Natural Gas Europe,9.29,USD/mmbtu,PNGASEUUSDM.csv,
2015-03-01,FRED,Natural Gas Europe,9.29,USD/mmbtu,PNGASEUUSDM.csv,
2015-04-01,FRED,Natural Gas Europe,7.39,USD/mmbtu,PNGASEUUSDM.csv,
2015-05-01,FRED,Natural Gas Europe,7.37,USD/mmbtu,PNGASEUUSDM.csv,
2015-06-01,FRED,Natural Gas Europe,7.3,USD/mmbtu,PNGASEUUSDM.csv,
2015-07-01,FRED,Natural Gas Europe,6.68,USD/mmbtu,PNGASEUUSDM.csv,
2015-08-01,FRED,Natural Gas Europe,6.66,USD/mmbtu,PNGASEUUSDM.csv,
2015-09-01,FRED,Natural Gas Europe,6.49,USD/mmbtu,PNGASEUUSDM.csv,
2015-10-01,FRED,Natural Gas Europe,6.01,USD/mmbtu,PNGASEUUSDM.csv,
2015-11-01,FRED,Natural Gas Europe,5.87,USD/mmbtu,PNGASEUUSDM.csv,
2015-12-01,FRED,Natural Gas Europe,5.81,USD/mmbtu,PNGASEUUSDM.csv,
2016-01-01,FRED,Natural Gas Europe,5.09,USD/mmbtu,PNGASEUUSDM.csv,
2016-02-01,FRED,Natural Gas Europe,4.79,USD/mmbtu,PNGASEUUSDM.csv,
2016-03-01,FRED,Natural Gas Europe,4.09,USD/mmbtu,PNGASEUUSDM.csv,
2016-04-01,FRED,Natural Gas Europe,4.02,USD/mmbtu,PNGASEUUSDM.csv,
2016-05-01,FRED,Natural Gas Europe,3.99,USD/mmbtu,PNGASEUUSDM.csv,
2016-06-01,FRED,Natural Gas Europe,4.04,USD/mmbtu,PNGASEUUSDM.csv,
2016-07-01,FRED,Natural Gas Europe,4.3,USD/mmbtu,PNGASEUUSDM.csv,
2016-08-01,FRED,Natural Gas Europe,4.25,USD/mmbtu,PNGASEUUSDM.csv,
2016-09-01,FRED,Natural Gas Europe,3.96,USD/mmbtu,PNGASEUUSDM.csv,
2016-10-01,FRED,Natural Gas Europe,4.01,USD/mmbtu,PNGASEUUSDM.csv,
2016-11-01,FRED,Natural Gas Europe,4.54,USD/mmbtu,PNGASEUUSDM.csv,
2016-12-01,FRED,Natural Gas Europe,5.16,USD/mmbtu,PNGASEUUSDM.csv,
2017-01-01,FRED,Natural Gas Europe,6.27813985858586,USD/mmbtu,PNGASEUUSDM.csv,
2017-02-01,FRED,Natural Gas Europe,6.10029830555555,USD/mmbtu,PNGASEUUSDM.csv,
2017-03-01,FRED,Natural Gas Europe,4.94502034782608,USD/mmbtu,PNGASEUUSDM.csv,
2017-04-01,FRED,Natural Gas Europe,5.03512731388889,USD/mmbtu,PNGASEUUSDM.csv,
2017-05-01,FRED,Natural Gas Europe,5.07717077404447,USD/mmbtu,PNGASEUUSDM.csv,
2017-06-01,FRED,Natural Gas Europe,4.98381825297843,USD/mmbtu,PNGASEUUSDM.csv,
2017-07-01,FRED,Natural Gas Europe,5.09602758292347,USD/mmbtu,PNGASEUUSDM.csv,
2017-08-01,FRED,Natural Gas Europe,5.53605864288667,USD/mmbtu,PNGASEUUSDM.csv,
2017-09-01,FRED,Natural Gas Europe,6.04060639329964,USD/mmbtu,PNGASEUUSDM.csv,
2017-10-01,FRED,Natural Gas Europe,5.8925193535705,USD/mmbtu,PNGASEUUSDM.csv,
2017-11-01,FRED,Natural Gas Europe,6.73403752405179,USD/mmbtu,PNGASEUUSDM.csv,
2017-12-01,FRED,Natural Gas Europe,7.20979162558986,USD/mmbtu,PNGASEUUSDM.csv,
2018-01-01,FRED,Natural Gas Europe,6.6483033104452,USD/mmbtu,PNGASEUUSDM.csv,
2018-02-01,FRED,Natural Gas Europe,7.84103556202786,USD/mmbtu,PNGASEUUSDM.csv,
2018-03-01,FRED,Natural Gas Europe,8.53636130051361,USD/mmbtu,PNGASEUUSDM.csv,
2018-04-01,FRED,Natural Gas Europe,7.06473256709682,USD/mmbtu,PNGASEUUSDM.csv,
2018-05-01,FRED,Natural Gas Europe,7.46086307392455,USD/mmbtu,PNGASEUUSDM.csv,
2018-06-01,FRED,Natural Gas Europe,7.50442301005288,USD/mmbtu,PNGASEUUSDM.csv,
2018-07-01,FRED,Natural Gas Europe,7.62106268282328,USD/mmbtu,PNGASEUUSDM.csv,
2018-08-01,FRED,Natural Gas Europe,8.10411407925839,USD/mmbtu,PNGASEUUSDM.csv,
2018-09-01,FRED,Natural Gas Europe,9.51888018341773,USD/mmbtu,PNGASEUUSDM.csv,
2018-10-01,FRED,Natural Gas Europe,8.59591459921168,USD/mmbtu,PNGASEUUSDM.csv,
2018-11-01,FRED,Natural Gas Europe,8.20449016673927,USD/mmbtu,PNGASEUUSDM.csv,
2018-12-01,FRED,Natural Gas Europe,7.89294582141602,USD/mmbtu,PNGASEUUSDM.csv,
2019-01-01,FRED,Natural Gas Europe,7.16106495279494,USD/mmbtu,PNGASEUUSDM.csv,
2019-02-01,FRED,Natural Gas Europe,5.98633856004478,USD/mmbtu,PNGASEUUSDM.csv,
2019-03-01,FRED,Natural Gas Europe,5.19718007325235,USD/mmbtu,PNGASEUUSDM.csv,
2019-04-01,FRED,Natural Gas Europe,4.95324985018727,USD/mmbtu,PNGASEUUSDM.csv,
2019-05-01,FRED,Natural Gas Europe,4.36018288772047,USD/mmbtu,PNGASEUUSDM.csv,
2019-06-01,FRED,Natural Gas Europe,3.4830359995733,USD/mmbtu,PNGASEUUSDM.csv,
2019-07-01,FRED,Natural Gas Europe,3.59594390863893,USD/mmbtu,PNGASEUUSDM.csv,
2019-08-01,FRED,Natural Gas Europe,3.27019667685218,USD/mmbtu,PNGASEUUSDM.csv,
2019-09-01,FRED,Natural Gas Europe,3.08680458622908,USD/mmbtu,PNGASEUUSDM.csv,
2019-10-01,FRED,Natural Gas Europe,3.33972424571811,USD/mmbtu,PNGASEUUSDM.csv,
2019-11-01,FRED,Natural Gas Europe,4.78101952320268,USD/mmbtu,PNGASEUUSDM.csv,
2019-12-01,FRED,Natural Gas Europe,4.24354874414172,USD/mmbtu,PNGASEUUSDM.csv,
2020-01-01,FRED,Natural Gas Europe,3.626269711,USD/mmbtu,PNGASEUUSDM.csv,
2020-02-01,FRED,Natural Gas Europe,2.995477203,USD/mmbtu,PNGASEUUSDM.csv,
2020-03-01,FRED,Natural Gas Europe,2.789823671,USD/mmbtu,PNGASEUUSDM.csv,
2020-04-01,FRED,Natural Gas Europe,2.083882202,USD/mmbtu,PNGASEUUSDM.csv,
2020-05-01,FRED,Natural Gas Europe,1.46261232,USD/mmbtu,PNGASEUUSDM.csv,
2020-06-01,FRED,Natural Gas Europe,1.647299982,USD/mmbtu,PNGASEUUSDM.csv,
2020-07-01,FRED,Natural Gas Europe,1.640862822,USD/mmbtu,PNGASEUUSDM.csv,
2020-08-01,FRED,Natural Gas Europe,2.611565546,USD/mmbtu,PNGASEUUSDM.csv,
2020-09-01,FRED,Natural Gas Europe,3.854995574,USD/mmbtu,PNGASEUUSDM.csv,
2020-10-01,FRED,Natural Gas Europe,4.813821635,USD/mmbtu,PNGASEUUSDM.csv,
2020-11-01,FRED,Natural Gas Europe,4.783507944,USD/mmbtu,PNGASEUUSDM.csv,
2020-12-01,FRED,Natural Gas Europe,5.828639183,USD/mmbtu,PNGASEUUSDM.csv,
2021-01-01,FRED,Natural Gas Europe,7.302820662,USD/mmbtu,PNGASEUUSDM.csv,
2021-02-01,FRED,Natural Gas Europe,6.171340829,USD/mmbtu,PNGASEUUSDM.csv,
2021-03-01,FRED,Natural Gas Europe,6.205197385,USD/mmbtu,PNGASEUUSDM.csv,
2021-04-01,FRED,Natural Gas Europe,7.282723606,USD/mmbtu,PNGASEUUSDM.csv,
2021-05-01,FRED,Natural Gas Europe,9.004704035,USD/mmbtu,PNGASEUUSDM.csv,
2021-06-01,FRED,Natural Gas Europe,10.32413911,USD/mmbtu,PNGASEUUSDM.csv,
2021-07-01,FRED,Natural Gas Europe,12.5242466,USD/mmbtu,PNGASEUUSDM.csv,
2021-08-01,FRED,Natural Gas Europe,15.27902912,USD/mmbtu,PNGASEUUSDM.csv,
2021-09-01,FRED,Natural Gas Europe,22.23282724,USD/mmbtu,PNGASEUUSDM.csv,
2021-10-01,FRED,Natural Gas Europe,29.81414289,USD/mmbtu,PNGASEUUSDM.csv,
2021-11-01,FRED,Natural Gas Europe,27.38382608,USD/mmbtu,PNGASEUUSDM.csv,
2021-12-01,FRED,Natural Gas Europe,37.36336306,USD/mmbtu,PNGASEUUSDM.csv,
2022-01-01,FRED,Natural Gas Europe,27.89094479,USD/mmbtu,PNGASEUUSDM.csv,
2022-02-01,FRED,Natural Gas Europe,26.98428134,USD/mmbtu,PNGASEUUSDM.csv,
2022-03-01,FRED,Natural Gas Europe,41.72768831,USD/mmbtu,PNGASEUUSDM.csv,
2022-04-01,FRED,Natural Gas Europe,31.9898743,USD/mmbtu,PNGASEUUSDM.csv,
2022-05-01,FRED,Natural Gas Europe,27.46416643,USD/mmbtu,PNGASEUUSDM.csv,
2022-06-01,FRED,Natural Gas Europe,32.91260722,USD/mmbtu,PNGASEUUSDM.csv,
2022-07-01,FRED,Natural Gas Europe,51.14591252,USD/mmbtu,PNGASEUUSDM.csv,
2022-08-01,FRED,Natural Gas Europe,69.97723933,USD/mmbtu,PNGASEUUSDM.csv,
2022-09-01,FRED,Natural Gas Europe,55.1791274,USD/mmbtu,PNGASEUUSDM.csv,
2022-10-01,FRED,Natural Gas Europe,20.80663685,USD/mmbtu,PNGASEUUSDM.csv,
2022-11-01,FRED,Natural Gas Europe,28.79080462,USD/mmbtu,PNGASEUUSDM.csv,
2022-12-01,FRED,Natural Gas Europe,35.36873121,USD/mmbtu,PNGASEUUSDM.csv,
2023-01-01,FRED,Natural Gas Europe,19.88618693,USD/mmbtu,PNGASEUUSDM.csv,
2023-02-01,FRED,Natural Gas Europe,16.73725918,USD/mmbtu,PNGASEUUSDM.csv,
2023-03-01,FRED,Natural Gas Europe,13.87044037,USD/mmbtu,PNGASEUUSDM.csv,
2023-04-01,FRED,Natural Gas Europe,13.68398726,USD/mmbtu,PNGASEUUSDM.csv,
2023-05-01,FRED,Natural Gas Europe,9.970048913,USD/mmbtu,PNGASEUUSDM.csv,
2023-06-01,FRED,Natural Gas Europe,10.2937317,USD/mmbtu,PNGASEUUSDM.csv,
2023-07-01,FRED,Natural Gas Europe,9.611719136,USD/mmbtu,PNGASEUUSDM.csv,
2023-08-01,FRED,Natural Gas Europe,10.7174213,USD/mmbtu,PNGASEUUSDM.csv,
2023-09-01,FRED,Natural Gas Europe,11.42793016,USD/mmbtu,PNGASEUUSDM.csv,
2023-10-01,FRED,Natural Gas Europe,13.38884281,USD/mmbtu,PNGASEUUSDM.csv,
2023-11-01,FRED,Natural Gas Europe,13.71431567,USD/mmbtu,PNGASEUUSDM.csv,
2023-12-01,FRED,Natural Gas Europe,11.29629149,USD/mmbtu,PNGASEUUSDM.csv,
2024-01-01,FRED,Natural Gas Europe,9.531191123,USD/mmbtu,PNGASEUUSDM.csv,
2024-02-01,FRED,Natural Gas Europe,8.098181356,USD/mmbtu,PNGASEUUSDM.csv,
2024-03-01,FRED,Natural Gas Europe,8.511035509,USD/mmbtu,PNGASEUUSDM.csv,
2024-04-01,FRED,Natural Gas Europe,9.129581313,USD/mmbtu,PNGASEUUSDM.csv,
2024-05-01,FRED,Natural Gas Europe,10.10962113,USD/mmbtu,PNGASEUUSDM.csv,
2024-06-01,FRED,Natural Gas Europe,10.80662625,USD/mmbtu,PNGASEUUSDM.csv,
2024-07-01,FRED,Natural Gas Europe,10.23979241,USD/mmbtu,PNGASEUUSDM.csv,
2024-08-01,FRED,Natural Gas Europe,12.1938459,USD/mmbtu,PNGASEUUSDM.csv,
2024-09-01,FRED,Natural Gas Europe,11.750812,USD/mmbtu,PNGASEUUSDM.csv,
2024-10-01,FRED,Natural Gas Europe,12.755,USD/mmbtu,PNGASEUUSDM.csv,
2024-11-01,FRED,Natural Gas Europe,13.811,USD/mmbtu,PNGASEUUSDM.csv,
2024-12-01,FRED,Natural Gas Europe,13.757,USD/mmbtu,PNGASEUUSDM.csv,
2025-01-01,FRED,Natural Gas Europe,14.75909611,USD/mmbtu,PNGASEUUSDM.csv,
2025-02-01,FRED,Natural Gas Europe,15.37638294,USD/mmbtu,PNGASEUUSDM.csv,
2025-03-01,FRED,Natural Gas Europe,13.15601031,USD/mmbtu,PNGASEUUSDM.csv,
2025-04-01,FRED,Natural Gas Europe,11.57195747,USD/mmbtu,PNGASEUUSDM.csv,
2025-05-01,FRED,Natural Gas Europe,11.62379688,USD/mmbtu,PNGASEUUSDM.csv,
2025-06-01,FRED,Natural Gas Europe,12.30058745,USD/mmbtu,PNGASEUUSDM.csv,
2025-07-01,FRED,Natural Gas Europe,11.47064619,USD/mmbtu,PNGASEUUSDM.csv,
2025-08-01,FRED,Natural Gas Europe,10.97523233,USD/mmbtu,PNGASEUUSDM.csv,
2025-09-01,FRED,Natural Gas Europe,11.003,USD/mmbtu,PNGASEUUSDM.csv,
2025-10-01,FRED,Natural Gas Europe,10.897,USD/mmbtu,PNGASEUUSDM.csv,
2025-11-01,FRED,Natural Gas Europe,10.355,USD/mmbtu,PNGASEUUSDM.csv,
2025-12-01,FRED,Natural Gas Europe,9.46,USD/mmbtu,PNGASEUUSDM.csv,
2026-01-01,FRED,Natural Gas Europe,11.987,USD/mmbtu,PNGASEUUSDM.csv,
2026-02-01,FRED,Natural Gas Europe,11.19,USD/mmbtu,PNGASEUUSDM.csv,
2026-03-01,FRED,Natural Gas Europe,17.67,USD/mmbtu,PNGASEUUSDM.csv,
2026-04-01,FRED,Natural Gas Europe,15.393,USD/mmbtu,PNGASEUUSDM.csv,
2026-05-01,FRED,Natural Gas Europe,16.153,USD/mmbtu,PNGASEUUSDM.csv,
2026-06-01,FRED,Natural Gas Europe,15.092,USD/mmbtu,PNGASEUUSDM.csv,
1987-05-01,FRED,Crude Oil Brent,18.58,USD/bbl,MCOILBRENTEU.csv,
1987-06-01,FRED,Crude Oil Brent,18.86,USD/bbl,MCOILBRENTEU.csv,
1987-07-01,FRED,Crude Oil Brent,19.86,USD/bbl,MCOILBRENTEU.csv,
1987-08-01,FRED,Crude Oil Brent,18.98,USD/bbl,MCOILBRENTEU.csv,
1987-09-01,FRED,Crude Oil Brent,18.31,USD/bbl,MCOILBRENTEU.csv,
1987-10-01,FRED,Crude Oil Brent,18.76,USD/bbl,MCOILBRENTEU.csv,
1987-11-01,FRED,Crude Oil Brent,17.78,USD/bbl,MCOILBRENTEU.csv,
1987-12-01,FRED,Crude Oil Brent,17.05,USD/bbl,MCOILBRENTEU.csv,
1988-01-01,FRED,Crude Oil Brent,16.75,USD/bbl,MCOILBRENTEU.csv,
1988-02-01,FRED,Crude Oil Brent,15.73,USD/bbl,MCOILBRENTEU.csv,
1988-03-01,FRED,Crude Oil Brent,14.73,USD/bbl,MCOILBRENTEU.csv,
1988-04-01,FRED,Crude Oil Brent,16.6,USD/bbl,MCOILBRENTEU.csv,
1988-05-01,FRED,Crude Oil Brent,16.31,USD/bbl,MCOILBRENTEU.csv,
1988-06-01,FRED,Crude Oil Brent,15.54,USD/bbl,MCOILBRENTEU.csv,
1988-07-01,FRED,Crude Oil Brent,14.91,USD/bbl,MCOILBRENTEU.csv,
1988-08-01,FRED,Crude Oil Brent,14.89,USD/bbl,MCOILBRENTEU.csv,
1988-09-01,FRED,Crude Oil Brent,13.18,USD/bbl,MCOILBRENTEU.csv,
1988-10-01,FRED,Crude Oil Brent,12.41,USD/bbl,MCOILBRENTEU.csv,
1988-11-01,FRED,Crude Oil Brent,13.02,USD/bbl,MCOILBRENTEU.csv,
1988-12-01,FRED,Crude Oil Brent,15.31,USD/bbl,MCOILBRENTEU.csv,
1989-01-01,FRED,Crude Oil Brent,17.17,USD/bbl,MCOILBRENTEU.csv,
1989-02-01,FRED,Crude Oil Brent,16.89,USD/bbl,MCOILBRENTEU.csv,
1989-03-01,FRED,Crude Oil Brent,18.7,USD/bbl,MCOILBRENTEU.csv,
1989-04-01,FRED,Crude Oil Brent,20.32,USD/bbl,MCOILBRENTEU.csv,
1989-05-01,FRED,Crude Oil Brent,18.63,USD/bbl,MCOILBRENTEU.csv,
1989-06-01,FRED,Crude Oil Brent,17.67,USD/bbl,MCOILBRENTEU.csv,
1989-07-01,FRED,Crude Oil Brent,17.62,USD/bbl,MCOILBRENTEU.csv,
1989-08-01,FRED,Crude Oil Brent,16.77,USD/bbl,MCOILBRENTEU.csv,
1989-09-01,FRED,Crude Oil Brent,17.77,USD/bbl,MCOILBRENTEU.csv,
1989-10-01,FRED,Crude Oil Brent,18.91,USD/bbl,MCOILBRENTEU.csv,
1989-11-01,FRED,Crude Oil Brent,18.73,USD/bbl,MCOILBRENTEU.csv,
1989-12-01,FRED,Crude Oil Brent,19.84,USD/bbl,MCOILBRENTEU.csv,
1990-01-01,FRED,Crude Oil Brent,21.25,USD/bbl,MCOILBRENTEU.csv,
1990-02-01,FRED,Crude Oil Brent,19.81,USD/bbl,MCOILBRENTEU.csv,
1990-03-01,FRED,Crude Oil Brent,18.39,USD/bbl,MCOILBRENTEU.csv,
1990-04-01,FRED,Crude Oil Brent,16.61,USD/bbl,MCOILBRENTEU.csv,
1990-05-01,FRED,Crude Oil Brent,16.35,USD/bbl,MCOILBRENTEU.csv,
1990-06-01,FRED,Crude Oil Brent,15.1,USD/bbl,MCOILBRENTEU.csv,
1990-07-01,FRED,Crude Oil Brent,17.17,USD/bbl,MCOILBRENTEU.csv,
1990-08-01,FRED,Crude Oil Brent,27.17,USD/bbl,MCOILBRENTEU.csv,
1990-09-01,FRED,Crude Oil Brent,34.9,USD/bbl,MCOILBRENTEU.csv,
1990-10-01,FRED,Crude Oil Brent,36.02,USD/bbl,MCOILBRENTEU.csv,
1990-11-01,FRED,Crude Oil Brent,33.07,USD/bbl,MCOILBRENTEU.csv,
1990-12-01,FRED,Crude Oil Brent,28.27,USD/bbl,MCOILBRENTEU.csv,
1991-01-01,FRED,Crude Oil Brent,23.57,USD/bbl,MCOILBRENTEU.csv,
1991-02-01,FRED,Crude Oil Brent,19.54,USD/bbl,MCOILBRENTEU.csv,
1991-03-01,FRED,Crude Oil Brent,19.08,USD/bbl,MCOILBRENTEU.csv,
1991-04-01,FRED,Crude Oil Brent,19.18,USD/bbl,MCOILBRENTEU.csv,
1991-05-01,FRED,Crude Oil Brent,19.19,USD/bbl,MCOILBRENTEU.csv,
1991-06-01,FRED,Crude Oil Brent,18.17,USD/bbl,MCOILBRENTEU.csv,
1991-07-01,FRED,Crude Oil Brent,19.4,USD/bbl,MCOILBRENTEU.csv,
1991-08-01,FRED,Crude Oil Brent,19.77,USD/bbl,MCOILBRENTEU.csv,
1991-09-01,FRED,Crude Oil Brent,20.5,USD/bbl,MCOILBRENTEU.csv,
1991-10-01,FRED,Crude Oil Brent,22.21,USD/bbl,MCOILBRENTEU.csv,
1991-11-01,FRED,Crude Oil Brent,21.11,USD/bbl,MCOILBRENTEU.csv,
1991-12-01,FRED,Crude Oil Brent,18.41,USD/bbl,MCOILBRENTEU.csv,
1992-01-01,FRED,Crude Oil Brent,18.16,USD/bbl,MCOILBRENTEU.csv,
1992-02-01,FRED,Crude Oil Brent,18.05,USD/bbl,MCOILBRENTEU.csv,
1992-03-01,FRED,Crude Oil Brent,17.63,USD/bbl,MCOILBRENTEU.csv,
1992-04-01,FRED,Crude Oil Brent,18.92,USD/bbl,MCOILBRENTEU.csv,
1992-05-01,FRED,Crude Oil Brent,19.89,USD/bbl,MCOILBRENTEU.csv,
1992-06-01,FRED,Crude Oil Brent,21.16,USD/bbl,MCOILBRENTEU.csv,
1992-07-01,FRED,Crude Oil Brent,20.24,USD/bbl,MCOILBRENTEU.csv,
1992-08-01,FRED,Crude Oil Brent,19.74,USD/bbl,MCOILBRENTEU.csv,
1992-09-01,FRED,Crude Oil Brent,20.27,USD/bbl,MCOILBRENTEU.csv,
1992-10-01,FRED,Crude Oil Brent,20.26,USD/bbl,MCOILBRENTEU.csv,
1992-11-01,FRED,Crude Oil Brent,19.21,USD/bbl,MCOILBRENTEU.csv,
1992-12-01,FRED,Crude Oil Brent,18.14,USD/bbl,MCOILBRENTEU.csv,
1993-01-01,FRED,Crude Oil Brent,17.39,USD/bbl,MCOILBRENTEU.csv,
1993-02-01,FRED,Crude Oil Brent,18.47,USD/bbl,MCOILBRENTEU.csv,
1993-03-01,FRED,Crude Oil Brent,18.79,USD/bbl,MCOILBRENTEU.csv,
1993-04-01,FRED,Crude Oil Brent,18.67,USD/bbl,MCOILBRENTEU.csv,
1993-05-01,FRED,Crude Oil Brent,18.51,USD/bbl,MCOILBRENTEU.csv,
1993-06-01,FRED,Crude Oil Brent,17.65,USD/bbl,MCOILBRENTEU.csv,
1993-07-01,FRED,Crude Oil Brent,16.78,USD/bbl,MCOILBRENTEU.csv,
1993-08-01,FRED,Crude Oil Brent,16.7,USD/bbl,MCOILBRENTEU.csv,
1993-09-01,FRED,Crude Oil Brent,16.01,USD/bbl,MCOILBRENTEU.csv,
1993-10-01,FRED,Crude Oil Brent,16.61,USD/bbl,MCOILBRENTEU.csv,
1993-11-01,FRED,Crude Oil Brent,15.2,USD/bbl,MCOILBRENTEU.csv,
1993-12-01,FRED,Crude Oil Brent,13.73,USD/bbl,MCOILBRENTEU.csv,
1994-01-01,FRED,Crude Oil Brent,14.29,USD/bbl,MCOILBRENTEU.csv,
1994-02-01,FRED,Crude Oil Brent,13.8,USD/bbl,MCOILBRENTEU.csv,
1994-03-01,FRED,Crude Oil Brent,13.82,USD/bbl,MCOILBRENTEU.csv,
1994-04-01,FRED,Crude Oil Brent,15.23,USD/bbl,MCOILBRENTEU.csv,
1994-05-01,FRED,Crude Oil Brent,16.19,USD/bbl,MCOILBRENTEU.csv,
1994-06-01,FRED,Crude Oil Brent,16.76,USD/bbl,MCOILBRENTEU.csv,
1994-07-01,FRED,Crude Oil Brent,17.6,USD/bbl,MCOILBRENTEU.csv,
1994-08-01,FRED,Crude Oil Brent,16.89,USD/bbl,MCOILBRENTEU.csv,
1994-09-01,FRED,Crude Oil Brent,15.9,USD/bbl,MCOILBRENTEU.csv,
1994-10-01,FRED,Crude Oil Brent,16.49,USD/bbl,MCOILBRENTEU.csv,
1994-11-01,FRED,Crude Oil Brent,17.19,USD/bbl,MCOILBRENTEU.csv,
1994-12-01,FRED,Crude Oil Brent,15.93,USD/bbl,MCOILBRENTEU.csv,
1995-01-01,FRED,Crude Oil Brent,16.55,USD/bbl,MCOILBRENTEU.csv,
1995-02-01,FRED,Crude Oil Brent,17.11,USD/bbl,MCOILBRENTEU.csv,
1995-03-01,FRED,Crude Oil Brent,17.01,USD/bbl,MCOILBRENTEU.csv,
1995-04-01,FRED,Crude Oil Brent,18.65,USD/bbl,MCOILBRENTEU.csv,
1995-05-01,FRED,Crude Oil Brent,18.35,USD/bbl,MCOILBRENTEU.csv,
1995-06-01,FRED,Crude Oil Brent,17.31,USD/bbl,MCOILBRENTEU.csv,
1995-07-01,FRED,Crude Oil Brent,15.85,USD/bbl,MCOILBRENTEU.csv,
1995-08-01,FRED,Crude Oil Brent,16.1,USD/bbl,MCOILBRENTEU.csv,
1995-09-01,FRED,Crude Oil Brent,16.7,USD/bbl,MCOILBRENTEU.csv,
1995-10-01,FRED,Crude Oil Brent,16.11,USD/bbl,MCOILBRENTEU.csv,
1995-11-01,FRED,Crude Oil Brent,16.86,USD/bbl,MCOILBRENTEU.csv,
1995-12-01,FRED,Crude Oil Brent,17.93,USD/bbl,MCOILBRENTEU.csv,
1996-01-01,FRED,Crude Oil Brent,17.85,USD/bbl,MCOILBRENTEU.csv,
1996-02-01,FRED,Crude Oil Brent,18.0,USD/bbl,MCOILBRENTEU.csv,
1996-03-01,FRED,Crude Oil Brent,19.85,USD/bbl,MCOILBRENTEU.csv,
1996-04-01,FRED,Crude Oil Brent,20.9,USD/bbl,MCOILBRENTEU.csv,
1996-05-01,FRED,Crude Oil Brent,19.15,USD/bbl,MCOILBRENTEU.csv,
1996-06-01,FRED,Crude Oil Brent,18.46,USD/bbl,MCOILBRENTEU.csv,
1996-07-01,FRED,Crude Oil Brent,19.57,USD/bbl,MCOILBRENTEU.csv,
1996-08-01,FRED,Crude Oil Brent,20.51,USD/bbl,MCOILBRENTEU.csv,
1996-09-01,FRED,Crude Oil Brent,22.63,USD/bbl,MCOILBRENTEU.csv,
1996-10-01,FRED,Crude Oil Brent,24.16,USD/bbl,MCOILBRENTEU.csv,
1996-11-01,FRED,Crude Oil Brent,22.76,USD/bbl,MCOILBRENTEU.csv,
1996-12-01,FRED,Crude Oil Brent,23.78,USD/bbl,MCOILBRENTEU.csv,
1997-01-01,FRED,Crude Oil Brent,23.54,USD/bbl,MCOILBRENTEU.csv,
1997-02-01,FRED,Crude Oil Brent,20.85,USD/bbl,MCOILBRENTEU.csv,
1997-03-01,FRED,Crude Oil Brent,19.13,USD/bbl,MCOILBRENTEU.csv,
1997-04-01,FRED,Crude Oil Brent,17.56,USD/bbl,MCOILBRENTEU.csv,
1997-05-01,FRED,Crude Oil Brent,19.02,USD/bbl,MCOILBRENTEU.csv,
1997-06-01,FRED,Crude Oil Brent,17.58,USD/bbl,MCOILBRENTEU.csv,
1997-07-01,FRED,Crude Oil Brent,18.46,USD/bbl,MCOILBRENTEU.csv,
1997-08-01,FRED,Crude Oil Brent,18.6,USD/bbl,MCOILBRENTEU.csv,
1997-09-01,FRED,Crude Oil Brent,18.46,USD/bbl,MCOILBRENTEU.csv,
1997-10-01,FRED,Crude Oil Brent,19.87,USD/bbl,MCOILBRENTEU.csv,
1997-11-01,FRED,Crude Oil Brent,19.17,USD/bbl,MCOILBRENTEU.csv,
1997-12-01,FRED,Crude Oil Brent,17.18,USD/bbl,MCOILBRENTEU.csv,
1998-01-01,FRED,Crude Oil Brent,15.19,USD/bbl,MCOILBRENTEU.csv,
1998-02-01,FRED,Crude Oil Brent,14.07,USD/bbl,MCOILBRENTEU.csv,
1998-03-01,FRED,Crude Oil Brent,13.1,USD/bbl,MCOILBRENTEU.csv,
1998-04-01,FRED,Crude Oil Brent,13.53,USD/bbl,MCOILBRENTEU.csv,
1998-05-01,FRED,Crude Oil Brent,14.36,USD/bbl,MCOILBRENTEU.csv,
1998-06-01,FRED,Crude Oil Brent,12.21,USD/bbl,MCOILBRENTEU.csv,
1998-07-01,FRED,Crude Oil Brent,12.08,USD/bbl,MCOILBRENTEU.csv,
1998-08-01,FRED,Crude Oil Brent,11.91,USD/bbl,MCOILBRENTEU.csv,
1998-09-01,FRED,Crude Oil Brent,13.34,USD/bbl,MCOILBRENTEU.csv,
1998-10-01,FRED,Crude Oil Brent,12.7,USD/bbl,MCOILBRENTEU.csv,
1998-11-01,FRED,Crude Oil Brent,11.04,USD/bbl,MCOILBRENTEU.csv,
1998-12-01,FRED,Crude Oil Brent,9.82,USD/bbl,MCOILBRENTEU.csv,
1999-01-01,FRED,Crude Oil Brent,11.11,USD/bbl,MCOILBRENTEU.csv,
1999-02-01,FRED,Crude Oil Brent,10.27,USD/bbl,MCOILBRENTEU.csv,
1999-03-01,FRED,Crude Oil Brent,12.51,USD/bbl,MCOILBRENTEU.csv,
1999-04-01,FRED,Crude Oil Brent,15.29,USD/bbl,MCOILBRENTEU.csv,
1999-05-01,FRED,Crude Oil Brent,15.23,USD/bbl,MCOILBRENTEU.csv,
1999-06-01,FRED,Crude Oil Brent,15.86,USD/bbl,MCOILBRENTEU.csv,
1999-07-01,FRED,Crude Oil Brent,19.08,USD/bbl,MCOILBRENTEU.csv,
1999-08-01,FRED,Crude Oil Brent,20.22,USD/bbl,MCOILBRENTEU.csv,
1999-09-01,FRED,Crude Oil Brent,22.54,USD/bbl,MCOILBRENTEU.csv,
1999-10-01,FRED,Crude Oil Brent,22.0,USD/bbl,MCOILBRENTEU.csv,
1999-11-01,FRED,Crude Oil Brent,24.58,USD/bbl,MCOILBRENTEU.csv,
1999-12-01,FRED,Crude Oil Brent,25.47,USD/bbl,MCOILBRENTEU.csv,
2000-01-01,FRED,Crude Oil Brent,25.51,USD/bbl,MCOILBRENTEU.csv,
2000-02-01,FRED,Crude Oil Brent,27.78,USD/bbl,MCOILBRENTEU.csv,
2000-03-01,FRED,Crude Oil Brent,27.49,USD/bbl,MCOILBRENTEU.csv,
2000-04-01,FRED,Crude Oil Brent,22.76,USD/bbl,MCOILBRENTEU.csv,
2000-05-01,FRED,Crude Oil Brent,27.74,USD/bbl,MCOILBRENTEU.csv,
2000-06-01,FRED,Crude Oil Brent,29.8,USD/bbl,MCOILBRENTEU.csv,
2000-07-01,FRED,Crude Oil Brent,28.68,USD/bbl,MCOILBRENTEU.csv,
2000-08-01,FRED,Crude Oil Brent,30.2,USD/bbl,MCOILBRENTEU.csv,
2000-09-01,FRED,Crude Oil Brent,33.14,USD/bbl,MCOILBRENTEU.csv,
2000-10-01,FRED,Crude Oil Brent,30.96,USD/bbl,MCOILBRENTEU.csv,
2000-11-01,FRED,Crude Oil Brent,32.55,USD/bbl,MCOILBRENTEU.csv,
2000-12-01,FRED,Crude Oil Brent,25.66,USD/bbl,MCOILBRENTEU.csv,
2001-01-01,FRED,Crude Oil Brent,25.62,USD/bbl,MCOILBRENTEU.csv,
2001-02-01,FRED,Crude Oil Brent,27.5,USD/bbl,MCOILBRENTEU.csv,
2001-03-01,FRED,Crude Oil Brent,24.5,USD/bbl,MCOILBRENTEU.csv,
2001-04-01,FRED,Crude Oil Brent,25.66,USD/bbl,MCOILBRENTEU.csv,
2001-05-01,FRED,Crude Oil Brent,28.31,USD/bbl,MCOILBRENTEU.csv,
2001-06-01,FRED,Crude Oil Brent,27.85,USD/bbl,MCOILBRENTEU.csv,
2001-07-01,FRED,Crude Oil Brent,24.61,USD/bbl,MCOILBRENTEU.csv,
2001-08-01,FRED,Crude Oil Brent,25.68,USD/bbl,MCOILBRENTEU.csv,
2001-09-01,FRED,Crude Oil Brent,25.62,USD/bbl,MCOILBRENTEU.csv,
2001-10-01,FRED,Crude Oil Brent,20.54,USD/bbl,MCOILBRENTEU.csv,
2001-11-01,FRED,Crude Oil Brent,18.8,USD/bbl,MCOILBRENTEU.csv,
2001-12-01,FRED,Crude Oil Brent,18.71,USD/bbl,MCOILBRENTEU.csv,
2002-01-01,FRED,Crude Oil Brent,19.42,USD/bbl,MCOILBRENTEU.csv,
2002-02-01,FRED,Crude Oil Brent,20.28,USD/bbl,MCOILBRENTEU.csv,
2002-03-01,FRED,Crude Oil Brent,23.7,USD/bbl,MCOILBRENTEU.csv,
2002-04-01,FRED,Crude Oil Brent,25.73,USD/bbl,MCOILBRENTEU.csv,
2002-05-01,FRED,Crude Oil Brent,25.35,USD/bbl,MCOILBRENTEU.csv,
2002-06-01,FRED,Crude Oil Brent,24.08,USD/bbl,MCOILBRENTEU.csv,
2002-07-01,FRED,Crude Oil Brent,25.74,USD/bbl,MCOILBRENTEU.csv,
2002-08-01,FRED,Crude Oil Brent,26.65,USD/bbl,MCOILBRENTEU.csv,
2002-09-01,FRED,Crude Oil Brent,28.4,USD/bbl,MCOILBRENTEU.csv,
2002-10-01,FRED,Crude Oil Brent,27.54,USD/bbl,MCOILBRENTEU.csv,
2002-11-01,FRED,Crude Oil Brent,24.34,USD/bbl,MCOILBRENTEU.csv,
2002-12-01,FRED,Crude Oil Brent,28.33,USD/bbl,MCOILBRENTEU.csv,
2003-01-01,FRED,Crude Oil Brent,31.18,USD/bbl,MCOILBRENTEU.csv,
2003-02-01,FRED,Crude Oil Brent,32.77,USD/bbl,MCOILBRENTEU.csv,
2003-03-01,FRED,Crude Oil Brent,30.61,USD/bbl,MCOILBRENTEU.csv,
2003-04-01,FRED,Crude Oil Brent,25.0,USD/bbl,MCOILBRENTEU.csv,
2003-05-01,FRED,Crude Oil Brent,25.86,USD/bbl,MCOILBRENTEU.csv,
2003-06-01,FRED,Crude Oil Brent,27.65,USD/bbl,MCOILBRENTEU.csv,
2003-07-01,FRED,Crude Oil Brent,28.35,USD/bbl,MCOILBRENTEU.csv,
2003-08-01,FRED,Crude Oil Brent,29.89,USD/bbl,MCOILBRENTEU.csv,
2003-09-01,FRED,Crude Oil Brent,27.11,USD/bbl,MCOILBRENTEU.csv,
2003-10-01,FRED,Crude Oil Brent,29.61,USD/bbl,MCOILBRENTEU.csv,
2003-11-01,FRED,Crude Oil Brent,28.75,USD/bbl,MCOILBRENTEU.csv,
2003-12-01,FRED,Crude Oil Brent,29.81,USD/bbl,MCOILBRENTEU.csv,
2004-01-01,FRED,Crude Oil Brent,31.28,USD/bbl,MCOILBRENTEU.csv,
2004-02-01,FRED,Crude Oil Brent,30.86,USD/bbl,MCOILBRENTEU.csv,
2004-03-01,FRED,Crude Oil Brent,33.63,USD/bbl,MCOILBRENTEU.csv,
2004-04-01,FRED,Crude Oil Brent,33.59,USD/bbl,MCOILBRENTEU.csv,
2004-05-01,FRED,Crude Oil Brent,37.57,USD/bbl,MCOILBRENTEU.csv,
2004-06-01,FRED,Crude Oil Brent,35.18,USD/bbl,MCOILBRENTEU.csv,
2004-07-01,FRED,Crude Oil Brent,38.22,USD/bbl,MCOILBRENTEU.csv,
2004-08-01,FRED,Crude Oil Brent,42.74,USD/bbl,MCOILBRENTEU.csv,
2004-09-01,FRED,Crude Oil Brent,43.2,USD/bbl,MCOILBRENTEU.csv,
2004-10-01,FRED,Crude Oil Brent,49.78,USD/bbl,MCOILBRENTEU.csv,
2004-11-01,FRED,Crude Oil Brent,43.11,USD/bbl,MCOILBRENTEU.csv,
2004-12-01,FRED,Crude Oil Brent,39.6,USD/bbl,MCOILBRENTEU.csv,
2005-01-01,FRED,Crude Oil Brent,44.51,USD/bbl,MCOILBRENTEU.csv,
2005-02-01,FRED,Crude Oil Brent,45.48,USD/bbl,MCOILBRENTEU.csv,
2005-03-01,FRED,Crude Oil Brent,53.1,USD/bbl,MCOILBRENTEU.csv,
2005-04-01,FRED,Crude Oil Brent,51.88,USD/bbl,MCOILBRENTEU.csv,
2005-05-01,FRED,Crude Oil Brent,48.65,USD/bbl,MCOILBRENTEU.csv,
2005-06-01,FRED,Crude Oil Brent,54.35,USD/bbl,MCOILBRENTEU.csv,
2005-07-01,FRED,Crude Oil Brent,57.52,USD/bbl,MCOILBRENTEU.csv,
2005-08-01,FRED,Crude Oil Brent,63.98,USD/bbl,MCOILBRENTEU.csv,
2005-09-01,FRED,Crude Oil Brent,62.91,USD/bbl,MCOILBRENTEU.csv,
2005-10-01,FRED,Crude Oil Brent,58.54,USD/bbl,MCOILBRENTEU.csv,
2005-11-01,FRED,Crude Oil Brent,55.24,USD/bbl,MCOILBRENTEU.csv,
2005-12-01,FRED,Crude Oil Brent,56.86,USD/bbl,MCOILBRENTEU.csv,
2006-01-01,FRED,Crude Oil Brent,62.99,USD/bbl,MCOILBRENTEU.csv,
2006-02-01,FRED,Crude Oil Brent,60.21,USD/bbl,MCOILBRENTEU.csv,
2006-03-01,FRED,Crude Oil Brent,62.06,USD/bbl,MCOILBRENTEU.csv,
2006-04-01,FRED,Crude Oil Brent,70.26,USD/bbl,MCOILBRENTEU.csv,
2006-05-01,FRED,Crude Oil Brent,69.78,USD/bbl,MCOILBRENTEU.csv,
2006-06-01,FRED,Crude Oil Brent,68.56,USD/bbl,MCOILBRENTEU.csv,
2006-07-01,FRED,Crude Oil Brent,73.67,USD/bbl,MCOILBRENTEU.csv,
2006-08-01,FRED,Crude Oil Brent,73.23,USD/bbl,MCOILBRENTEU.csv,
2006-09-01,FRED,Crude Oil Brent,61.96,USD/bbl,MCOILBRENTEU.csv,
2006-10-01,FRED,Crude Oil Brent,57.81,USD/bbl,MCOILBRENTEU.csv,
2006-11-01,FRED,Crude Oil Brent,58.76,USD/bbl,MCOILBRENTEU.csv,
2006-12-01,FRED,Crude Oil Brent,62.47,USD/bbl,MCOILBRENTEU.csv,
2007-01-01,FRED,Crude Oil Brent,53.68,USD/bbl,MCOILBRENTEU.csv,
2007-02-01,FRED,Crude Oil Brent,57.56,USD/bbl,MCOILBRENTEU.csv,
2007-03-01,FRED,Crude Oil Brent,62.05,USD/bbl,MCOILBRENTEU.csv,
2007-04-01,FRED,Crude Oil Brent,67.49,USD/bbl,MCOILBRENTEU.csv,
2007-05-01,FRED,Crude Oil Brent,67.21,USD/bbl,MCOILBRENTEU.csv,
2007-06-01,FRED,Crude Oil Brent,71.05,USD/bbl,MCOILBRENTEU.csv,
2007-07-01,FRED,Crude Oil Brent,76.93,USD/bbl,MCOILBRENTEU.csv,
2007-08-01,FRED,Crude Oil Brent,70.76,USD/bbl,MCOILBRENTEU.csv,
2007-09-01,FRED,Crude Oil Brent,77.17,USD/bbl,MCOILBRENTEU.csv,
2007-10-01,FRED,Crude Oil Brent,82.34,USD/bbl,MCOILBRENTEU.csv,
2007-11-01,FRED,Crude Oil Brent,92.41,USD/bbl,MCOILBRENTEU.csv,
2007-12-01,FRED,Crude Oil Brent,90.93,USD/bbl,MCOILBRENTEU.csv,
2008-01-01,FRED,Crude Oil Brent,92.18,USD/bbl,MCOILBRENTEU.csv,
2008-02-01,FRED,Crude Oil Brent,94.99,USD/bbl,MCOILBRENTEU.csv,
2008-03-01,FRED,Crude Oil Brent,103.64,USD/bbl,MCOILBRENTEU.csv,
2008-04-01,FRED,Crude Oil Brent,109.07,USD/bbl,MCOILBRENTEU.csv,
2008-05-01,FRED,Crude Oil Brent,122.8,USD/bbl,MCOILBRENTEU.csv,
2008-06-01,FRED,Crude Oil Brent,132.32,USD/bbl,MCOILBRENTEU.csv,
2008-07-01,FRED,Crude Oil Brent,132.72,USD/bbl,MCOILBRENTEU.csv,
2008-08-01,FRED,Crude Oil Brent,113.24,USD/bbl,MCOILBRENTEU.csv,
2008-09-01,FRED,Crude Oil Brent,97.23,USD/bbl,MCOILBRENTEU.csv,
2008-10-01,FRED,Crude Oil Brent,71.58,USD/bbl,MCOILBRENTEU.csv,
2008-11-01,FRED,Crude Oil Brent,52.45,USD/bbl,MCOILBRENTEU.csv,
2008-12-01,FRED,Crude Oil Brent,39.95,USD/bbl,MCOILBRENTEU.csv,
2009-01-01,FRED,Crude Oil Brent,43.44,USD/bbl,MCOILBRENTEU.csv,
2009-02-01,FRED,Crude Oil Brent,43.32,USD/bbl,MCOILBRENTEU.csv,
2009-03-01,FRED,Crude Oil Brent,46.54,USD/bbl,MCOILBRENTEU.csv,
2009-04-01,FRED,Crude Oil Brent,50.18,USD/bbl,MCOILBRENTEU.csv,
2009-05-01,FRED,Crude Oil Brent,57.3,USD/bbl,MCOILBRENTEU.csv,
2009-06-01,FRED,Crude Oil Brent,68.61,USD/bbl,MCOILBRENTEU.csv,
2009-07-01,FRED,Crude Oil Brent,64.44,USD/bbl,MCOILBRENTEU.csv,
2009-08-01,FRED,Crude Oil Brent,72.51,USD/bbl,MCOILBRENTEU.csv,
2009-09-01,FRED,Crude Oil Brent,67.65,USD/bbl,MCOILBRENTEU.csv,
2009-10-01,FRED,Crude Oil Brent,72.77,USD/bbl,MCOILBRENTEU.csv,
2009-11-01,FRED,Crude Oil Brent,76.66,USD/bbl,MCOILBRENTEU.csv,
2009-12-01,FRED,Crude Oil Brent,74.46,USD/bbl,MCOILBRENTEU.csv,
2010-01-01,FRED,Crude Oil Brent,76.17,USD/bbl,MCOILBRENTEU.csv,
2010-02-01,FRED,Crude Oil Brent,73.75,USD/bbl,MCOILBRENTEU.csv,
2010-03-01,FRED,Crude Oil Brent,78.83,USD/bbl,MCOILBRENTEU.csv,
2010-04-01,FRED,Crude Oil Brent,84.82,USD/bbl,MCOILBRENTEU.csv,
2010-05-01,FRED,Crude Oil Brent,75.95,USD/bbl,MCOILBRENTEU.csv,
2010-06-01,FRED,Crude Oil Brent,74.76,USD/bbl,MCOILBRENTEU.csv,
2010-07-01,FRED,Crude Oil Brent,75.58,USD/bbl,MCOILBRENTEU.csv,
2010-08-01,FRED,Crude Oil Brent,77.04,USD/bbl,MCOILBRENTEU.csv,
2010-09-01,FRED,Crude Oil Brent,77.84,USD/bbl,MCOILBRENTEU.csv,
2010-10-01,FRED,Crude Oil Brent,82.67,USD/bbl,MCOILBRENTEU.csv,
2010-11-01,FRED,Crude Oil Brent,85.28,USD/bbl,MCOILBRENTEU.csv,
2010-12-01,FRED,Crude Oil Brent,91.45,USD/bbl,MCOILBRENTEU.csv,
2011-01-01,FRED,Crude Oil Brent,96.52,USD/bbl,MCOILBRENTEU.csv,
2011-02-01,FRED,Crude Oil Brent,103.72,USD/bbl,MCOILBRENTEU.csv,
2011-03-01,FRED,Crude Oil Brent,114.64,USD/bbl,MCOILBRENTEU.csv,
2011-04-01,FRED,Crude Oil Brent,123.26,USD/bbl,MCOILBRENTEU.csv,
2011-05-01,FRED,Crude Oil Brent,114.99,USD/bbl,MCOILBRENTEU.csv,
2011-06-01,FRED,Crude Oil Brent,113.83,USD/bbl,MCOILBRENTEU.csv,
2011-07-01,FRED,Crude Oil Brent,116.97,USD/bbl,MCOILBRENTEU.csv,
2011-08-01,FRED,Crude Oil Brent,110.22,USD/bbl,MCOILBRENTEU.csv,
2011-09-01,FRED,Crude Oil Brent,112.83,USD/bbl,MCOILBRENTEU.csv,
2011-10-01,FRED,Crude Oil Brent,109.55,USD/bbl,MCOILBRENTEU.csv,
2011-11-01,FRED,Crude Oil Brent,110.77,USD/bbl,MCOILBRENTEU.csv,
2011-12-01,FRED,Crude Oil Brent,107.87,USD/bbl,MCOILBRENTEU.csv,
2012-01-01,FRED,Crude Oil Brent,110.69,USD/bbl,MCOILBRENTEU.csv,
2012-02-01,FRED,Crude Oil Brent,119.33,USD/bbl,MCOILBRENTEU.csv,
2012-03-01,FRED,Crude Oil Brent,125.45,USD/bbl,MCOILBRENTEU.csv,
2012-04-01,FRED,Crude Oil Brent,119.75,USD/bbl,MCOILBRENTEU.csv,
2012-05-01,FRED,Crude Oil Brent,110.34,USD/bbl,MCOILBRENTEU.csv,
2012-06-01,FRED,Crude Oil Brent,95.16,USD/bbl,MCOILBRENTEU.csv,
2012-07-01,FRED,Crude Oil Brent,102.62,USD/bbl,MCOILBRENTEU.csv,
2012-08-01,FRED,Crude Oil Brent,113.36,USD/bbl,MCOILBRENTEU.csv,
2012-09-01,FRED,Crude Oil Brent,112.86,USD/bbl,MCOILBRENTEU.csv,
2012-10-01,FRED,Crude Oil Brent,111.71,USD/bbl,MCOILBRENTEU.csv,
2012-11-01,FRED,Crude Oil Brent,109.06,USD/bbl,MCOILBRENTEU.csv,
2012-12-01,FRED,Crude Oil Brent,109.49,USD/bbl,MCOILBRENTEU.csv,
2013-01-01,FRED,Crude Oil Brent,112.96,USD/bbl,MCOILBRENTEU.csv,
2013-02-01,FRED,Crude Oil Brent,116.05,USD/bbl,MCOILBRENTEU.csv,
2013-03-01,FRED,Crude Oil Brent,108.47,USD/bbl,MCOILBRENTEU.csv,
2013-04-01,FRED,Crude Oil Brent,102.25,USD/bbl,MCOILBRENTEU.csv,
2013-05-01,FRED,Crude Oil Brent,102.56,USD/bbl,MCOILBRENTEU.csv,
2013-06-01,FRED,Crude Oil Brent,102.92,USD/bbl,MCOILBRENTEU.csv,
2013-07-01,FRED,Crude Oil Brent,107.93,USD/bbl,MCOILBRENTEU.csv,
2013-08-01,FRED,Crude Oil Brent,111.28,USD/bbl,MCOILBRENTEU.csv,
2013-09-01,FRED,Crude Oil Brent,111.6,USD/bbl,MCOILBRENTEU.csv,
2013-10-01,FRED,Crude Oil Brent,109.08,USD/bbl,MCOILBRENTEU.csv,
2013-11-01,FRED,Crude Oil Brent,107.79,USD/bbl,MCOILBRENTEU.csv,
2013-12-01,FRED,Crude Oil Brent,110.76,USD/bbl,MCOILBRENTEU.csv,
2014-01-01,FRED,Crude Oil Brent,108.12,USD/bbl,MCOILBRENTEU.csv,
2014-02-01,FRED,Crude Oil Brent,108.9,USD/bbl,MCOILBRENTEU.csv,
2014-03-01,FRED,Crude Oil Brent,107.48,USD/bbl,MCOILBRENTEU.csv,
2014-04-01,FRED,Crude Oil Brent,107.76,USD/bbl,MCOILBRENTEU.csv,
2014-05-01,FRED,Crude Oil Brent,109.54,USD/bbl,MCOILBRENTEU.csv,
2014-06-01,FRED,Crude Oil Brent,111.8,USD/bbl,MCOILBRENTEU.csv,
2014-07-01,FRED,Crude Oil Brent,106.77,USD/bbl,MCOILBRENTEU.csv,
2014-08-01,FRED,Crude Oil Brent,101.61,USD/bbl,MCOILBRENTEU.csv,
2014-09-01,FRED,Crude Oil Brent,97.09,USD/bbl,MCOILBRENTEU.csv,
2014-10-01,FRED,Crude Oil Brent,87.43,USD/bbl,MCOILBRENTEU.csv,
2014-11-01,FRED,Crude Oil Brent,79.44,USD/bbl,MCOILBRENTEU.csv,
2014-12-01,FRED,Crude Oil Brent,62.34,USD/bbl,MCOILBRENTEU.csv,
2015-01-01,FRED,Crude Oil Brent,47.76,USD/bbl,MCOILBRENTEU.csv,
2015-02-01,FRED,Crude Oil Brent,58.1,USD/bbl,MCOILBRENTEU.csv,
2015-03-01,FRED,Crude Oil Brent,55.89,USD/bbl,MCOILBRENTEU.csv,
2015-04-01,FRED,Crude Oil Brent,59.52,USD/bbl,MCOILBRENTEU.csv,
2015-05-01,FRED,Crude Oil Brent,64.08,USD/bbl,MCOILBRENTEU.csv,
2015-06-01,FRED,Crude Oil Brent,61.48,USD/bbl,MCOILBRENTEU.csv,
2015-07-01,FRED,Crude Oil Brent,56.56,USD/bbl,MCOILBRENTEU.csv,
2015-08-01,FRED,Crude Oil Brent,46.52,USD/bbl,MCOILBRENTEU.csv,
2015-09-01,FRED,Crude Oil Brent,47.62,USD/bbl,MCOILBRENTEU.csv,
2015-10-01,FRED,Crude Oil Brent,48.43,USD/bbl,MCOILBRENTEU.csv,
2015-11-01,FRED,Crude Oil Brent,44.27,USD/bbl,MCOILBRENTEU.csv,
2015-12-01,FRED,Crude Oil Brent,38.01,USD/bbl,MCOILBRENTEU.csv,
2016-01-01,FRED,Crude Oil Brent,30.7,USD/bbl,MCOILBRENTEU.csv,
2016-02-01,FRED,Crude Oil Brent,32.18,USD/bbl,MCOILBRENTEU.csv,
2016-03-01,FRED,Crude Oil Brent,38.21,USD/bbl,MCOILBRENTEU.csv,
2016-04-01,FRED,Crude Oil Brent,41.58,USD/bbl,MCOILBRENTEU.csv,
2016-05-01,FRED,Crude Oil Brent,46.74,USD/bbl,MCOILBRENTEU.csv,
2016-06-01,FRED,Crude Oil Brent,48.25,USD/bbl,MCOILBRENTEU.csv,
2016-07-01,FRED,Crude Oil Brent,44.95,USD/bbl,MCOILBRENTEU.csv,
2016-08-01,FRED,Crude Oil Brent,45.84,USD/bbl,MCOILBRENTEU.csv,
2016-09-01,FRED,Crude Oil Brent,46.57,USD/bbl,MCOILBRENTEU.csv,
2016-10-01,FRED,Crude Oil Brent,49.52,USD/bbl,MCOILBRENTEU.csv,
2016-11-01,FRED,Crude Oil Brent,44.73,USD/bbl,MCOILBRENTEU.csv,
2016-12-01,FRED,Crude Oil Brent,53.31,USD/bbl,MCOILBRENTEU.csv,
2017-01-01,FRED,Crude Oil Brent,54.58,USD/bbl,MCOILBRENTEU.csv,
2017-02-01,FRED,Crude Oil Brent,54.87,USD/bbl,MCOILBRENTEU.csv,
2017-03-01,FRED,Crude Oil Brent,51.59,USD/bbl,MCOILBRENTEU.csv,
2017-04-01,FRED,Crude Oil Brent,52.31,USD/bbl,MCOILBRENTEU.csv,
2017-05-01,FRED,Crude Oil Brent,50.33,USD/bbl,MCOILBRENTEU.csv,
2017-06-01,FRED,Crude Oil Brent,46.37,USD/bbl,MCOILBRENTEU.csv,
2017-07-01,FRED,Crude Oil Brent,48.48,USD/bbl,MCOILBRENTEU.csv,
2017-08-01,FRED,Crude Oil Brent,51.7,USD/bbl,MCOILBRENTEU.csv,
2017-09-01,FRED,Crude Oil Brent,56.15,USD/bbl,MCOILBRENTEU.csv,
2017-10-01,FRED,Crude Oil Brent,57.51,USD/bbl,MCOILBRENTEU.csv,
2017-11-01,FRED,Crude Oil Brent,62.71,USD/bbl,MCOILBRENTEU.csv,
2017-12-01,FRED,Crude Oil Brent,64.37,USD/bbl,MCOILBRENTEU.csv,
2018-01-01,FRED,Crude Oil Brent,69.08,USD/bbl,MCOILBRENTEU.csv,
2018-02-01,FRED,Crude Oil Brent,65.32,USD/bbl,MCOILBRENTEU.csv,
2018-03-01,FRED,Crude Oil Brent,66.02,USD/bbl,MCOILBRENTEU.csv,
2018-04-01,FRED,Crude Oil Brent,72.11,USD/bbl,MCOILBRENTEU.csv,
2018-05-01,FRED,Crude Oil Brent,76.98,USD/bbl,MCOILBRENTEU.csv,
2018-06-01,FRED,Crude Oil Brent,74.41,USD/bbl,MCOILBRENTEU.csv,
2018-07-01,FRED,Crude Oil Brent,74.25,USD/bbl,MCOILBRENTEU.csv,
2018-08-01,FRED,Crude Oil Brent,72.53,USD/bbl,MCOILBRENTEU.csv,
2018-09-01,FRED,Crude Oil Brent,78.89,USD/bbl,MCOILBRENTEU.csv,
2018-10-01,FRED,Crude Oil Brent,81.03,USD/bbl,MCOILBRENTEU.csv,
2018-11-01,FRED,Crude Oil Brent,64.75,USD/bbl,MCOILBRENTEU.csv,
2018-12-01,FRED,Crude Oil Brent,57.36,USD/bbl,MCOILBRENTEU.csv,
2019-01-01,FRED,Crude Oil Brent,59.41,USD/bbl,MCOILBRENTEU.csv,
2019-02-01,FRED,Crude Oil Brent,63.96,USD/bbl,MCOILBRENTEU.csv,
2019-03-01,FRED,Crude Oil Brent,66.14,USD/bbl,MCOILBRENTEU.csv,
2019-04-01,FRED,Crude Oil Brent,71.23,USD/bbl,MCOILBRENTEU.csv,
2019-05-01,FRED,Crude Oil Brent,71.32,USD/bbl,MCOILBRENTEU.csv,
2019-06-01,FRED,Crude Oil Brent,64.22,USD/bbl,MCOILBRENTEU.csv,
2019-07-01,FRED,Crude Oil Brent,63.92,USD/bbl,MCOILBRENTEU.csv,
2019-08-01,FRED,Crude Oil Brent,59.04,USD/bbl,MCOILBRENTEU.csv,
2019-09-01,FRED,Crude Oil Brent,62.83,USD/bbl,MCOILBRENTEU.csv,
2019-10-01,FRED,Crude Oil Brent,59.71,USD/bbl,MCOILBRENTEU.csv,
2019-11-01,FRED,Crude Oil Brent,63.21,USD/bbl,MCOILBRENTEU.csv,
2019-12-01,FRED,Crude Oil Brent,67.31,USD/bbl,MCOILBRENTEU.csv,
2020-01-01,FRED,Crude Oil Brent,63.65,USD/bbl,MCOILBRENTEU.csv,
2020-02-01,FRED,Crude Oil Brent,55.66,USD/bbl,MCOILBRENTEU.csv,
2020-03-01,FRED,Crude Oil Brent,32.01,USD/bbl,MCOILBRENTEU.csv,
2020-04-01,FRED,Crude Oil Brent,18.38,USD/bbl,MCOILBRENTEU.csv,
2020-05-01,FRED,Crude Oil Brent,29.38,USD/bbl,MCOILBRENTEU.csv,
2020-06-01,FRED,Crude Oil Brent,40.27,USD/bbl,MCOILBRENTEU.csv,
2020-07-01,FRED,Crude Oil Brent,43.24,USD/bbl,MCOILBRENTEU.csv,
2020-08-01,FRED,Crude Oil Brent,44.74,USD/bbl,MCOILBRENTEU.csv,
2020-09-01,FRED,Crude Oil Brent,40.91,USD/bbl,MCOILBRENTEU.csv,
2020-10-01,FRED,Crude Oil Brent,40.19,USD/bbl,MCOILBRENTEU.csv,
2020-11-01,FRED,Crude Oil Brent,42.69,USD/bbl,MCOILBRENTEU.csv,
2020-12-01,FRED,Crude Oil Brent,49.99,USD/bbl,MCOILBRENTEU.csv,
2021-01-01,FRED,Crude Oil Brent,54.77,USD/bbl,MCOILBRENTEU.csv,
2021-02-01,FRED,Crude Oil Brent,62.28,USD/bbl,MCOILBRENTEU.csv,
2021-03-01,FRED,Crude Oil Brent,65.41,USD/bbl,MCOILBRENTEU.csv,
2021-04-01,FRED,Crude Oil Brent,64.81,USD/bbl,MCOILBRENTEU.csv,
2021-05-01,FRED,Crude Oil Brent,68.53,USD/bbl,MCOILBRENTEU.csv,
2021-06-01,FRED,Crude Oil Brent,73.16,USD/bbl,MCOILBRENTEU.csv,
2021-07-01,FRED,Crude Oil Brent,75.17,USD/bbl,MCOILBRENTEU.csv,
2021-08-01,FRED,Crude Oil Brent,70.75,USD/bbl,MCOILBRENTEU.csv,
2021-09-01,FRED,Crude Oil Brent,74.49,USD/bbl,MCOILBRENTEU.csv,
2021-10-01,FRED,Crude Oil Brent,83.54,USD/bbl,MCOILBRENTEU.csv,
2021-11-01,FRED,Crude Oil Brent,81.05,USD/bbl,MCOILBRENTEU.csv,
2021-12-01,FRED,Crude Oil Brent,74.17,USD/bbl,MCOILBRENTEU.csv,
2022-01-01,FRED,Crude Oil Brent,86.51,USD/bbl,MCOILBRENTEU.csv,
2022-02-01,FRED,Crude Oil Brent,97.13,USD/bbl,MCOILBRENTEU.csv,
2022-03-01,FRED,Crude Oil Brent,117.25,USD/bbl,MCOILBRENTEU.csv,
2022-04-01,FRED,Crude Oil Brent,104.58,USD/bbl,MCOILBRENTEU.csv,
2022-05-01,FRED,Crude Oil Brent,113.34,USD/bbl,MCOILBRENTEU.csv,
2022-06-01,FRED,Crude Oil Brent,122.71,USD/bbl,MCOILBRENTEU.csv,
2022-07-01,FRED,Crude Oil Brent,111.93,USD/bbl,MCOILBRENTEU.csv,
2022-08-01,FRED,Crude Oil Brent,100.45,USD/bbl,MCOILBRENTEU.csv,
2022-09-01,FRED,Crude Oil Brent,89.76,USD/bbl,MCOILBRENTEU.csv,
2022-10-01,FRED,Crude Oil Brent,93.33,USD/bbl,MCOILBRENTEU.csv,
2022-11-01,FRED,Crude Oil Brent,91.42,USD/bbl,MCOILBRENTEU.csv,
2022-12-01,FRED,Crude Oil Brent,80.92,USD/bbl,MCOILBRENTEU.csv,
2023-01-01,FRED,Crude Oil Brent,82.5,USD/bbl,MCOILBRENTEU.csv,
2023-02-01,FRED,Crude Oil Brent,82.59,USD/bbl,MCOILBRENTEU.csv,
2023-03-01,FRED,Crude Oil Brent,78.43,USD/bbl,MCOILBRENTEU.csv,
2023-04-01,FRED,Crude Oil Brent,84.64,USD/bbl,MCOILBRENTEU.csv,
2023-05-01,FRED,Crude Oil Brent,75.47,USD/bbl,MCOILBRENTEU.csv,
2023-06-01,FRED,Crude Oil Brent,74.84,USD/bbl,MCOILBRENTEU.csv,
2023-07-01,FRED,Crude Oil Brent,80.11,USD/bbl,MCOILBRENTEU.csv,
2023-08-01,FRED,Crude Oil Brent,86.15,USD/bbl,MCOILBRENTEU.csv,
2023-09-01,FRED,Crude Oil Brent,93.72,USD/bbl,MCOILBRENTEU.csv,
2023-10-01,FRED,Crude Oil Brent,90.6,USD/bbl,MCOILBRENTEU.csv,
2023-11-01,FRED,Crude Oil Brent,82.94,USD/bbl,MCOILBRENTEU.csv,
2023-12-01,FRED,Crude Oil Brent,77.63,USD/bbl,MCOILBRENTEU.csv,
2024-01-01,FRED,Crude Oil Brent,80.12,USD/bbl,MCOILBRENTEU.csv,
2024-02-01,FRED,Crude Oil Brent,83.48,USD/bbl,MCOILBRENTEU.csv,
2024-03-01,FRED,Crude Oil Brent,85.41,USD/bbl,MCOILBRENTEU.csv,
2024-04-01,FRED,Crude Oil Brent,89.94,USD/bbl,MCOILBRENTEU.csv,
2024-05-01,FRED,Crude Oil Brent,81.75,USD/bbl,MCOILBRENTEU.csv,
2024-06-01,FRED,Crude Oil Brent,82.25,USD/bbl,MCOILBRENTEU.csv,
2024-07-01,FRED,Crude Oil Brent,85.15,USD/bbl,MCOILBRENTEU.csv,
2024-08-01,FRED,Crude Oil Brent,80.36,USD/bbl,MCOILBRENTEU.csv,
2024-09-01,FRED,Crude Oil Brent,74.02,USD/bbl,MCOILBRENTEU.csv,
2024-10-01,FRED,Crude Oil Brent,75.63,USD/bbl,MCOILBRENTEU.csv,
2024-11-01,FRED,Crude Oil Brent,74.35,USD/bbl,MCOILBRENTEU.csv,
2024-12-01,FRED,Crude Oil Brent,73.86,USD/bbl,MCOILBRENTEU.csv,
2025-01-01,FRED,Crude Oil Brent,79.27,USD/bbl,MCOILBRENTEU.csv,
2025-02-01,FRED,Crude Oil Brent,75.44,USD/bbl,MCOILBRENTEU.csv,
2025-03-01,FRED,Crude Oil Brent,72.73,USD/bbl,MCOILBRENTEU.csv,
2025-04-01,FRED,Crude Oil Brent,68.13,USD/bbl,MCOILBRENTEU.csv,
2025-05-01,FRED,Crude Oil Brent,64.45,USD/bbl,MCOILBRENTEU.csv,
2025-06-01,FRED,Crude Oil Brent,71.44,USD/bbl,MCOILBRENTEU.csv,
2025-07-01,FRED,Crude Oil Brent,71.04,USD/bbl,MCOILBRENTEU.csv,
2025-08-01,FRED,Crude Oil Brent,67.87,USD/bbl,MCOILBRENTEU.csv,
2025-09-01,FRED,Crude Oil Brent,67.99,USD/bbl,MCOILBRENTEU.csv,
2025-10-01,FRED,Crude Oil Brent,64.54,USD/bbl,MCOILBRENTEU.csv,
2025-11-01,FRED,Crude Oil Brent,63.8,USD/bbl,MCOILBRENTEU.csv,
2025-12-01,FRED,Crude Oil Brent,62.54,USD/bbl,MCOILBRENTEU.csv,
2026-01-01,FRED,Crude Oil Brent,66.6,USD/bbl,MCOILBRENTEU.csv,
2026-02-01,FRED,Crude Oil Brent,70.89,USD/bbl,MCOILBRENTEU.csv,
2026-03-01,FRED,Crude Oil Brent,103.13,USD/bbl,MCOILBRENTEU.csv,
2026-04-01,FRED,Crude Oil Brent,117.29,USD/bbl,MCOILBRENTEU.csv,
2026-05-01,FRED,Crude Oil Brent,107.14,USD/bbl,MCOILBRENTEU.csv,
2026-06-01,FRED,Crude Oil Brent,85.4,USD/bbl,MCOILBRENTEU.csv,
2026-07-01,FRED,Crude Oil Brent,83.76,USD/bbl,MCOILBRENTEU.csv,
1986-06-01,FRED,Heating Oil NY Harbor,0.38,USD/gal,MHOILNYH.csv,
1986-07-01,FRED,Heating Oil NY Harbor,0.334,USD/gal,MHOILNYH.csv,
1986-08-01,FRED,Heating Oil NY Harbor,0.408,USD/gal,MHOILNYH.csv,
1986-09-01,FRED,Heating Oil NY Harbor,0.402,USD/gal,MHOILNYH.csv,
1986-10-01,FRED,Heating Oil NY Harbor,0.394,USD/gal,MHOILNYH.csv,
1986-11-01,FRED,Heating Oil NY Harbor,0.422,USD/gal,MHOILNYH.csv,
1986-12-01,FRED,Heating Oil NY Harbor,0.447,USD/gal,MHOILNYH.csv,
1987-01-01,FRED,Heating Oil NY Harbor,0.521,USD/gal,MHOILNYH.csv,
1987-02-01,FRED,Heating Oil NY Harbor,0.474,USD/gal,MHOILNYH.csv,
1987-03-01,FRED,Heating Oil NY Harbor,0.491,USD/gal,MHOILNYH.csv,
1987-04-01,FRED,Heating Oil NY Harbor,0.485,USD/gal,MHOILNYH.csv,
1987-05-01,FRED,Heating Oil NY Harbor,0.518,USD/gal,MHOILNYH.csv,
1987-06-01,FRED,Heating Oil NY Harbor,0.523,USD/gal,MHOILNYH.csv,
1987-07-01,FRED,Heating Oil NY Harbor,0.547,USD/gal,MHOILNYH.csv,
1987-08-01,FRED,Heating Oil NY Harbor,0.524,USD/gal,MHOILNYH.csv,
1987-09-01,FRED,Heating Oil NY Harbor,0.523,USD/gal,MHOILNYH.csv,
1987-10-01,FRED,Heating Oil NY Harbor,0.563,USD/gal,MHOILNYH.csv,
1987-11-01,FRED,Heating Oil NY Harbor,0.559,USD/gal,MHOILNYH.csv,
1987-12-01,FRED,Heating Oil NY Harbor,0.536,USD/gal,MHOILNYH.csv,
1988-01-01,FRED,Heating Oil NY Harbor,0.518,USD/gal,MHOILNYH.csv,
1988-02-01,FRED,Heating Oil NY Harbor,0.481,USD/gal,MHOILNYH.csv,
1988-03-01,FRED,Heating Oil NY Harbor,0.475,USD/gal,MHOILNYH.csv,
1988-04-01,FRED,Heating Oil NY Harbor,0.515,USD/gal,MHOILNYH.csv,
1988-05-01,FRED,Heating Oil NY Harbor,0.509,USD/gal,MHOILNYH.csv,
1988-06-01,FRED,Heating Oil NY Harbor,0.448,USD/gal,MHOILNYH.csv,
1988-07-01,FRED,Heating Oil NY Harbor,0.427,USD/gal,MHOILNYH.csv,
1988-08-01,FRED,Heating Oil NY Harbor,0.434,USD/gal,MHOILNYH.csv,
1988-09-01,FRED,Heating Oil NY Harbor,0.406,USD/gal,MHOILNYH.csv,
1988-10-01,FRED,Heating Oil NY Harbor,0.402,USD/gal,MHOILNYH.csv,
1988-11-01,FRED,Heating Oil NY Harbor,0.449,USD/gal,MHOILNYH.csv,
1988-12-01,FRED,Heating Oil NY Harbor,0.51,USD/gal,MHOILNYH.csv,
1989-01-01,FRED,Heating Oil NY Harbor,0.544,USD/gal,MHOILNYH.csv,
1989-02-01,FRED,Heating Oil NY Harbor,0.513,USD/gal,MHOILNYH.csv,
1989-03-01,FRED,Heating Oil NY Harbor,0.569,USD/gal,MHOILNYH.csv,
1989-04-01,FRED,Heating Oil NY Harbor,0.538,USD/gal,MHOILNYH.csv,
1989-05-01,FRED,Heating Oil NY Harbor,0.507,USD/gal,MHOILNYH.csv,
1989-06-01,FRED,Heating Oil NY Harbor,0.485,USD/gal,MHOILNYH.csv,
1989-07-01,FRED,Heating Oil NY Harbor,0.493,USD/gal,MHOILNYH.csv,
1989-08-01,FRED,Heating Oil NY Harbor,0.498,USD/gal,MHOILNYH.csv,
1989-09-01,FRED,Heating Oil NY Harbor,0.557,USD/gal,MHOILNYH.csv,
1989-10-01,FRED,Heating Oil NY Harbor,0.588,USD/gal,MHOILNYH.csv,
1989-11-01,FRED,Heating Oil NY Harbor,0.593,USD/gal,MHOILNYH.csv,
1989-12-01,FRED,Heating Oil NY Harbor,0.803,USD/gal,MHOILNYH.csv,
1990-01-01,FRED,Heating Oil NY Harbor,0.711,USD/gal,MHOILNYH.csv,
1990-02-01,FRED,Heating Oil NY Harbor,0.575,USD/gal,MHOILNYH.csv,
1990-03-01,FRED,Heating Oil NY Harbor,0.58,USD/gal,MHOILNYH.csv,
1990-04-01,FRED,Heating Oil NY Harbor,0.585,USD/gal,MHOILNYH.csv,
1990-05-01,FRED,Heating Oil NY Harbor,0.539,USD/gal,MHOILNYH.csv,
1990-06-01,FRED,Heating Oil NY Harbor,0.481,USD/gal,MHOILNYH.csv,
1990-07-01,FRED,Heating Oil NY Harbor,0.531,USD/gal,MHOILNYH.csv,
1990-08-01,FRED,Heating Oil NY Harbor,0.753,USD/gal,MHOILNYH.csv,
1990-09-01,FRED,Heating Oil NY Harbor,0.888,USD/gal,MHOILNYH.csv,
1990-10-01,FRED,Heating Oil NY Harbor,0.942,USD/gal,MHOILNYH.csv,
1990-11-01,FRED,Heating Oil NY Harbor,0.873,USD/gal,MHOILNYH.csv,
1990-12-01,FRED,Heating Oil NY Harbor,0.796,USD/gal,MHOILNYH.csv,
1991-01-01,FRED,Heating Oil NY Harbor,0.75,USD/gal,MHOILNYH.csv,
1991-02-01,FRED,Heating Oil NY Harbor,0.706,USD/gal,MHOILNYH.csv,
1991-03-01,FRED,Heating Oil NY Harbor,0.618,USD/gal,MHOILNYH.csv,
1991-04-01,FRED,Heating Oil NY Harbor,0.562,USD/gal,MHOILNYH.csv,
1991-05-01,FRED,Heating Oil NY Harbor,0.55,USD/gal,MHOILNYH.csv,
1991-06-01,FRED,Heating Oil NY Harbor,0.535,USD/gal,MHOILNYH.csv,
1991-07-01,FRED,Heating Oil NY Harbor,0.577,USD/gal,MHOILNYH.csv,
1991-08-01,FRED,Heating Oil NY Harbor,0.605,USD/gal,MHOILNYH.csv,
1991-09-01,FRED,Heating Oil NY Harbor,0.615,USD/gal,MHOILNYH.csv,
1991-10-01,FRED,Heating Oil NY Harbor,0.665,USD/gal,MHOILNYH.csv,
1991-11-01,FRED,Heating Oil NY Harbor,0.643,USD/gal,MHOILNYH.csv,
1991-12-01,FRED,Heating Oil NY Harbor,0.524,USD/gal,MHOILNYH.csv,
1992-01-01,FRED,Heating Oil NY Harbor,0.516,USD/gal,MHOILNYH.csv,
1992-02-01,FRED,Heating Oil NY Harbor,0.532,USD/gal,MHOILNYH.csv,
1992-03-01,FRED,Heating Oil NY Harbor,0.525,USD/gal,MHOILNYH.csv,
1992-04-01,FRED,Heating Oil NY Harbor,0.562,USD/gal,MHOILNYH.csv,
1992-05-01,FRED,Heating Oil NY Harbor,0.576,USD/gal,MHOILNYH.csv,
1992-06-01,FRED,Heating Oil NY Harbor,0.612,USD/gal,MHOILNYH.csv,
1992-07-01,FRED,Heating Oil NY Harbor,0.603,USD/gal,MHOILNYH.csv,
1992-08-01,FRED,Heating Oil NY Harbor,0.582,USD/gal,MHOILNYH.csv,
1992-09-01,FRED,Heating Oil NY Harbor,0.618,USD/gal,MHOILNYH.csv,
1992-10-01,FRED,Heating Oil NY Harbor,0.626,USD/gal,MHOILNYH.csv,
1992-11-01,FRED,Heating Oil NY Harbor,0.566,USD/gal,MHOILNYH.csv,
1992-12-01,FRED,Heating Oil NY Harbor,0.55,USD/gal,MHOILNYH.csv,
1993-01-01,FRED,Heating Oil NY Harbor,0.53,USD/gal,MHOILNYH.csv,
1993-02-01,FRED,Heating Oil NY Harbor,0.559,USD/gal,MHOILNYH.csv,
1993-03-01,FRED,Heating Oil NY Harbor,0.581,USD/gal,MHOILNYH.csv,
1993-04-01,FRED,Heating Oil NY Harbor,0.555,USD/gal,MHOILNYH.csv,
1993-05-01,FRED,Heating Oil NY Harbor,0.545,USD/gal,MHOILNYH.csv,
1993-06-01,FRED,Heating Oil NY Harbor,0.525,USD/gal,MHOILNYH.csv,
1993-07-01,FRED,Heating Oil NY Harbor,0.498,USD/gal,MHOILNYH.csv,
1993-08-01,FRED,Heating Oil NY Harbor,0.508,USD/gal,MHOILNYH.csv,
1993-09-01,FRED,Heating Oil NY Harbor,0.52,USD/gal,MHOILNYH.csv,
1993-10-01,FRED,Heating Oil NY Harbor,0.539,USD/gal,MHOILNYH.csv,
1993-11-01,FRED,Heating Oil NY Harbor,0.502,USD/gal,MHOILNYH.csv,
1993-12-01,FRED,Heating Oil NY Harbor,0.435,USD/gal,MHOILNYH.csv,
1994-01-01,FRED,Heating Oil NY Harbor,0.499,USD/gal,MHOILNYH.csv,
1994-02-01,FRED,Heating Oil NY Harbor,0.557,USD/gal,MHOILNYH.csv,
1994-03-01,FRED,Heating Oil NY Harbor,0.492,USD/gal,MHOILNYH.csv,
1994-04-01,FRED,Heating Oil NY Harbor,0.479,USD/gal,MHOILNYH.csv,
1994-05-01,FRED,Heating Oil NY Harbor,0.479,USD/gal,MHOILNYH.csv,
1994-06-01,FRED,Heating Oil NY Harbor,0.492,USD/gal,MHOILNYH.csv,
1994-07-01,FRED,Heating Oil NY Harbor,0.499,USD/gal,MHOILNYH.csv,
1994-08-01,FRED,Heating Oil NY Harbor,0.495,USD/gal,MHOILNYH.csv,
1994-09-01,FRED,Heating Oil NY Harbor,0.477,USD/gal,MHOILNYH.csv,
1994-10-01,FRED,Heating Oil NY Harbor,0.482,USD/gal,MHOILNYH.csv,
1994-11-01,FRED,Heating Oil NY Harbor,0.494,USD/gal,MHOILNYH.csv,
1994-12-01,FRED,Heating Oil NY Harbor,0.483,USD/gal,MHOILNYH.csv,
1995-01-01,FRED,Heating Oil NY Harbor,0.479,USD/gal,MHOILNYH.csv,
1995-02-01,FRED,Heating Oil NY Harbor,0.476,USD/gal,MHOILNYH.csv,
1995-03-01,FRED,Heating Oil NY Harbor,0.458,USD/gal,MHOILNYH.csv,
1995-04-01,FRED,Heating Oil NY Harbor,0.494,USD/gal,MHOILNYH.csv,
1995-05-01,FRED,Heating Oil NY Harbor,0.501,USD/gal,MHOILNYH.csv,
1995-06-01,FRED,Heating Oil NY Harbor,0.476,USD/gal,MHOILNYH.csv,
1995-07-01,FRED,Heating Oil NY Harbor,0.465,USD/gal,MHOILNYH.csv,
1995-08-01,FRED,Heating Oil NY Harbor,0.491,USD/gal,MHOILNYH.csv,
1995-09-01,FRED,Heating Oil NY Harbor,0.501,USD/gal,MHOILNYH.csv,
1995-10-01,FRED,Heating Oil NY Harbor,0.487,USD/gal,MHOILNYH.csv,
1995-11-01,FRED,Heating Oil NY Harbor,0.517,USD/gal,MHOILNYH.csv,
1995-12-01,FRED,Heating Oil NY Harbor,0.576,USD/gal,MHOILNYH.csv,
1996-01-01,FRED,Heating Oil NY Harbor,0.555,USD/gal,MHOILNYH.csv,
1996-02-01,FRED,Heating Oil NY Harbor,0.614,USD/gal,MHOILNYH.csv,
1996-03-01,FRED,Heating Oil NY Harbor,0.656,USD/gal,MHOILNYH.csv,
1996-04-01,FRED,Heating Oil NY Harbor,0.676,USD/gal,MHOILNYH.csv,
1996-05-01,FRED,Heating Oil NY Harbor,0.576,USD/gal,MHOILNYH.csv,
1996-06-01,FRED,Heating Oil NY Harbor,0.514,USD/gal,MHOILNYH.csv,
1996-07-01,FRED,Heating Oil NY Harbor,0.555,USD/gal,MHOILNYH.csv,
1996-08-01,FRED,Heating Oil NY Harbor,0.603,USD/gal,MHOILNYH.csv,
1996-09-01,FRED,Heating Oil NY Harbor,0.677,USD/gal,MHOILNYH.csv,
1996-10-01,FRED,Heating Oil NY Harbor,0.723,USD/gal,MHOILNYH.csv,
1996-11-01,FRED,Heating Oil NY Harbor,0.701,USD/gal,MHOILNYH.csv,
1996-12-01,FRED,Heating Oil NY Harbor,0.722,USD/gal,MHOILNYH.csv,
1997-01-01,FRED,Heating Oil NY Harbor,0.698,USD/gal,MHOILNYH.csv,
1997-02-01,FRED,Heating Oil NY Harbor,0.611,USD/gal,MHOILNYH.csv,
1997-03-01,FRED,Heating Oil NY Harbor,0.547,USD/gal,MHOILNYH.csv,
1997-04-01,FRED,Heating Oil NY Harbor,0.577,USD/gal,MHOILNYH.csv,
1997-05-01,FRED,Heating Oil NY Harbor,0.563,USD/gal,MHOILNYH.csv,
1997-06-01,FRED,Heating Oil NY Harbor,0.522,USD/gal,MHOILNYH.csv,
1997-07-01,FRED,Heating Oil NY Harbor,0.53,USD/gal,MHOILNYH.csv,
1997-08-01,FRED,Heating Oil NY Harbor,0.54,USD/gal,MHOILNYH.csv,
1997-09-01,FRED,Heating Oil NY Harbor,0.532,USD/gal,MHOILNYH.csv,
1997-10-01,FRED,Heating Oil NY Harbor,0.572,USD/gal,MHOILNYH.csv,
1997-11-01,FRED,Heating Oil NY Harbor,0.564,USD/gal,MHOILNYH.csv,
1997-12-01,FRED,Heating Oil NY Harbor,0.511,USD/gal,MHOILNYH.csv,
1998-01-01,FRED,Heating Oil NY Harbor,0.466,USD/gal,MHOILNYH.csv,
1998-02-01,FRED,Heating Oil NY Harbor,0.443,USD/gal,MHOILNYH.csv,
1998-03-01,FRED,Heating Oil NY Harbor,0.421,USD/gal,MHOILNYH.csv,
1998-04-01,FRED,Heating Oil NY Harbor,0.43,USD/gal,MHOILNYH.csv,
1998-05-01,FRED,Heating Oil NY Harbor,0.411,USD/gal,MHOILNYH.csv,
1998-06-01,FRED,Heating Oil NY Harbor,0.378,USD/gal,MHOILNYH.csv,
1998-07-01,FRED,Heating Oil NY Harbor,0.362,USD/gal,MHOILNYH.csv,
1998-08-01,FRED,Heating Oil NY Harbor,0.345,USD/gal,MHOILNYH.csv,
1998-09-01,FRED,Heating Oil NY Harbor,0.403,USD/gal,MHOILNYH.csv,
1998-10-01,FRED,Heating Oil NY Harbor,0.385,USD/gal,MHOILNYH.csv,
1998-11-01,FRED,Heating Oil NY Harbor,0.359,USD/gal,MHOILNYH.csv,
1998-12-01,FRED,Heating Oil NY Harbor,0.313,USD/gal,MHOILNYH.csv,
1999-01-01,FRED,Heating Oil NY Harbor,0.335,USD/gal,MHOILNYH.csv,
1999-02-01,FRED,Heating Oil NY Harbor,0.304,USD/gal,MHOILNYH.csv,
1999-03-01,FRED,Heating Oil NY Harbor,0.388,USD/gal,MHOILNYH.csv,
1999-04-01,FRED,Heating Oil NY Harbor,0.431,USD/gal,MHOILNYH.csv,
1999-05-01,FRED,Heating Oil NY Harbor,0.423,USD/gal,MHOILNYH.csv,
1999-06-01,FRED,Heating Oil NY Harbor,0.433,USD/gal,MHOILNYH.csv,
1999-07-01,FRED,Heating Oil NY Harbor,0.5,USD/gal,MHOILNYH.csv,
1999-08-01,FRED,Heating Oil NY Harbor,0.548,USD/gal,MHOILNYH.csv,
1999-09-01,FRED,Heating Oil NY Harbor,0.602,USD/gal,MHOILNYH.csv,
1999-10-01,FRED,Heating Oil NY Harbor,0.584,USD/gal,MHOILNYH.csv,
1999-11-01,FRED,Heating Oil NY Harbor,0.648,USD/gal,MHOILNYH.csv,
1999-12-01,FRED,Heating Oil NY Harbor,0.671,USD/gal,MHOILNYH.csv,
2000-01-01,FRED,Heating Oil NY Harbor,0.915,USD/gal,MHOILNYH.csv,
2000-02-01,FRED,Heating Oil NY Harbor,0.937,USD/gal,MHOILNYH.csv,
2000-03-01,FRED,Heating Oil NY Harbor,0.773,USD/gal,MHOILNYH.csv,
2000-04-01,FRED,Heating Oil NY Harbor,0.749,USD/gal,MHOILNYH.csv,
2000-05-01,FRED,Heating Oil NY Harbor,0.76,USD/gal,MHOILNYH.csv,
2000-06-01,FRED,Heating Oil NY Harbor,0.782,USD/gal,MHOILNYH.csv,
2000-07-01,FRED,Heating Oil NY Harbor,0.781,USD/gal,MHOILNYH.csv,
2000-08-01,FRED,Heating Oil NY Harbor,0.893,USD/gal,MHOILNYH.csv,
2000-09-01,FRED,Heating Oil NY Harbor,0.988,USD/gal,MHOILNYH.csv,
2000-10-01,FRED,Heating Oil NY Harbor,0.977,USD/gal,MHOILNYH.csv,
2000-11-01,FRED,Heating Oil NY Harbor,1.032,USD/gal,MHOILNYH.csv,
2000-12-01,FRED,Heating Oil NY Harbor,0.943,USD/gal,MHOILNYH.csv,
2001-01-01,FRED,Heating Oil NY Harbor,0.845,USD/gal,MHOILNYH.csv,
2001-02-01,FRED,Heating Oil NY Harbor,0.785,USD/gal,MHOILNYH.csv,
2001-03-01,FRED,Heating Oil NY Harbor,0.741,USD/gal,MHOILNYH.csv,
2001-04-01,FRED,Heating Oil NY Harbor,0.782,USD/gal,MHOILNYH.csv,
2001-05-01,FRED,Heating Oil NY Harbor,0.772,USD/gal,MHOILNYH.csv,
2001-06-01,FRED,Heating Oil NY Harbor,0.756,USD/gal,MHOILNYH.csv,
2001-07-01,FRED,Heating Oil NY Harbor,0.698,USD/gal,MHOILNYH.csv,
2001-08-01,FRED,Heating Oil NY Harbor,0.734,USD/gal,MHOILNYH.csv,
2001-09-01,FRED,Heating Oil NY Harbor,0.731,USD/gal,MHOILNYH.csv,
2001-10-01,FRED,Heating Oil NY Harbor,0.628,USD/gal,MHOILNYH.csv,
2001-11-01,FRED,Heating Oil NY Harbor,0.548,USD/gal,MHOILNYH.csv,
2001-12-01,FRED,Heating Oil NY Harbor,0.524,USD/gal,MHOILNYH.csv,
2002-01-01,FRED,Heating Oil NY Harbor,0.536,USD/gal,MHOILNYH.csv,
2002-02-01,FRED,Heating Oil NY Harbor,0.541,USD/gal,MHOILNYH.csv,
2002-03-01,FRED,Heating Oil NY Harbor,0.636,USD/gal,MHOILNYH.csv,
2002-04-01,FRED,Heating Oil NY Harbor,0.667,USD/gal,MHOILNYH.csv,
2002-05-01,FRED,Heating Oil NY Harbor,0.666,USD/gal,MHOILNYH.csv,
2002-06-01,FRED,Heating Oil NY Harbor,0.646,USD/gal,MHOILNYH.csv,
2002-07-01,FRED,Heating Oil NY Harbor,0.679,USD/gal,MHOILNYH.csv,
2002-08-01,FRED,Heating Oil NY Harbor,0.701,USD/gal,MHOILNYH.csv,
2002-09-01,FRED,Heating Oil NY Harbor,0.773,USD/gal,MHOILNYH.csv,
2002-10-01,FRED,Heating Oil NY Harbor,0.768,USD/gal,MHOILNYH.csv,
2002-11-01,FRED,Heating Oil NY Harbor,0.72,USD/gal,MHOILNYH.csv,
2002-12-01,FRED,Heating Oil NY Harbor,0.821,USD/gal,MHOILNYH.csv,
2003-01-01,FRED,Heating Oil NY Harbor,0.905,USD/gal,MHOILNYH.csv,
2003-02-01,FRED,Heating Oil NY Harbor,1.129,USD/gal,MHOILNYH.csv,
2003-03-01,FRED,Heating Oil NY Harbor,0.988,USD/gal,MHOILNYH.csv,
2003-04-01,FRED,Heating Oil NY Harbor,0.796,USD/gal,MHOILNYH.csv,
2003-05-01,FRED,Heating Oil NY Harbor,0.741,USD/gal,MHOILNYH.csv,
2003-06-01,FRED,Heating Oil NY Harbor,0.759,USD/gal,MHOILNYH.csv,
2003-07-01,FRED,Heating Oil NY Harbor,0.786,USD/gal,MHOILNYH.csv,
2003-08-01,FRED,Heating Oil NY Harbor,0.816,USD/gal,MHOILNYH.csv,
2003-09-01,FRED,Heating Oil NY Harbor,0.736,USD/gal,MHOILNYH.csv,
2003-10-01,FRED,Heating Oil NY Harbor,0.82,USD/gal,MHOILNYH.csv,
2003-11-01,FRED,Heating Oil NY Harbor,0.835,USD/gal,MHOILNYH.csv,
2003-12-01,FRED,Heating Oil NY Harbor,0.891,USD/gal,MHOILNYH.csv,
2004-01-01,FRED,Heating Oil NY Harbor,0.984,USD/gal,MHOILNYH.csv,
2004-02-01,FRED,Heating Oil NY Harbor,0.913,USD/gal,MHOILNYH.csv,
2004-03-01,FRED,Heating Oil NY Harbor,0.909,USD/gal,MHOILNYH.csv,
2004-04-01,FRED,Heating Oil NY Harbor,0.922,USD/gal,MHOILNYH.csv,
2004-05-01,FRED,Heating Oil NY Harbor,1.018,USD/gal,MHOILNYH.csv,
2004-06-01,FRED,Heating Oil NY Harbor,0.994,USD/gal,MHOILNYH.csv,
2004-07-01,FRED,Heating Oil NY Harbor,1.09,USD/gal,MHOILNYH.csv,
2004-08-01,FRED,Heating Oil NY Harbor,1.167,USD/gal,MHOILNYH.csv,
2004-09-01,FRED,Heating Oil NY Harbor,1.257,USD/gal,MHOILNYH.csv,
2004-10-01,FRED,Heating Oil NY Harbor,1.485,USD/gal,MHOILNYH.csv,
2004-11-01,FRED,Heating Oil NY Harbor,1.384,USD/gal,MHOILNYH.csv,
2004-12-01,FRED,Heating Oil NY Harbor,1.275,USD/gal,MHOILNYH.csv,
2005-01-01,FRED,Heating Oil NY Harbor,1.316,USD/gal,MHOILNYH.csv,
2005-02-01,FRED,Heating Oil NY Harbor,1.343,USD/gal,MHOILNYH.csv,
2005-03-01,FRED,Heating Oil NY Harbor,1.556,USD/gal,MHOILNYH.csv,
2005-04-01,FRED,Heating Oil NY Harbor,1.523,USD/gal,MHOILNYH.csv,
2005-05-01,FRED,Heating Oil NY Harbor,1.413,USD/gal,MHOILNYH.csv,
2005-06-01,FRED,Heating Oil NY Harbor,1.612,USD/gal,MHOILNYH.csv,
2005-07-01,FRED,Heating Oil NY Harbor,1.64,USD/gal,MHOILNYH.csv,
2005-08-01,FRED,Heating Oil NY Harbor,1.804,USD/gal,MHOILNYH.csv,
2005-09-01,FRED,Heating Oil NY Harbor,1.963,USD/gal,MHOILNYH.csv,
2005-10-01,FRED,Heating Oil NY Harbor,1.891,USD/gal,MHOILNYH.csv,
2005-11-01,FRED,Heating Oil NY Harbor,1.689,USD/gal,MHOILNYH.csv,
2005-12-01,FRED,Heating Oil NY Harbor,1.707,USD/gal,MHOILNYH.csv,
2006-01-01,FRED,Heating Oil NY Harbor,1.751,USD/gal,MHOILNYH.csv,
2006-02-01,FRED,Heating Oil NY Harbor,1.639,USD/gal,MHOILNYH.csv,
2006-03-01,FRED,Heating Oil NY Harbor,1.777,USD/gal,MHOILNYH.csv,
2006-04-01,FRED,Heating Oil NY Harbor,1.978,USD/gal,MHOILNYH.csv,
2006-05-01,FRED,Heating Oil NY Harbor,1.972,USD/gal,MHOILNYH.csv,
2006-06-01,FRED,Heating Oil NY Harbor,1.925,USD/gal,MHOILNYH.csv,
2006-07-01,FRED,Heating Oil NY Harbor,1.935,USD/gal,MHOILNYH.csv,
2006-08-01,FRED,Heating Oil NY Harbor,1.984,USD/gal,MHOILNYH.csv,
2006-09-01,FRED,Heating Oil NY Harbor,1.699,USD/gal,MHOILNYH.csv,
2006-10-01,FRED,Heating Oil NY Harbor,1.648,USD/gal,MHOILNYH.csv,
2006-11-01,FRED,Heating Oil NY Harbor,1.648,USD/gal,MHOILNYH.csv,
2006-12-01,FRED,Heating Oil NY Harbor,1.684,USD/gal,MHOILNYH.csv,
2007-01-01,FRED,Heating Oil NY Harbor,1.528,USD/gal,MHOILNYH.csv,
2007-02-01,FRED,Heating Oil NY Harbor,1.693,USD/gal,MHOILNYH.csv,
2007-03-01,FRED,Heating Oil NY Harbor,1.742,USD/gal,MHOILNYH.csv,
2007-04-01,FRED,Heating Oil NY Harbor,1.864,USD/gal,MHOILNYH.csv,
2007-05-01,FRED,Heating Oil NY Harbor,1.884,USD/gal,MHOILNYH.csv,
2007-06-01,FRED,Heating Oil NY Harbor,1.991,USD/gal,MHOILNYH.csv,
2007-07-01,FRED,Heating Oil NY Harbor,2.072,USD/gal,MHOILNYH.csv,
2007-08-01,FRED,Heating Oil NY Harbor,1.984,USD/gal,MHOILNYH.csv,
2007-09-01,FRED,Heating Oil NY Harbor,2.179,USD/gal,MHOILNYH.csv,
2007-10-01,FRED,Heating Oil NY Harbor,2.282,USD/gal,MHOILNYH.csv,
2007-11-01,FRED,Heating Oil NY Harbor,2.586,USD/gal,MHOILNYH.csv,
2007-12-01,FRED,Heating Oil NY Harbor,2.574,USD/gal,MHOILNYH.csv,
2008-01-01,FRED,Heating Oil NY Harbor,2.558,USD/gal,MHOILNYH.csv,
2008-02-01,FRED,Heating Oil NY Harbor,2.644,USD/gal,MHOILNYH.csv,
2008-03-01,FRED,Heating Oil NY Harbor,3.066,USD/gal,MHOILNYH.csv,
2008-04-01,FRED,Heating Oil NY Harbor,3.226,USD/gal,MHOILNYH.csv,
2008-05-01,FRED,Heating Oil NY Harbor,3.615,USD/gal,MHOILNYH.csv,
2008-06-01,FRED,Heating Oil NY Harbor,3.801,USD/gal,MHOILNYH.csv,
2008-07-01,FRED,Heating Oil NY Harbor,3.759,USD/gal,MHOILNYH.csv,
2008-08-01,FRED,Heating Oil NY Harbor,3.169,USD/gal,MHOILNYH.csv,
2008-09-01,FRED,Heating Oil NY Harbor,2.911,USD/gal,MHOILNYH.csv,
2008-10-01,FRED,Heating Oil NY Harbor,2.239,USD/gal,MHOILNYH.csv,
2008-11-01,FRED,Heating Oil NY Harbor,1.843,USD/gal,MHOILNYH.csv,
2008-12-01,FRED,Heating Oil NY Harbor,1.402,USD/gal,MHOILNYH.csv,
2009-01-01,FRED,Heating Oil NY Harbor,1.465,USD/gal,MHOILNYH.csv,
2009-02-01,FRED,Heating Oil NY Harbor,1.279,USD/gal,MHOILNYH.csv,
2009-03-01,FRED,Heating Oil NY Harbor,1.277,USD/gal,MHOILNYH.csv,
2009-04-01,FRED,Heating Oil NY Harbor,1.357,USD/gal,MHOILNYH.csv,
2009-05-01,FRED,Heating Oil NY Harbor,1.473,USD/gal,MHOILNYH.csv,
2009-06-01,FRED,Heating Oil NY Harbor,1.747,USD/gal,MHOILNYH.csv,
2009-07-01,FRED,Heating Oil NY Harbor,1.628,USD/gal,MHOILNYH.csv,
2009-08-01,FRED,Heating Oil NY Harbor,1.865,USD/gal,MHOILNYH.csv,
2009-09-01,FRED,Heating Oil NY Harbor,1.728,USD/gal,MHOILNYH.csv,
2009-10-01,FRED,Heating Oil NY Harbor,1.929,USD/gal,MHOILNYH.csv,
2009-11-01,FRED,Heating Oil NY Harbor,1.981,USD/gal,MHOILNYH.csv,
2009-12-01,FRED,Heating Oil NY Harbor,1.968,USD/gal,MHOILNYH.csv,
2010-01-01,FRED,Heating Oil NY Harbor,2.046,USD/gal,MHOILNYH.csv,
2010-02-01,FRED,Heating Oil NY Harbor,1.978,USD/gal,MHOILNYH.csv,
2010-03-01,FRED,Heating Oil NY Harbor,2.083,USD/gal,MHOILNYH.csv,
2010-04-01,FRED,Heating Oil NY Harbor,2.204,USD/gal,MHOILNYH.csv,
2010-05-01,FRED,Heating Oil NY Harbor,2.04,USD/gal,MHOILNYH.csv,
2010-06-01,FRED,Heating Oil NY Harbor,2.032,USD/gal,MHOILNYH.csv,
2010-07-01,FRED,Heating Oil NY Harbor,1.979,USD/gal,MHOILNYH.csv,
2010-08-01,FRED,Heating Oil NY Harbor,2.016,USD/gal,MHOILNYH.csv,
2010-09-01,FRED,Heating Oil NY Harbor,2.09,USD/gal,MHOILNYH.csv,
2010-10-01,FRED,Heating Oil NY Harbor,2.242,USD/gal,MHOILNYH.csv,
2010-11-01,FRED,Heating Oil NY Harbor,2.32,USD/gal,MHOILNYH.csv,
2010-12-01,FRED,Heating Oil NY Harbor,2.468,USD/gal,MHOILNYH.csv,
2011-01-01,FRED,Heating Oil NY Harbor,2.604,USD/gal,MHOILNYH.csv,
2011-02-01,FRED,Heating Oil NY Harbor,2.77,USD/gal,MHOILNYH.csv,
2011-03-01,FRED,Heating Oil NY Harbor,3.034,USD/gal,MHOILNYH.csv,
2011-04-01,FRED,Heating Oil NY Harbor,3.196,USD/gal,MHOILNYH.csv,
2011-05-01,FRED,Heating Oil NY Harbor,2.952,USD/gal,MHOILNYH.csv,
2011-06-01,FRED,Heating Oil NY Harbor,2.967,USD/gal,MHOILNYH.csv,
2011-07-01,FRED,Heating Oil NY Harbor,3.068,USD/gal,MHOILNYH.csv,
2011-08-01,FRED,Heating Oil NY Harbor,2.946,USD/gal,MHOILNYH.csv,
2011-09-01,FRED,Heating Oil NY Harbor,2.921,USD/gal,MHOILNYH.csv,
2011-10-01,FRED,Heating Oil NY Harbor,2.953,USD/gal,MHOILNYH.csv,
2011-11-01,FRED,Heating Oil NY Harbor,3.054,USD/gal,MHOILNYH.csv,
2011-12-01,FRED,Heating Oil NY Harbor,2.891,USD/gal,MHOILNYH.csv,
2012-01-01,FRED,Heating Oil NY Harbor,3.054,USD/gal,MHOILNYH.csv,
2012-02-01,FRED,Heating Oil NY Harbor,3.196,USD/gal,MHOILNYH.csv,
2012-03-01,FRED,Heating Oil NY Harbor,3.217,USD/gal,MHOILNYH.csv,
2012-04-01,FRED,Heating Oil NY Harbor,3.15,USD/gal,MHOILNYH.csv,
2012-05-01,FRED,Heating Oil NY Harbor,2.913,USD/gal,MHOILNYH.csv,
2012-06-01,FRED,Heating Oil NY Harbor,2.619,USD/gal,MHOILNYH.csv,
2012-07-01,FRED,Heating Oil NY Harbor,2.813,USD/gal,MHOILNYH.csv,
2012-08-01,FRED,Heating Oil NY Harbor,3.045,USD/gal,MHOILNYH.csv,
2012-09-01,FRED,Heating Oil NY Harbor,3.134,USD/gal,MHOILNYH.csv,
2012-10-01,FRED,Heating Oil NY Harbor,3.14,USD/gal,MHOILNYH.csv,
2012-11-01,FRED,Heating Oil NY Harbor,3.009,USD/gal,MHOILNYH.csv,
2012-12-01,FRED,Heating Oil NY Harbor,2.995,USD/gal,MHOILNYH.csv,
2013-01-01,FRED,Heating Oil NY Harbor,3.068,USD/gal,MHOILNYH.csv,
2013-02-01,FRED,Heating Oil NY Harbor,3.168,USD/gal,MHOILNYH.csv,
2013-03-01,FRED,Heating Oil NY Harbor,2.943,USD/gal,MHOILNYH.csv,
2013-04-01,FRED,Heating Oil NY Harbor,2.742,USD/gal,MHOILNYH.csv,
2013-05-01,FRED,Heating Oil NY Harbor,2.739,USD/gal,MHOILNYH.csv,
2013-06-01,FRED,Heating Oil NY Harbor,2.752,USD/gal,MHOILNYH.csv,
2013-07-01,FRED,Heating Oil NY Harbor,2.885,USD/gal,MHOILNYH.csv,
2013-08-01,FRED,Heating Oil NY Harbor,2.958,USD/gal,MHOILNYH.csv,
2013-09-01,FRED,Heating Oil NY Harbor,2.961,USD/gal,MHOILNYH.csv,
2013-10-01,FRED,Heating Oil NY Harbor,2.94,USD/gal,MHOILNYH.csv,
2013-11-01,FRED,Heating Oil NY Harbor,2.923,USD/gal,MHOILNYH.csv,
2013-12-01,FRED,Heating Oil NY Harbor,3.032,USD/gal,MHOILNYH.csv,
2014-01-01,FRED,Heating Oil NY Harbor,3.063,USD/gal,MHOILNYH.csv,
2014-02-01,FRED,Heating Oil NY Harbor,3.061,USD/gal,MHOILNYH.csv,
2014-03-01,FRED,Heating Oil NY Harbor,2.912,USD/gal,MHOILNYH.csv,
2014-04-01,FRED,Heating Oil NY Harbor,2.888,USD/gal,MHOILNYH.csv,
2014-05-01,FRED,Heating Oil NY Harbor,2.86,USD/gal,MHOILNYH.csv,
2014-06-01,FRED,Heating Oil NY Harbor,2.882,USD/gal,MHOILNYH.csv,
2014-07-01,FRED,Heating Oil NY Harbor,2.776,USD/gal,MHOILNYH.csv,
2014-08-01,FRED,Heating Oil NY Harbor,2.753,USD/gal,MHOILNYH.csv,
2014-09-01,FRED,Heating Oil NY Harbor,2.633,USD/gal,MHOILNYH.csv,
2014-10-01,FRED,Heating Oil NY Harbor,2.424,USD/gal,MHOILNYH.csv,
2014-11-01,FRED,Heating Oil NY Harbor,2.249,USD/gal,MHOILNYH.csv,
2014-12-01,FRED,Heating Oil NY Harbor,1.856,USD/gal,MHOILNYH.csv,
2015-01-01,FRED,Heating Oil NY Harbor,1.616,USD/gal,MHOILNYH.csv,
2015-02-01,FRED,Heating Oil NY Harbor,1.873,USD/gal,MHOILNYH.csv,
2015-03-01,FRED,Heating Oil NY Harbor,1.632,USD/gal,MHOILNYH.csv,
2015-04-01,FRED,Heating Oil NY Harbor,1.722,USD/gal,MHOILNYH.csv,
2015-05-01,FRED,Heating Oil NY Harbor,1.832,USD/gal,MHOILNYH.csv,
2015-06-01,FRED,Heating Oil NY Harbor,1.762,USD/gal,MHOILNYH.csv,
2015-07-01,FRED,Heating Oil NY Harbor,1.557,USD/gal,MHOILNYH.csv,
2015-08-01,FRED,Heating Oil NY Harbor,1.387,USD/gal,MHOILNYH.csv,
2015-09-01,FRED,Heating Oil NY Harbor,1.423,USD/gal,MHOILNYH.csv,
2015-10-01,FRED,Heating Oil NY Harbor,1.404,USD/gal,MHOILNYH.csv,
2015-11-01,FRED,Heating Oil NY Harbor,1.316,USD/gal,MHOILNYH.csv,
2015-12-01,FRED,Heating Oil NY Harbor,1.037,USD/gal,MHOILNYH.csv,
2016-01-01,FRED,Heating Oil NY Harbor,0.939,USD/gal,MHOILNYH.csv,
2016-02-01,FRED,Heating Oil NY Harbor,0.972,USD/gal,MHOILNYH.csv,
2016-03-01,FRED,Heating Oil NY Harbor,1.132,USD/gal,MHOILNYH.csv,
2016-04-01,FRED,Heating Oil NY Harbor,1.188,USD/gal,MHOILNYH.csv,
2016-05-01,FRED,Heating Oil NY Harbor,1.356,USD/gal,MHOILNYH.csv,
2016-06-01,FRED,Heating Oil NY Harbor,1.416,USD/gal,MHOILNYH.csv,
2016-07-01,FRED,Heating Oil NY Harbor,1.292,USD/gal,MHOILNYH.csv,
2016-08-01,FRED,Heating Oil NY Harbor,1.325,USD/gal,MHOILNYH.csv,
2016-09-01,FRED,Heating Oil NY Harbor,1.351,USD/gal,MHOILNYH.csv,
2016-10-01,FRED,Heating Oil NY Harbor,1.488,USD/gal,MHOILNYH.csv,
2016-11-01,FRED,Heating Oil NY Harbor,1.39,USD/gal,MHOILNYH.csv,
2016-12-01,FRED,Heating Oil NY Harbor,1.553,USD/gal,MHOILNYH.csv,
2017-01-01,FRED,Heating Oil NY Harbor,1.551,USD/gal,MHOILNYH.csv,
2017-02-01,FRED,Heating Oil NY Harbor,1.562,USD/gal,MHOILNYH.csv,
2017-03-01,FRED,Heating Oil NY Harbor,1.492,USD/gal,MHOILNYH.csv,
2017-04-01,FRED,Heating Oil NY Harbor,1.523,USD/gal,MHOILNYH.csv,
2017-05-01,FRED,Heating Oil NY Harbor,1.454,USD/gal,MHOILNYH.csv,
2017-06-01,FRED,Heating Oil NY Harbor,1.332,USD/gal,MHOILNYH.csv,
2017-07-01,FRED,Heating Oil NY Harbor,1.423,USD/gal,MHOILNYH.csv,
2017-08-01,FRED,Heating Oil NY Harbor,1.519,USD/gal,MHOILNYH.csv,
2017-09-01,FRED,Heating Oil NY Harbor,1.708,USD/gal,MHOILNYH.csv,
2017-10-01,FRED,Heating Oil NY Harbor,1.707,USD/gal,MHOILNYH.csv,
2017-11-01,FRED,Heating Oil NY Harbor,1.823,USD/gal,MHOILNYH.csv,
2017-12-01,FRED,Heating Oil NY Harbor,1.863,USD/gal,MHOILNYH.csv,
2018-01-01,FRED,Heating Oil NY Harbor,2.017,USD/gal,MHOILNYH.csv,
2018-02-01,FRED,Heating Oil NY Harbor,1.853,USD/gal,MHOILNYH.csv,
2018-03-01,FRED,Heating Oil NY Harbor,1.874,USD/gal,MHOILNYH.csv,
2018-04-01,FRED,Heating Oil NY Harbor,2.037,USD/gal,MHOILNYH.csv,
2018-05-01,FRED,Heating Oil NY Harbor,2.187,USD/gal,MHOILNYH.csv,
2018-06-01,FRED,Heating Oil NY Harbor,2.112,USD/gal,MHOILNYH.csv,
2018-07-01,FRED,Heating Oil NY Harbor,2.108,USD/gal,MHOILNYH.csv,
2018-08-01,FRED,Heating Oil NY Harbor,2.125,USD/gal,MHOILNYH.csv,
2018-09-01,FRED,Heating Oil NY Harbor,2.225,USD/gal,MHOILNYH.csv,
2018-10-01,FRED,Heating Oil NY Harbor,2.313,USD/gal,MHOILNYH.csv,
2018-11-01,FRED,Heating Oil NY Harbor,2.033,USD/gal,MHOILNYH.csv,
2018-12-01,FRED,Heating Oil NY Harbor,1.784,USD/gal,MHOILNYH.csv,
2019-01-01,FRED,Heating Oil NY Harbor,1.819,USD/gal,MHOILNYH.csv,
2019-02-01,FRED,Heating Oil NY Harbor,1.931,USD/gal,MHOILNYH.csv,
2019-03-01,FRED,Heating Oil NY Harbor,1.965,USD/gal,MHOILNYH.csv,
2019-04-01,FRED,Heating Oil NY Harbor,2.036,USD/gal,MHOILNYH.csv,
2019-05-01,FRED,Heating Oil NY Harbor,2.006,USD/gal,MHOILNYH.csv,
2019-06-01,FRED,Heating Oil NY Harbor,1.82,USD/gal,MHOILNYH.csv,
2019-07-01,FRED,Heating Oil NY Harbor,1.888,USD/gal,MHOILNYH.csv,
2019-08-01,FRED,Heating Oil NY Harbor,1.795,USD/gal,MHOILNYH.csv,
2019-09-01,FRED,Heating Oil NY Harbor,1.919,USD/gal,MHOILNYH.csv,
2019-10-01,FRED,Heating Oil NY Harbor,1.92,USD/gal,MHOILNYH.csv,
2019-11-01,FRED,Heating Oil NY Harbor,1.915,USD/gal,MHOILNYH.csv,
2019-12-01,FRED,Heating Oil NY Harbor,1.966,USD/gal,MHOILNYH.csv,
2020-01-01,FRED,Heating Oil NY Harbor,1.829,USD/gal,MHOILNYH.csv,
2020-02-01,FRED,Heating Oil NY Harbor,1.589,USD/gal,MHOILNYH.csv,
2020-03-01,FRED,Heating Oil NY Harbor,1.156,USD/gal,MHOILNYH.csv,
2020-04-01,FRED,Heating Oil NY Harbor,0.852,USD/gal,MHOILNYH.csv,
2020-05-01,FRED,Heating Oil NY Harbor,0.843,USD/gal,MHOILNYH.csv,
2020-06-01,FRED,Heating Oil NY Harbor,1.073,USD/gal,MHOILNYH.csv,
2020-07-01,FRED,Heating Oil NY Harbor,1.187,USD/gal,MHOILNYH.csv,
2020-08-01,FRED,Heating Oil NY Harbor,1.18,USD/gal,MHOILNYH.csv,
2020-09-01,FRED,Heating Oil NY Harbor,1.069,USD/gal,MHOILNYH.csv,
2020-10-01,FRED,Heating Oil NY Harbor,1.099,USD/gal,MHOILNYH.csv,
2020-11-01,FRED,Heating Oil NY Harbor,1.16,USD/gal,MHOILNYH.csv,
2020-12-01,FRED,Heating Oil NY Harbor,1.366,USD/gal,MHOILNYH.csv,
2021-01-01,FRED,Heating Oil NY Harbor,1.477,USD/gal,MHOILNYH.csv,
2021-02-01,FRED,Heating Oil NY Harbor,1.67,USD/gal,MHOILNYH.csv,
2021-03-01,FRED,Heating Oil NY Harbor,1.704,USD/gal,MHOILNYH.csv,
2021-04-01,FRED,Heating Oil NY Harbor,1.704,USD/gal,MHOILNYH.csv,
2021-05-01,FRED,Heating Oil NY Harbor,1.834,USD/gal,MHOILNYH.csv,
2021-06-01,FRED,Heating Oil NY Harbor,1.911,USD/gal,MHOILNYH.csv,
2021-07-01,FRED,Heating Oil NY Harbor,1.947,USD/gal,MHOILNYH.csv,
2021-08-01,FRED,Heating Oil NY Harbor,1.878,USD/gal,MHOILNYH.csv,
2021-09-01,FRED,Heating Oil NY Harbor,2.053,USD/gal,MHOILNYH.csv,
2021-10-01,FRED,Heating Oil NY Harbor,2.382,USD/gal,MHOILNYH.csv,
2021-11-01,FRED,Heating Oil NY Harbor,2.253,USD/gal,MHOILNYH.csv,
2021-12-01,FRED,Heating Oil NY Harbor,2.118,USD/gal,MHOILNYH.csv,
2022-01-01,FRED,Heating Oil NY Harbor,2.481,USD/gal,MHOILNYH.csv,
2022-02-01,FRED,Heating Oil NY Harbor,2.737,USD/gal,MHOILNYH.csv,
2022-03-01,FRED,Heating Oil NY Harbor,3.635,USD/gal,MHOILNYH.csv,
2022-04-01,FRED,Heating Oil NY Harbor,3.952,USD/gal,MHOILNYH.csv,
2022-05-01,FRED,Heating Oil NY Harbor,4.497,USD/gal,MHOILNYH.csv,
2022-06-01,FRED,Heating Oil NY Harbor,4.246,USD/gal,MHOILNYH.csv,
2022-07-01,FRED,Heating Oil NY Harbor,3.552,USD/gal,MHOILNYH.csv,
2022-08-01,FRED,Heating Oil NY Harbor,3.437,USD/gal,MHOILNYH.csv,
2022-09-01,FRED,Heating Oil NY Harbor,3.257,USD/gal,MHOILNYH.csv,
2022-10-01,FRED,Heating Oil NY Harbor,4.163,USD/gal,MHOILNYH.csv,
2022-11-01,FRED,Heating Oil NY Harbor,3.821,USD/gal,MHOILNYH.csv,
2022-12-01,FRED,Heating Oil NY Harbor,2.937,USD/gal,MHOILNYH.csv,
2023-01-01,FRED,Heating Oil NY Harbor,3.085,USD/gal,MHOILNYH.csv,
2023-02-01,FRED,Heating Oil NY Harbor,2.645,USD/gal,MHOILNYH.csv,
2023-03-01,FRED,Heating Oil NY Harbor,2.571,USD/gal,MHOILNYH.csv,
2023-04-01,FRED,Heating Oil NY Harbor,2.424,USD/gal,MHOILNYH.csv,
2023-05-01,FRED,Heating Oil NY Harbor,2.181,USD/gal,MHOILNYH.csv,
2023-06-01,FRED,Heating Oil NY Harbor,2.278,USD/gal,MHOILNYH.csv,
2023-07-01,FRED,Heating Oil NY Harbor,2.498,USD/gal,MHOILNYH.csv,
2023-08-01,FRED,Heating Oil NY Harbor,2.939,USD/gal,MHOILNYH.csv,
2023-09-01,FRED,Heating Oil NY Harbor,3.168,USD/gal,MHOILNYH.csv,
2023-10-01,FRED,Heating Oil NY Harbor,3.002,USD/gal,MHOILNYH.csv,
2023-11-01,FRED,Heating Oil NY Harbor,2.811,USD/gal,MHOILNYH.csv,
2023-12-01,FRED,Heating Oil NY Harbor,2.54,USD/gal,MHOILNYH.csv,
2024-01-01,FRED,Heating Oil NY Harbor,2.59,USD/gal,MHOILNYH.csv,
2024-02-01,FRED,Heating Oil NY Harbor,2.703,USD/gal,MHOILNYH.csv,
2024-03-01,FRED,Heating Oil NY Harbor,2.601,USD/gal,MHOILNYH.csv,
2024-04-01,FRED,Heating Oil NY Harbor,2.536,USD/gal,MHOILNYH.csv,
2024-05-01,FRED,Heating Oil NY Harbor,2.345,USD/gal,MHOILNYH.csv,
2024-06-01,FRED,Heating Oil NY Harbor,2.351,USD/gal,MHOILNYH.csv,
2024-07-01,FRED,Heating Oil NY Harbor,2.351,USD/gal,MHOILNYH.csv,
2024-08-01,FRED,Heating Oil NY Harbor,2.163,USD/gal,MHOILNYH.csv,
2024-09-01,FRED,Heating Oil NY Harbor,1.693,USD/gal,MHOILNYH.csv,
2024-10-01,FRED,Heating Oil NY Harbor,1.905,USD/gal,MHOILNYH.csv,
2024-11-01,FRED,Heating Oil NY Harbor,2.14,USD/gal,MHOILNYH.csv,
2024-12-01,FRED,Heating Oil NY Harbor,2.134,USD/gal,MHOILNYH.csv,
2025-01-01,FRED,Heating Oil NY Harbor,2.407,USD/gal,MHOILNYH.csv,
2025-02-01,FRED,Heating Oil NY Harbor,2.346,USD/gal,MHOILNYH.csv,
2025-03-01,FRED,Heating Oil NY Harbor,2.148,USD/gal,MHOILNYH.csv,
2025-04-01,FRED,Heating Oil NY Harbor,2.031,USD/gal,MHOILNYH.csv,
2025-05-01,FRED,Heating Oil NY Harbor,1.984,USD/gal,MHOILNYH.csv,
2025-06-01,FRED,Heating Oil NY Harbor,2.174,USD/gal,MHOILNYH.csv,
2025-07-01,FRED,Heating Oil NY Harbor,2.324,USD/gal,MHOILNYH.csv,
2025-08-01,FRED,Heating Oil NY Harbor,2.178,USD/gal,MHOILNYH.csv,
2025-09-01,FRED,Heating Oil NY Harbor,2.243,USD/gal,MHOILNYH.csv,
2025-10-01,FRED,Heating Oil NY Harbor,2.19,USD/gal,MHOILNYH.csv,
2025-11-01,FRED,Heating Oil NY Harbor,2.376,USD/gal,MHOILNYH.csv,
2025-12-01,FRED,Heating Oil NY Harbor,2.112,USD/gal,MHOILNYH.csv,
2026-01-01,FRED,Heating Oil NY Harbor,2.111,USD/gal,MHOILNYH.csv,
2026-02-01,FRED,Heating Oil NY Harbor,2.354,USD/gal,MHOILNYH.csv,
2026-03-01,FRED,Heating Oil NY Harbor,3.807,USD/gal,MHOILNYH.csv,
2026-04-01,FRED,Heating Oil NY Harbor,3.84,USD/gal,MHOILNYH.csv,
2026-05-01,FRED,Heating Oil NY Harbor,3.803,USD/gal,MHOILNYH.csv,
2026-06-01,FRED,Heating Oil NY Harbor,3.302,USD/gal,MHOILNYH.csv,
2026-07-01,FRED,Heating Oil NY Harbor,3.803,USD/gal,MHOILNYH.csv,
2006-06-01,FRED,Diesel NY Harbor,2.091,USD/gal,MDFUELNYH.csv,
2006-07-01,FRED,Diesel NY Harbor,2.217,USD/gal,MDFUELNYH.csv,
2006-08-01,FRED,Diesel NY Harbor,2.247,USD/gal,MDFUELNYH.csv,
2006-09-01,FRED,Diesel NY Harbor,1.81,USD/gal,MDFUELNYH.csv,
2006-10-01,FRED,Diesel NY Harbor,1.794,USD/gal,MDFUELNYH.csv,
2006-11-01,FRED,Diesel NY Harbor,1.811,USD/gal,MDFUELNYH.csv,
2006-12-01,FRED,Diesel NY Harbor,1.833,USD/gal,MDFUELNYH.csv,
2007-01-01,FRED,Diesel NY Harbor,1.63,USD/gal,MDFUELNYH.csv,
2007-02-01,FRED,Diesel NY Harbor,1.759,USD/gal,MDFUELNYH.csv,
2007-03-01,FRED,Diesel NY Harbor,1.891,USD/gal,MDFUELNYH.csv,
2007-04-01,FRED,Diesel NY Harbor,2.053,USD/gal,MDFUELNYH.csv,
2007-05-01,FRED,Diesel NY Harbor,2.044,USD/gal,MDFUELNYH.csv,
2007-06-01,FRED,Diesel NY Harbor,2.12,USD/gal,MDFUELNYH.csv,
2007-07-01,FRED,Diesel NY Harbor,2.146,USD/gal,MDFUELNYH.csv,
2007-08-01,FRED,Diesel NY Harbor,2.106,USD/gal,MDFUELNYH.csv,
2007-09-01,FRED,Diesel NY Harbor,2.32,USD/gal,MDFUELNYH.csv,
2007-10-01,FRED,Diesel NY Harbor,2.417,USD/gal,MDFUELNYH.csv,
2007-11-01,FRED,Diesel NY Harbor,2.7,USD/gal,MDFUELNYH.csv,
2007-12-01,FRED,Diesel NY Harbor,2.631,USD/gal,MDFUELNYH.csv,
2008-01-01,FRED,Diesel NY Harbor,2.59,USD/gal,MDFUELNYH.csv,
2008-02-01,FRED,Diesel NY Harbor,2.774,USD/gal,MDFUELNYH.csv,
2008-03-01,FRED,Diesel NY Harbor,3.253,USD/gal,MDFUELNYH.csv,
2008-04-01,FRED,Diesel NY Harbor,3.443,USD/gal,MDFUELNYH.csv,
2008-05-01,FRED,Diesel NY Harbor,3.821,USD/gal,MDFUELNYH.csv,
2008-06-01,FRED,Diesel NY Harbor,3.887,USD/gal,MDFUELNYH.csv,
2008-07-01,FRED,Diesel NY Harbor,3.845,USD/gal,MDFUELNYH.csv,
2008-08-01,FRED,Diesel NY Harbor,3.273,USD/gal,MDFUELNYH.csv,
2008-09-01,FRED,Diesel NY Harbor,3.041,USD/gal,MDFUELNYH.csv,
2008-10-01,FRED,Diesel NY Harbor,2.397,USD/gal,MDFUELNYH.csv,
2008-11-01,FRED,Diesel NY Harbor,1.923,USD/gal,MDFUELNYH.csv,
2008-12-01,FRED,Diesel NY Harbor,1.436,USD/gal,MDFUELNYH.csv,
2009-01-01,FRED,Diesel NY Harbor,1.496,USD/gal,MDFUELNYH.csv,
2009-02-01,FRED,Diesel NY Harbor,1.306,USD/gal,MDFUELNYH.csv,
2009-03-01,FRED,Diesel NY Harbor,1.338,USD/gal,MDFUELNYH.csv,
2009-04-01,FRED,Diesel NY Harbor,1.449,USD/gal,MDFUELNYH.csv,
2009-05-01,FRED,Diesel NY Harbor,1.52,USD/gal,MDFUELNYH.csv,
2009-06-01,FRED,Diesel NY Harbor,1.82,USD/gal,MDFUELNYH.csv,
2009-07-01,FRED,Diesel NY Harbor,1.722,USD/gal,MDFUELNYH.csv,
2009-08-01,FRED,Diesel NY Harbor,1.927,USD/gal,MDFUELNYH.csv,
2009-09-01,FRED,Diesel NY Harbor,1.795,USD/gal,MDFUELNYH.csv,
2009-10-01,FRED,Diesel NY Harbor,1.982,USD/gal,MDFUELNYH.csv,
2009-11-01,FRED,Diesel NY Harbor,1.998,USD/gal,MDFUELNYH.csv,
2009-12-01,FRED,Diesel NY Harbor,1.98,USD/gal,MDFUELNYH.csv,
2010-01-01,FRED,Diesel NY Harbor,2.066,USD/gal,MDFUELNYH.csv,
2010-02-01,FRED,Diesel NY Harbor,2.035,USD/gal,MDFUELNYH.csv,
2010-03-01,FRED,Diesel NY Harbor,2.159,USD/gal,MDFUELNYH.csv,
2010-04-01,FRED,Diesel NY Harbor,2.284,USD/gal,MDFUELNYH.csv,
2010-05-01,FRED,Diesel NY Harbor,2.136,USD/gal,MDFUELNYH.csv,
2010-06-01,FRED,Diesel NY Harbor,2.108,USD/gal,MDFUELNYH.csv,
2010-07-01,FRED,Diesel NY Harbor,2.066,USD/gal,MDFUELNYH.csv,
2010-08-01,FRED,Diesel NY Harbor,2.122,USD/gal,MDFUELNYH.csv,
2010-09-01,FRED,Diesel NY Harbor,2.175,USD/gal,MDFUELNYH.csv,
2010-10-01,FRED,Diesel NY Harbor,2.301,USD/gal,MDFUELNYH.csv,
2010-11-01,FRED,Diesel NY Harbor,2.377,USD/gal,MDFUELNYH.csv,
2010-12-01,FRED,Diesel NY Harbor,2.5,USD/gal,MDFUELNYH.csv,
2011-01-01,FRED,Diesel NY Harbor,2.642,USD/gal,MDFUELNYH.csv,
2011-02-01,FRED,Diesel NY Harbor,2.84,USD/gal,MDFUELNYH.csv,
2011-03-01,FRED,Diesel NY Harbor,3.131,USD/gal,MDFUELNYH.csv,
2011-04-01,FRED,Diesel NY Harbor,3.271,USD/gal,MDFUELNYH.csv,
2011-05-01,FRED,Diesel NY Harbor,3.035,USD/gal,MDFUELNYH.csv,
2011-06-01,FRED,Diesel NY Harbor,3.054,USD/gal,MDFUELNYH.csv,
2011-07-01,FRED,Diesel NY Harbor,3.17,USD/gal,MDFUELNYH.csv,
2011-08-01,FRED,Diesel NY Harbor,3.01,USD/gal,MDFUELNYH.csv,
2011-09-01,FRED,Diesel NY Harbor,2.98,USD/gal,MDFUELNYH.csv,
2011-10-01,FRED,Diesel NY Harbor,3.008,USD/gal,MDFUELNYH.csv,
2011-11-01,FRED,Diesel NY Harbor,3.095,USD/gal,MDFUELNYH.csv,
2011-12-01,FRED,Diesel NY Harbor,2.937,USD/gal,MDFUELNYH.csv,
2012-01-01,FRED,Diesel NY Harbor,3.08,USD/gal,MDFUELNYH.csv,
2012-02-01,FRED,Diesel NY Harbor,3.223,USD/gal,MDFUELNYH.csv,
2012-03-01,FRED,Diesel NY Harbor,3.302,USD/gal,MDFUELNYH.csv,
2012-04-01,FRED,Diesel NY Harbor,3.242,USD/gal,MDFUELNYH.csv,
2012-05-01,FRED,Diesel NY Harbor,2.987,USD/gal,MDFUELNYH.csv,
2012-06-01,FRED,Diesel NY Harbor,2.71,USD/gal,MDFUELNYH.csv,
2012-07-01,FRED,Diesel NY Harbor,2.921,USD/gal,MDFUELNYH.csv,
2012-08-01,FRED,Diesel NY Harbor,3.179,USD/gal,MDFUELNYH.csv,
2012-09-01,FRED,Diesel NY Harbor,3.229,USD/gal,MDFUELNYH.csv,
2012-10-01,FRED,Diesel NY Harbor,3.236,USD/gal,MDFUELNYH.csv,
2012-11-01,FRED,Diesel NY Harbor,3.18,USD/gal,MDFUELNYH.csv,
2012-12-01,FRED,Diesel NY Harbor,3.07,USD/gal,MDFUELNYH.csv,
2013-01-01,FRED,Diesel NY Harbor,3.103,USD/gal,MDFUELNYH.csv,
2013-02-01,FRED,Diesel NY Harbor,3.237,USD/gal,MDFUELNYH.csv,
2013-03-01,FRED,Diesel NY Harbor,3.037,USD/gal,MDFUELNYH.csv,
2013-04-01,FRED,Diesel NY Harbor,2.9,USD/gal,MDFUELNYH.csv,
2013-05-01,FRED,Diesel NY Harbor,2.888,USD/gal,MDFUELNYH.csv,
2013-06-01,FRED,Diesel NY Harbor,2.891,USD/gal,MDFUELNYH.csv,
2013-07-01,FRED,Diesel NY Harbor,3.018,USD/gal,MDFUELNYH.csv,
2013-08-01,FRED,Diesel NY Harbor,3.068,USD/gal,MDFUELNYH.csv,
2013-09-01,FRED,Diesel NY Harbor,3.048,USD/gal,MDFUELNYH.csv,
2013-10-01,FRED,Diesel NY Harbor,2.995,USD/gal,MDFUELNYH.csv,
2013-11-01,FRED,Diesel NY Harbor,2.938,USD/gal,MDFUELNYH.csv,
2013-12-01,FRED,Diesel NY Harbor,3.045,USD/gal,MDFUELNYH.csv,
2014-01-01,FRED,Diesel NY Harbor,3.117,USD/gal,MDFUELNYH.csv,
2014-02-01,FRED,Diesel NY Harbor,3.227,USD/gal,MDFUELNYH.csv,
2014-03-01,FRED,Diesel NY Harbor,2.993,USD/gal,MDFUELNYH.csv,
2014-04-01,FRED,Diesel NY Harbor,2.958,USD/gal,MDFUELNYH.csv,
2014-05-01,FRED,Diesel NY Harbor,2.936,USD/gal,MDFUELNYH.csv,
2014-06-01,FRED,Diesel NY Harbor,2.962,USD/gal,MDFUELNYH.csv,
2014-07-01,FRED,Diesel NY Harbor,2.879,USD/gal,MDFUELNYH.csv,
2014-08-01,FRED,Diesel NY Harbor,2.85,USD/gal,MDFUELNYH.csv,
2014-09-01,FRED,Diesel NY Harbor,2.74,USD/gal,MDFUELNYH.csv,
2014-10-01,FRED,Diesel NY Harbor,2.532,USD/gal,MDFUELNYH.csv,
2014-11-01,FRED,Diesel NY Harbor,2.43,USD/gal,MDFUELNYH.csv,
2014-12-01,FRED,Diesel NY Harbor,2.034,USD/gal,MDFUELNYH.csv,
2015-01-01,FRED,Diesel NY Harbor,1.678,USD/gal,MDFUELNYH.csv,
2015-02-01,FRED,Diesel NY Harbor,1.991,USD/gal,MDFUELNYH.csv,
2015-03-01,FRED,Diesel NY Harbor,1.856,USD/gal,MDFUELNYH.csv,
2015-04-01,FRED,Diesel NY Harbor,1.843,USD/gal,MDFUELNYH.csv,
2015-05-01,FRED,Diesel NY Harbor,1.965,USD/gal,MDFUELNYH.csv,
2015-06-01,FRED,Diesel NY Harbor,1.888,USD/gal,MDFUELNYH.csv,
2015-07-01,FRED,Diesel NY Harbor,1.684,USD/gal,MDFUELNYH.csv,
2015-08-01,FRED,Diesel NY Harbor,1.516,USD/gal,MDFUELNYH.csv,
2015-09-01,FRED,Diesel NY Harbor,1.516,USD/gal,MDFUELNYH.csv,
2015-10-01,FRED,Diesel NY Harbor,1.472,USD/gal,MDFUELNYH.csv,
2015-11-01,FRED,Diesel NY Harbor,1.413,USD/gal,MDFUELNYH.csv,
2015-12-01,FRED,Diesel NY Harbor,1.138,USD/gal,MDFUELNYH.csv,
2016-01-01,FRED,Diesel NY Harbor,0.979,USD/gal,MDFUELNYH.csv,
2016-02-01,FRED,Diesel NY Harbor,1.036,USD/gal,MDFUELNYH.csv,
2016-03-01,FRED,Diesel NY Harbor,1.19,USD/gal,MDFUELNYH.csv,
2016-04-01,FRED,Diesel NY Harbor,1.247,USD/gal,MDFUELNYH.csv,
2016-05-01,FRED,Diesel NY Harbor,1.423,USD/gal,MDFUELNYH.csv,
2016-06-01,FRED,Diesel NY Harbor,1.491,USD/gal,MDFUELNYH.csv,
2016-07-01,FRED,Diesel NY Harbor,1.37,USD/gal,MDFUELNYH.csv,
2016-08-01,FRED,Diesel NY Harbor,1.399,USD/gal,MDFUELNYH.csv,
2016-09-01,FRED,Diesel NY Harbor,1.418,USD/gal,MDFUELNYH.csv,
2016-10-01,FRED,Diesel NY Harbor,1.559,USD/gal,MDFUELNYH.csv,
2016-11-01,FRED,Diesel NY Harbor,1.463,USD/gal,MDFUELNYH.csv,
2016-12-01,FRED,Diesel NY Harbor,1.642,USD/gal,MDFUELNYH.csv,
2017-01-01,FRED,Diesel NY Harbor,1.623,USD/gal,MDFUELNYH.csv,
2017-02-01,FRED,Diesel NY Harbor,1.624,USD/gal,MDFUELNYH.csv,
2017-03-01,FRED,Diesel NY Harbor,1.528,USD/gal,MDFUELNYH.csv,
2017-04-01,FRED,Diesel NY Harbor,1.586,USD/gal,MDFUELNYH.csv,
2017-05-01,FRED,Diesel NY Harbor,1.514,USD/gal,MDFUELNYH.csv,
2017-06-01,FRED,Diesel NY Harbor,1.417,USD/gal,MDFUELNYH.csv,
2017-07-01,FRED,Diesel NY Harbor,1.521,USD/gal,MDFUELNYH.csv,
2017-08-01,FRED,Diesel NY Harbor,1.631,USD/gal,MDFUELNYH.csv,
2017-09-01,FRED,Diesel NY Harbor,1.791,USD/gal,MDFUELNYH.csv,
2017-10-01,FRED,Diesel NY Harbor,1.799,USD/gal,MDFUELNYH.csv,
2017-11-01,FRED,Diesel NY Harbor,1.916,USD/gal,MDFUELNYH.csv,
2017-12-01,FRED,Diesel NY Harbor,1.944,USD/gal,MDFUELNYH.csv,
2018-01-01,FRED,Diesel NY Harbor,2.074,USD/gal,MDFUELNYH.csv,
2018-02-01,FRED,Diesel NY Harbor,1.937,USD/gal,MDFUELNYH.csv,
2018-03-01,FRED,Diesel NY Harbor,1.93,USD/gal,MDFUELNYH.csv,
2018-04-01,FRED,Diesel NY Harbor,2.079,USD/gal,MDFUELNYH.csv,
2018-05-01,FRED,Diesel NY Harbor,2.23,USD/gal,MDFUELNYH.csv,
2018-06-01,FRED,Diesel NY Harbor,2.146,USD/gal,MDFUELNYH.csv,
2018-07-01,FRED,Diesel NY Harbor,2.14,USD/gal,MDFUELNYH.csv,
2018-08-01,FRED,Diesel NY Harbor,2.153,USD/gal,MDFUELNYH.csv,
2018-09-01,FRED,Diesel NY Harbor,2.252,USD/gal,MDFUELNYH.csv,
2018-10-01,FRED,Diesel NY Harbor,2.332,USD/gal,MDFUELNYH.csv,
2018-11-01,FRED,Diesel NY Harbor,2.048,USD/gal,MDFUELNYH.csv,
2018-12-01,FRED,Diesel NY Harbor,1.801,USD/gal,MDFUELNYH.csv,
2019-01-01,FRED,Diesel NY Harbor,1.846,USD/gal,MDFUELNYH.csv,
2019-02-01,FRED,Diesel NY Harbor,1.962,USD/gal,MDFUELNYH.csv,
2019-03-01,FRED,Diesel NY Harbor,1.988,USD/gal,MDFUELNYH.csv,
2019-04-01,FRED,Diesel NY Harbor,2.062,USD/gal,MDFUELNYH.csv,
2019-05-01,FRED,Diesel NY Harbor,2.031,USD/gal,MDFUELNYH.csv,
2019-06-01,FRED,Diesel NY Harbor,1.846,USD/gal,MDFUELNYH.csv,
2019-07-01,FRED,Diesel NY Harbor,1.92,USD/gal,MDFUELNYH.csv,
2019-08-01,FRED,Diesel NY Harbor,1.824,USD/gal,MDFUELNYH.csv,
2019-09-01,FRED,Diesel NY Harbor,1.935,USD/gal,MDFUELNYH.csv,
2019-10-01,FRED,Diesel NY Harbor,1.937,USD/gal,MDFUELNYH.csv,
2019-11-01,FRED,Diesel NY Harbor,1.933,USD/gal,MDFUELNYH.csv,
2019-12-01,FRED,Diesel NY Harbor,1.988,USD/gal,MDFUELNYH.csv,
2020-01-01,FRED,Diesel NY Harbor,1.848,USD/gal,MDFUELNYH.csv,
2020-02-01,FRED,Diesel NY Harbor,1.622,USD/gal,MDFUELNYH.csv,
2020-03-01,FRED,Diesel NY Harbor,1.19,USD/gal,MDFUELNYH.csv,
2020-04-01,FRED,Diesel NY Harbor,0.88,USD/gal,MDFUELNYH.csv,
2020-05-01,FRED,Diesel NY Harbor,0.887,USD/gal,MDFUELNYH.csv,
2020-06-01,FRED,Diesel NY Harbor,1.124,USD/gal,MDFUELNYH.csv,
2020-07-01,FRED,Diesel NY Harbor,1.24,USD/gal,MDFUELNYH.csv,
2020-08-01,FRED,Diesel NY Harbor,1.226,USD/gal,MDFUELNYH.csv,
2020-09-01,FRED,Diesel NY Harbor,1.122,USD/gal,MDFUELNYH.csv,
2020-10-01,FRED,Diesel NY Harbor,1.154,USD/gal,MDFUELNYH.csv,
2020-11-01,FRED,Diesel NY Harbor,1.241,USD/gal,MDFUELNYH.csv,
2020-12-01,FRED,Diesel NY Harbor,1.444,USD/gal,MDFUELNYH.csv,
2021-01-01,FRED,Diesel NY Harbor,1.575,USD/gal,MDFUELNYH.csv,
2021-02-01,FRED,Diesel NY Harbor,1.788,USD/gal,MDFUELNYH.csv,
2021-03-01,FRED,Diesel NY Harbor,1.853,USD/gal,MDFUELNYH.csv,
2021-04-01,FRED,Diesel NY Harbor,1.861,USD/gal,MDFUELNYH.csv,
2021-05-01,FRED,Diesel NY Harbor,2.024,USD/gal,MDFUELNYH.csv,
2021-06-01,FRED,Diesel NY Harbor,2.121,USD/gal,MDFUELNYH.csv,
2021-07-01,FRED,Diesel NY Harbor,2.127,USD/gal,MDFUELNYH.csv,
2021-08-01,FRED,Diesel NY Harbor,2.068,USD/gal,MDFUELNYH.csv,
2021-09-01,FRED,Diesel NY Harbor,2.201,USD/gal,MDFUELNYH.csv,
2021-10-01,FRED,Diesel NY Harbor,2.523,USD/gal,MDFUELNYH.csv,
2021-11-01,FRED,Diesel NY Harbor,2.391,USD/gal,MDFUELNYH.csv,
2021-12-01,FRED,Diesel NY Harbor,2.251,USD/gal,MDFUELNYH.csv,
2022-01-01,FRED,Diesel NY Harbor,2.616,USD/gal,MDFUELNYH.csv,
2022-02-01,FRED,Diesel NY Harbor,2.872,USD/gal,MDFUELNYH.csv,
2022-03-01,FRED,Diesel NY Harbor,3.78,USD/gal,MDFUELNYH.csv,
2022-04-01,FRED,Diesel NY Harbor,4.042,USD/gal,MDFUELNYH.csv,
2022-05-01,FRED,Diesel NY Harbor,4.646,USD/gal,MDFUELNYH.csv,
2022-06-01,FRED,Diesel NY Harbor,4.362,USD/gal,MDFUELNYH.csv,
2022-07-01,FRED,Diesel NY Harbor,3.696,USD/gal,MDFUELNYH.csv,
2022-08-01,FRED,Diesel NY Harbor,3.596,USD/gal,MDFUELNYH.csv,
2022-09-01,FRED,Diesel NY Harbor,3.435,USD/gal,MDFUELNYH.csv,
2022-10-01,FRED,Diesel NY Harbor,4.345,USD/gal,MDFUELNYH.csv,
2022-11-01,FRED,Diesel NY Harbor,4.063,USD/gal,MDFUELNYH.csv,
2022-12-01,FRED,Diesel NY Harbor,3.117,USD/gal,MDFUELNYH.csv,
2023-01-01,FRED,Diesel NY Harbor,3.267,USD/gal,MDFUELNYH.csv,
2023-02-01,FRED,Diesel NY Harbor,2.832,USD/gal,MDFUELNYH.csv,
2023-03-01,FRED,Diesel NY Harbor,2.747,USD/gal,MDFUELNYH.csv,
2023-04-01,FRED,Diesel NY Harbor,2.593,USD/gal,MDFUELNYH.csv,
2023-05-01,FRED,Diesel NY Harbor,2.346,USD/gal,MDFUELNYH.csv,
2023-06-01,FRED,Diesel NY Harbor,2.432,USD/gal,MDFUELNYH.csv,
2023-07-01,FRED,Diesel NY Harbor,2.671,USD/gal,MDFUELNYH.csv,
2023-08-01,FRED,Diesel NY Harbor,3.117,USD/gal,MDFUELNYH.csv,
2023-09-01,FRED,Diesel NY Harbor,3.325,USD/gal,MDFUELNYH.csv,
2023-10-01,FRED,Diesel NY Harbor,3.114,USD/gal,MDFUELNYH.csv,
2023-11-01,FRED,Diesel NY Harbor,2.905,USD/gal,MDFUELNYH.csv,
2023-12-01,FRED,Diesel NY Harbor,2.632,USD/gal,MDFUELNYH.csv,
2024-01-01,FRED,Diesel NY Harbor,2.681,USD/gal,MDFUELNYH.csv,
2024-02-01,FRED,Diesel NY Harbor,2.771,USD/gal,MDFUELNYH.csv,
2024-03-01,FRED,Diesel NY Harbor,2.674,USD/gal,MDFUELNYH.csv,
2024-04-01,FRED,Diesel NY Harbor,2.62,USD/gal,MDFUELNYH.csv,
2024-05-01,FRED,Diesel NY Harbor,2.43,USD/gal,MDFUELNYH.csv,
2024-06-01,FRED,Diesel NY Harbor,2.426,USD/gal,MDFUELNYH.csv,
2024-07-01,FRED,Diesel NY Harbor,2.473,USD/gal,MDFUELNYH.csv,
2024-08-01,FRED,Diesel NY Harbor,2.28,USD/gal,MDFUELNYH.csv,
2024-09-01,FRED,Diesel NY Harbor,2.11,USD/gal,MDFUELNYH.csv,
2024-10-01,FRED,Diesel NY Harbor,2.217,USD/gal,MDFUELNYH.csv,
2024-11-01,FRED,Diesel NY Harbor,2.226,USD/gal,MDFUELNYH.csv,
2024-12-01,FRED,Diesel NY Harbor,2.202,USD/gal,MDFUELNYH.csv,
2025-01-01,FRED,Diesel NY Harbor,2.484,USD/gal,MDFUELNYH.csv,
2025-02-01,FRED,Diesel NY Harbor,2.471,USD/gal,MDFUELNYH.csv,
2025-03-01,FRED,Diesel NY Harbor,2.246,USD/gal,MDFUELNYH.csv,
2025-04-01,FRED,Diesel NY Harbor,2.131,USD/gal,MDFUELNYH.csv,
2025-05-01,FRED,Diesel NY Harbor,2.082,USD/gal,MDFUELNYH.csv,
2025-06-01,FRED,Diesel NY Harbor,2.281,USD/gal,MDFUELNYH.csv,
2025-07-01,FRED,Diesel NY Harbor,2.453,USD/gal,MDFUELNYH.csv,
2025-08-01,FRED,Diesel NY Harbor,2.325,USD/gal,MDFUELNYH.csv,
2025-09-01,FRED,Diesel NY Harbor,2.39,USD/gal,MDFUELNYH.csv,
2025-10-01,FRED,Diesel NY Harbor,2.338,USD/gal,MDFUELNYH.csv,
2025-11-01,FRED,Diesel NY Harbor,2.523,USD/gal,MDFUELNYH.csv,
2025-12-01,FRED,Diesel NY Harbor,2.26,USD/gal,MDFUELNYH.csv,
2026-01-01,FRED,Diesel NY Harbor,2.258,USD/gal,MDFUELNYH.csv,
2026-02-01,FRED,Diesel NY Harbor,2.501,USD/gal,MDFUELNYH.csv,
2026-03-01,FRED,Diesel NY Harbor,3.955,USD/gal,MDFUELNYH.csv,
2026-04-01,FRED,Diesel NY Harbor,3.988,USD/gal,MDFUELNYH.csv,
2026-05-01,FRED,Diesel NY Harbor,3.969,USD/gal,MDFUELNYH.csv,
2026-06-01,FRED,Diesel NY Harbor,3.401,USD/gal,MDFUELNYH.csv,
2026-07-01,FRED,Diesel NY Harbor,3.913,USD/gal,MDFUELNYH.csv,
