дата,ряд,показатель,значение,единица,источник_файл,флаг
2015-01-01,НБС ENE010100 электроэнергия помесячно,Producerea,158952.3,МВт·ч,ENE010100_20260809-013935 (2).xlsx,
2015-02-01,НБС ENE010100 электроэнергия помесячно,Producerea,127353.9,МВт·ч,ENE010100_20260809-013935 (2).xlsx,
2015-03-01,НБС ENE010100 электроэнергия помесячно,Producerea,120582.0,МВт·ч,ENE010100_20260809-013935 (2).xlsx,
2015-04-01,НБС ENE010100 электроэнергия помесячно,Producerea,65895.7,МВт·ч,ENE010100_20260809-013935 (2).xlsx,
2015-05-01,НБС ENE010100 электроэнергия помесячно,Producerea,39542.8,МВт·ч,ENE010100_20260809-013935 (2).xlsx,
2015-06-01,НБС ENE010100 электроэнергия помесячно,Producerea,41221.9,МВт·ч,ENE010100_20260809-013935 (2).xlsx,
2015-07-01,НБС ENE010100 электроэнергия помесячно,Producerea,11026.1,МВт·ч,ENE010100_20260809-013935 (2).xlsx,
2015-08-01,НБС ENE010100 электроэнергия помесячно,Producerea,30260.2,МВт·ч,ENE010100_20260809-013935 (2).xlsx,
2015-09-01,НБС ENE010100 электроэнергия помесячно,Producerea,33149.5,МВт·ч,ENE010100_20260809-013935 (2).xlsx,
2015-10-01,НБС ENE010100 электроэнергия помесячно,Producerea,58874.9,МВт·ч,ENE010100_20260809-013935 (2).xlsx,
2015-11-01,НБС ENE010100 электроэнергия помесячно,Producerea,111356.9,МВт·ч,ENE010100_20260809-013935 (2).xlsx,
2015-12-01,НБС ENE010100 электроэнергия помесячно,Producerea,136227.7,МВт·ч,ENE010100_20260809-013935 (2).xlsx,
2016-01-01,НБС ENE010100 электроэнергия помесячно,Producerea,172489.0,МВт·ч,ENE010100_20260809-013935 (2).xlsx,
2016-02-01,НБС ENE010100 электроэнергия помесячно,Producerea,118096.1,МВт·ч,ENE010100_20260809-013935 (2).xlsx,
2016-03-01,НБС ENE010100 электроэнергия помесячно,Producerea,112570.4,МВт·ч,ENE010100_20260809-013935 (2).xlsx,
2016-04-01,НБС ENE010100 электроэнергия помесячно,Producerea,38172.1,МВт·ч,ENE010100_20260809-013935 (2).xlsx,
2016-05-01,НБС ENE010100 электроэнергия помесячно,Producerea,35192.9,МВт·ч,ENE010100_20260809-013935 (2).xlsx,
2016-06-01,НБС ENE010100 электроэнергия помесячно,Producerea,36973.0,МВт·ч,ENE010100_20260809-013935 (2).xlsx,
2016-07-01,НБС ENE010100 электроэнергия помесячно,Producerea,14509.6,МВт·ч,ENE010100_20260809-013935 (2).xlsx,
2016-08-01,НБС ENE010100 электроэнергия помесячно,Producerea,3848.6,МВт·ч,ENE010100_20260809-013935 (2).xlsx,
2016-09-01,НБС ENE010100 электроэнергия помесячно,Producerea,16395.0,МВт·ч,ENE010100_20260809-013935 (2).xlsx,
2016-10-01,НБС ENE010100 электроэнергия помесячно,Producerea,76856.3,МВт·ч,ENE010100_20260809-013935 (2).xlsx,
2016-11-01,НБС ENE010100 электроэнергия помесячно,Producerea,122106.9,МВт·ч,ENE010100_20260809-013935 (2).xlsx,
2016-12-01,НБС ENE010100 электроэнергия помесячно,Producerea,149974.8,МВт·ч,ENE010100_20260809-013935 (2).xlsx,
2017-01-01,НБС ENE010100 электроэнергия помесячно,Producerea,173440.6,МВт·ч,ENE010100_20260809-013935 (2).xlsx,
2017-02-01,НБС ENE010100 электроэнергия помесячно,Producerea,146166.9,МВт·ч,ENE010100_20260809-013935 (2).xlsx,
2017-03-01,НБС ENE010100 электроэнергия помесячно,Producerea,107875.5,МВт·ч,ENE010100_20260809-013935 (2).xlsx,
2017-04-01,НБС ENE010100 электроэнергия помесячно,Producerea,43568.2,МВт·ч,ENE010100_20260809-013935 (2).xlsx,
2017-05-01,НБС ENE010100 электроэнергия помесячно,Producerea,28043.0,МВт·ч,ENE010100_20260809-013935 (2).xlsx,
2017-06-01,НБС ENE010100 электроэнергия помесячно,Producerea,17109.9,МВт·ч,ENE010100_20260809-013935 (2).xlsx,
2017-07-01,НБС ENE010100 электроэнергия помесячно,Producerea,10894.2,МВт·ч,ENE010100_20260809-013935 (2).xlsx,
2017-08-01,НБС ENE010100 электроэнергия помесячно,Producerea,8881.6,МВт·ч,ENE010100_20260809-013935 (2).xlsx,
2017-09-01,НБС ENE010100 электроэнергия помесячно,Producerea,31133.0,МВт·ч,ENE010100_20260809-013935 (2).xlsx,
2017-10-01,НБС ENE010100 электроэнергия помесячно,Producerea,66087.7,МВт·ч,ENE010100_20260809-013935 (2).xlsx,
2017-11-01,НБС ENE010100 электроэнергия помесячно,Producerea,121540.3,МВт·ч,ENE010100_20260809-013935 (2).xlsx,
2017-12-01,НБС ENE010100 электроэнергия помесячно,Producerea,129856.1,МВт·ч,ENE010100_20260809-013935 (2).xlsx,
2018-01-01,НБС ENE010100 электроэнергия помесячно,Producerea,145717.0,МВт·ч,ENE010100_20260809-013935 (2).xlsx,
2018-02-01,НБС ENE010100 электроэнергия помесячно,Producerea,124075.1,МВт·ч,ENE010100_20260809-013935 (2).xlsx,
2018-03-01,НБС ENE010100 электроэнергия помесячно,Producerea,148091.1,МВт·ч,ENE010100_20260809-013935 (2).xlsx,
2018-04-01,НБС ENE010100 электроэнергия помесячно,Producerea,45803.8,МВт·ч,ENE010100_20260809-013935 (2).xlsx,
2018-05-01,НБС ENE010100 электроэнергия помесячно,Producerea,49472.9,МВт·ч,ENE010100_20260809-013935 (2).xlsx,
2018-06-01,НБС ENE010100 электроэнергия помесячно,Producerea,12981.7,МВт·ч,ENE010100_20260809-013935 (2).xlsx,
2018-07-01,НБС ENE010100 электроэнергия помесячно,Producerea,19340.4,МВт·ч,ENE010100_20260809-013935 (2).xlsx,
2018-08-01,НБС ENE010100 электроэнергия помесячно,Producerea,19110.4,МВт·ч,ENE010100_20260809-013935 (2).xlsx,
2018-09-01,НБС ENE010100 электроэнергия помесячно,Producerea,19156.3,МВт·ч,ENE010100_20260809-013935 (2).xlsx,
2018-10-01,НБС ENE010100 электроэнергия помесячно,Producerea,52424.3,МВт·ч,ENE010100_20260809-013935 (2).xlsx,
2018-11-01,НБС ENE010100 электроэнергия помесячно,Producerea,131214.9,МВт·ч,ENE010100_20260809-013935 (2).xlsx,
2018-12-01,НБС ENE010100 электроэнергия помесячно,Producerea,164042.9,МВт·ч,ENE010100_20260809-013935 (2).xlsx,
2019-01-01,НБС ENE010100 электроэнергия помесячно,Producerea,167213.6,МВт·ч,ENE010100_20260809-013935 (2).xlsx,
2019-02-01,НБС ENE010100 электроэнергия помесячно,Producerea,128858.7,МВт·ч,ENE010100_20260809-013935 (2).xlsx,
2019-03-01,НБС ENE010100 электроэнергия помесячно,Producerea,117223.5,МВт·ч,ENE010100_20260809-013935 (2).xlsx,
2019-04-01,НБС ENE010100 электроэнергия помесячно,Producerea,59048.3,МВт·ч,ENE010100_20260809-013935 (2).xlsx,
2019-05-01,НБС ENE010100 электроэнергия помесячно,Producerea,47630.0,МВт·ч,ENE010100_20260809-013935 (2).xlsx,
2019-06-01,НБС ENE010100 электроэнергия помесячно,Producerea,23338.6,МВт·ч,ENE010100_20260809-013935 (2).xlsx,
2019-07-01,НБС ENE010100 электроэнергия помесячно,Producerea,17652.6,МВт·ч,ENE010100_20260809-013935 (2).xlsx,
2019-08-01,НБС ENE010100 электроэнергия помесячно,Producerea,12598.5,МВт·ч,ENE010100_20260809-013935 (2).xlsx,
2019-09-01,НБС ENE010100 электроэнергия помесячно,Producerea,20258.8,МВт·ч,ENE010100_20260809-013935 (2).xlsx,
2019-10-01,НБС ENE010100 электроэнергия помесячно,Producerea,50966.8,МВт·ч,ENE010100_20260809-013935 (2).xlsx,
2019-11-01,НБС ENE010100 электроэнергия помесячно,Producerea,112892.7,МВт·ч,ENE010100_20260809-013935 (2).xlsx,
2019-12-01,НБС ENE010100 электроэнергия помесячно,Producerea,134939.9,МВт·ч,ENE010100_20260809-013935 (2).xlsx,
2020-01-01,НБС ENE010100 электроэнергия помесячно,Producerea,133546.5,МВт·ч,ENE010100_20260809-013935 (2).xlsx,
2020-02-01,НБС ENE010100 электроэнергия помесячно,Producerea,117090.4,МВт·ч,ENE010100_20260809-013935 (2).xlsx,
2020-03-01,НБС ENE010100 электроэнергия помесячно,Producerea,106650.4,МВт·ч,ENE010100_20260809-013935 (2).xlsx,
2020-04-01,НБС ENE010100 электроэнергия помесячно,Producerea,59937.9,МВт·ч,ENE010100_20260809-013935 (2).xlsx,
2020-05-01,НБС ENE010100 электроэнергия помесячно,Producerea,44522.2,МВт·ч,ENE010100_20260809-013935 (2).xlsx,
2020-06-01,НБС ENE010100 электроэнергия помесячно,Producerea,51885.7,МВт·ч,ENE010100_20260809-013935 (2).xlsx,
2020-07-01,НБС ENE010100 электроэнергия помесячно,Producerea,22306.9,МВт·ч,ENE010100_20260809-013935 (2).xlsx,
2020-08-01,НБС ENE010100 электроэнергия помесячно,Producerea,16854.5,МВт·ч,ENE010100_20260809-013935 (2).xlsx,
2020-09-01,НБС ENE010100 электроэнергия помесячно,Producerea,80818.2,МВт·ч,ENE010100_20260809-013935 (2).xlsx,
2020-10-01,НБС ENE010100 электроэнергия помесячно,Producerea,247967.6,МВт·ч,ENE010100_20260809-013935 (2).xlsx,
2020-11-01,НБС ENE010100 электроэнергия помесячно,Producerea,136048.3,МВт·ч,ENE010100_20260809-013935 (2).xlsx,
2020-12-01,НБС ENE010100 электроэнергия помесячно,Producerea,166525.0,МВт·ч,ENE010100_20260809-013935 (2).xlsx,
2021-01-01,НБС ENE010100 электроэнергия помесячно,Producerea,162667.4,МВт·ч,ENE010100_20260809-013935 (2).xlsx,
2021-02-01,НБС ENE010100 электроэнергия помесячно,Producerea,164333.0,МВт·ч,ENE010100_20260809-013935 (2).xlsx,
2021-03-01,НБС ENE010100 электроэнергия помесячно,Producerea,162992.6,МВт·ч,ENE010100_20260809-013935 (2).xlsx,
2021-04-01,НБС ENE010100 электроэнергия помесячно,Producerea,88815.7,МВт·ч,ENE010100_20260809-013935 (2).xlsx,
2021-05-01,НБС ENE010100 электроэнергия помесячно,Producerea,45887.7,МВт·ч,ENE010100_20260809-013935 (2).xlsx,
2021-06-01,НБС ENE010100 электроэнергия помесячно,Producerea,27714.7,МВт·ч,ENE010100_20260809-013935 (2).xlsx,
2021-07-01,НБС ENE010100 электроэнергия помесячно,Producerea,19458.1,МВт·ч,ENE010100_20260809-013935 (2).xlsx,
2021-08-01,НБС ENE010100 электроэнергия помесячно,Producerea,15028.8,МВт·ч,ENE010100_20260809-013935 (2).xlsx,
2021-09-01,НБС ENE010100 электроэнергия помесячно,Producerea,17628.8,МВт·ч,ENE010100_20260809-013935 (2).xlsx,
2021-10-01,НБС ENE010100 электроэнергия помесячно,Producerea,63343.7,МВт·ч,ENE010100_20260809-013935 (2).xlsx,
2021-11-01,НБС ENE010100 электроэнергия помесячно,Producerea,132496.4,МВт·ч,ENE010100_20260809-013935 (2).xlsx,
2021-12-01,НБС ENE010100 электроэнергия помесячно,Producerea,144925.9,МВт·ч,ENE010100_20260809-013935 (2).xlsx,
2022-01-01,НБС ENE010100 электроэнергия помесячно,Producerea,165348.9,МВт·ч,ENE010100_20260809-013935 (2).xlsx,
2022-02-01,НБС ENE010100 электроэнергия помесячно,Producerea,124282.3,МВт·ч,ENE010100_20260809-013935 (2).xlsx,
2022-03-01,НБС ENE010100 электроэнергия помесячно,Producerea,137072.4,МВт·ч,ENE010100_20260809-013935 (2).xlsx,
2022-04-01,НБС ENE010100 электроэнергия помесячно,Producerea,41488.3,МВт·ч,ENE010100_20260809-013935 (2).xlsx,
2022-05-01,НБС ENE010100 электроэнергия помесячно,Producerea,44469.6,МВт·ч,ENE010100_20260809-013935 (2).xlsx,
2022-06-01,НБС ENE010100 электроэнергия помесячно,Producerea,11874.2,МВт·ч,ENE010100_20260809-013935 (2).xlsx,
2022-07-01,НБС ENE010100 электроэнергия помесячно,Producerea,11856.4,МВт·ч,ENE010100_20260809-013935 (2).xlsx,
2022-08-01,НБС ENE010100 электроэнергия помесячно,Producerea,10930.1,МВт·ч,ENE010100_20260809-013935 (2).xlsx,
2022-09-01,НБС ENE010100 электроэнергия помесячно,Producerea,11487.6,МВт·ч,ENE010100_20260809-013935 (2).xlsx,
2022-10-01,НБС ENE010100 электроэнергия помесячно,Producerea,43325.6,МВт·ч,ENE010100_20260809-013935 (2).xlsx,
2022-11-01,НБС ENE010100 электроэнергия помесячно,Producerea,81198.8,МВт·ч,ENE010100_20260809-013935 (2).xlsx,
2022-12-01,НБС ENE010100 электроэнергия помесячно,Producerea,110430.1,МВт·ч,ENE010100_20260809-013935 (2).xlsx,
2023-01-01,НБС ENE010100 электроэнергия помесячно,Producerea,126707.0,МВт·ч,ENE010100_20260809-013935 (2).xlsx,
2023-02-01,НБС ENE010100 электроэнергия помесячно,Producerea,102912.7,МВт·ч,ENE010100_20260809-013935 (2).xlsx,
2023-03-01,НБС ENE010100 электроэнергия помесячно,Producerea,133905.8,МВт·ч,ENE010100_20260809-013935 (2).xlsx,
2023-04-01,НБС ENE010100 электроэнергия помесячно,Producerea,69938.4,МВт·ч,ENE010100_20260809-013935 (2).xlsx,
2023-05-01,НБС ENE010100 электроэнергия помесячно,Producerea,47446.9,МВт·ч,ENE010100_20260809-013935 (2).xlsx,
2023-06-01,НБС ENE010100 электроэнергия помесячно,Producerea,15244.5,МВт·ч,ENE010100_20260809-013935 (2).xlsx,
2023-07-01,НБС ENE010100 электроэнергия помесячно,Producerea,18281.3,МВт·ч,ENE010100_20260809-013935 (2).xlsx,
2023-08-01,НБС ENE010100 электроэнергия помесячно,Producerea,12018.6,МВт·ч,ENE010100_20260809-013935 (2).xlsx,
2023-09-01,НБС ENE010100 электроэнергия помесячно,Producerea,12739.6,МВт·ч,ENE010100_20260809-013935 (2).xlsx,
2023-10-01,НБС ENE010100 электроэнергия помесячно,Producerea,46161.3,МВт·ч,ENE010100_20260809-013935 (2).xlsx,
2023-11-01,НБС ENE010100 электроэнергия помесячно,Producerea,92117.4,МВт·ч,ENE010100_20260809-013935 (2).xlsx,
2023-12-01,НБС ENE010100 электроэнергия помесячно,Producerea,142919.1,МВт·ч,ENE010100_20260809-013935 (2).xlsx,
2024-01-01,НБС ENE010100 электроэнергия помесячно,Producerea,161647.8,МВт·ч,ENE010100_20260809-013935 (2).xlsx,
2024-02-01,НБС ENE010100 электроэнергия помесячно,Producerea,145636.0,МВт·ч,ENE010100_20260809-013935 (2).xlsx,
2024-03-01,НБС ENE010100 электроэнергия помесячно,Producerea,145309.3,МВт·ч,ENE010100_20260809-013935 (2).xlsx,
2024-04-01,НБС ENE010100 электроэнергия помесячно,Producerea,51887.1,МВт·ч,ENE010100_20260809-013935 (2).xlsx,
2024-05-01,НБС ENE010100 электроэнергия помесячно,Producerea,47101.9,МВт·ч,ENE010100_20260809-013935 (2).xlsx,
2024-06-01,НБС ENE010100 электроэнергия помесячно,Producerea,18851.8,МВт·ч,ENE010100_20260809-013935 (2).xlsx,
2024-07-01,НБС ENE010100 электроэнергия помесячно,Producerea,18708.1,МВт·ч,ENE010100_20260809-013935 (2).xlsx,
2024-08-01,НБС ENE010100 электроэнергия помесячно,Producerea,18498.1,МВт·ч,ENE010100_20260809-013935 (2).xlsx,
2024-09-01,НБС ENE010100 электроэнергия помесячно,Producerea,21501.9,МВт·ч,ENE010100_20260809-013935 (2).xlsx,
2024-10-01,НБС ENE010100 электроэнергия помесячно,Producerea,62929.3,МВт·ч,ENE010100_20260809-013935 (2).xlsx,
2024-11-01,НБС ENE010100 электроэнергия помесячно,Producerea,141675.0,МВт·ч,ENE010100_20260809-013935 (2).xlsx,
2024-12-01,НБС ENE010100 электроэнергия помесячно,Producerea,165421.1,МВт·ч,ENE010100_20260809-013935 (2).xlsx,
2025-01-01,НБС ENE010100 электроэнергия помесячно,Producerea,173242.5,МВт·ч,ENE010100_20260809-013935 (2).xlsx,
2025-02-01,НБС ENE010100 электроэнергия помесячно,Producerea,171535.9,МВт·ч,ENE010100_20260809-013935 (2).xlsx,
2025-03-01,НБС ENE010100 электроэнергия помесячно,Producerea,135895.8,МВт·ч,ENE010100_20260809-013935 (2).xlsx,
2025-04-01,НБС ENE010100 электроэнергия помесячно,Producerea,80975.9,МВт·ч,ENE010100_20260809-013935 (2).xlsx,
2025-05-01,НБС ENE010100 электроэнергия помесячно,Producerea,63416.1,МВт·ч,ENE010100_20260809-013935 (2).xlsx,
2025-06-01,НБС ENE010100 электроэнергия помесячно,Producerea,50932.5,МВт·ч,ENE010100_20260809-013935 (2).xlsx,
2025-07-01,НБС ENE010100 электроэнергия помесячно,Producerea,39160.4,МВт·ч,ENE010100_20260809-013935 (2).xlsx,
2025-08-01,НБС ENE010100 электроэнергия помесячно,Producerea,29795.3,МВт·ч,ENE010100_20260809-013935 (2).xlsx,
2025-09-01,НБС ENE010100 электроэнергия помесячно,Producerea,30171.3,МВт·ч,ENE010100_20260809-013935 (2).xlsx,
2025-10-01,НБС ENE010100 электроэнергия помесячно,Producerea,84378.7,МВт·ч,ENE010100_20260809-013935 (2).xlsx,
2025-11-01,НБС ENE010100 электроэнергия помесячно,Producerea,138115.1,МВт·ч,ENE010100_20260809-013935 (2).xlsx,
2025-12-01,НБС ENE010100 электроэнергия помесячно,Producerea,165801.2,МВт·ч,ENE010100_20260809-013935 (2).xlsx,
2026-01-01,НБС ENE010100 электроэнергия помесячно,Producerea,199325.9,МВт·ч,ENE010100_20260809-013935 (2).xlsx,
2026-02-01,НБС ENE010100 электроэнергия помесячно,Producerea,173876.7,МВт·ч,ENE010100_20260809-013935 (2).xlsx,
2026-03-01,НБС ENE010100 электроэнергия помесячно,Producerea,143619.4,МВт·ч,ENE010100_20260809-013935 (2).xlsx,
2026-04-01,НБС ENE010100 электроэнергия помесячно,Producerea,86071.7,МВт·ч,ENE010100_20260809-013935 (2).xlsx,
2026-05-01,НБС ENE010100 электроэнергия помесячно,Producerea,63754.3,МВт·ч,ENE010100_20260809-013935 (2).xlsx,
2026-06-01,НБС ENE010100 электроэнергия помесячно,Producerea,94609.6,МВт·ч,ENE010100_20260809-013935 (2).xlsx,
2015-01-01,НБС ENE010100 электроэнергия помесячно,Import,861.7,МВт·ч,ENE010100_20260809-013935 (2).xlsx,
2015-02-01,НБС ENE010100 электроэнергия помесячно,Import,881.2,МВт·ч,ENE010100_20260809-013935 (2).xlsx,
2015-03-01,НБС ENE010100 электроэнергия помесячно,Import,860.0,МВт·ч,ENE010100_20260809-013935 (2).xlsx,
2015-04-01,НБС ENE010100 электроэнергия помесячно,Import,961.3,МВт·ч,ENE010100_20260809-013935 (2).xlsx,
2015-05-01,НБС ENE010100 электроэнергия помесячно,Import,1.2,МВт·ч,ENE010100_20260809-013935 (2).xlsx,
2015-06-01,НБС ENE010100 электроэнергия помесячно,Import,1751.2,МВт·ч,ENE010100_20260809-013935 (2).xlsx,
2015-07-01,НБС ENE010100 электроэнергия помесячно,Import,1210.8,МВт·ч,ENE010100_20260809-013935 (2).xlsx,
2015-08-01,НБС ENE010100 электроэнергия помесячно,Import,5671.1,МВт·ч,ENE010100_20260809-013935 (2).xlsx,
2015-09-01,НБС ENE010100 электроэнергия помесячно,Import,1614.2,МВт·ч,ENE010100_20260809-013935 (2).xlsx,
2015-10-01,НБС ENE010100 электроэнергия помесячно,Import,921.6,МВт·ч,ENE010100_20260809-013935 (2).xlsx,
2015-11-01,НБС ENE010100 электроэнергия помесячно,Import,1521.0,МВт·ч,ENE010100_20260809-013935 (2).xlsx,
2015-12-01,НБС ENE010100 электроэнергия помесячно,Import,1431.6,МВт·ч,ENE010100_20260809-013935 (2).xlsx,
2016-01-01,НБС ENE010100 электроэнергия помесячно,Import,1243.4,МВт·ч,ENE010100_20260809-013935 (2).xlsx,
2016-02-01,НБС ENE010100 электроэнергия помесячно,Import,1363.6,МВт·ч,ENE010100_20260809-013935 (2).xlsx,
2016-03-01,НБС ENE010100 электроэнергия помесячно,Import,1114.2,МВт·ч,ENE010100_20260809-013935 (2).xlsx,
2016-04-01,НБС ENE010100 электроэнергия помесячно,Import,4.1,МВт·ч,ENE010100_20260809-013935 (2).xlsx,
2016-05-01,НБС ENE010100 электроэнергия помесячно,Import,2.8,МВт·ч,ENE010100_20260809-013935 (2).xlsx,
2016-06-01,НБС ENE010100 электроэнергия помесячно,Import,3.5,МВт·ч,ENE010100_20260809-013935 (2).xlsx,
2016-07-01,НБС ENE010100 электроэнергия помесячно,Import,2.0,МВт·ч,ENE010100_20260809-013935 (2).xlsx,
2016-08-01,НБС ENE010100 электроэнергия помесячно,Import,3.2,МВт·ч,ENE010100_20260809-013935 (2).xlsx,
2016-09-01,НБС ENE010100 электроэнергия помесячно,Import,2.0,МВт·ч,ENE010100_20260809-013935 (2).xlsx,
2016-10-01,НБС ENE010100 электроэнергия помесячно,Import,2.0,МВт·ч,ENE010100_20260809-013935 (2).xlsx,
2016-11-01,НБС ENE010100 электроэнергия помесячно,Import,2.0,МВт·ч,ENE010100_20260809-013935 (2).xlsx,
2016-12-01,НБС ENE010100 электроэнергия помесячно,Import,2.0,МВт·ч,ENE010100_20260809-013935 (2).xlsx,
2017-01-01,НБС ENE010100 электроэнергия помесячно,Import,4.6,МВт·ч,ENE010100_20260809-013935 (2).xlsx,
2017-02-01,НБС ENE010100 электроэнергия помесячно,Import,4.7,МВт·ч,ENE010100_20260809-013935 (2).xlsx,
2017-03-01,НБС ENE010100 электроэнергия помесячно,Import,7.0,МВт·ч,ENE010100_20260809-013935 (2).xlsx,
2017-04-01,НБС ENE010100 электроэнергия помесячно,Import,280057.8,МВт·ч,ENE010100_20260809-013935 (2).xlsx,
2017-05-01,НБС ENE010100 электроэнергия помесячно,Import,283940.1,МВт·ч,ENE010100_20260809-013935 (2).xlsx,
2017-06-01,НБС ENE010100 электроэнергия помесячно,Import,131120.0,МВт·ч,ENE010100_20260809-013935 (2).xlsx,
2017-07-01,НБС ENE010100 электроэнергия помесячно,Import,93056.5,МВт·ч,ENE010100_20260809-013935 (2).xlsx,
2017-08-01,НБС ENE010100 электроэнергия помесячно,Import,97120.0,МВт·ч,ENE010100_20260809-013935 (2).xlsx,
2017-09-01,НБС ENE010100 электроэнергия помесячно,Import,84756.9,МВт·ч,ENE010100_20260809-013935 (2).xlsx,
2017-10-01,НБС ENE010100 электроэнергия помесячно,Import,58922.3,МВт·ч,ENE010100_20260809-013935 (2).xlsx,
2017-11-01,НБС ENE010100 электроэнергия помесячно,Import,49662.6,МВт·ч,ENE010100_20260809-013935 (2).xlsx,
2017-12-01,НБС ENE010100 электроэнергия помесячно,Import,55296.8,МВт·ч,ENE010100_20260809-013935 (2).xlsx,
2018-01-01,НБС ENE010100 электроэнергия помесячно,Import,47950.2,МВт·ч,ENE010100_20260809-013935 (2).xlsx,
2018-02-01,НБС ENE010100 электроэнергия помесячно,Import,48092.1,МВт·ч,ENE010100_20260809-013935 (2).xlsx,
2018-03-01,НБС ENE010100 электроэнергия помесячно,Import,50210.0,МВт·ч,ENE010100_20260809-013935 (2).xlsx,
2018-04-01,НБС ENE010100 электроэнергия помесячно,Import,80876.9,МВт·ч,ENE010100_20260809-013935 (2).xlsx,
2018-05-01,НБС ENE010100 электроэнергия помесячно,Import,83688.6,МВт·ч,ENE010100_20260809-013935 (2).xlsx,
2018-06-01,НБС ENE010100 электроэнергия помесячно,Import,93223.8,МВт·ч,ENE010100_20260809-013935 (2).xlsx,
2018-07-01,НБС ENE010100 электроэнергия помесячно,Import,94915.4,МВт·ч,ENE010100_20260809-013935 (2).xlsx,
2018-08-01,НБС ENE010100 электроэнергия помесячно,Import,96780.0,МВт·ч,ENE010100_20260809-013935 (2).xlsx,
2018-09-01,НБС ENE010100 электроэнергия помесячно,Import,88944.1,МВт·ч,ENE010100_20260809-013935 (2).xlsx,
2018-10-01,НБС ENE010100 электроэнергия помесячно,Import,100855.1,МВт·ч,ENE010100_20260809-013935 (2).xlsx,
2018-11-01,НБС ENE010100 электроэнергия помесячно,Import,88355.0,МВт·ч,ENE010100_20260809-013935 (2).xlsx,
2018-12-01,НБС ENE010100 электроэнергия помесячно,Import,81930.0,МВт·ч,ENE010100_20260809-013935 (2).xlsx,
2019-01-01,НБС ENE010100 электроэнергия помесячно,Import,79167.7,МВт·ч,ENE010100_20260809-013935 (2).xlsx,
2019-02-01,НБС ENE010100 электроэнергия помесячно,Import,70854.1,МВт·ч,ENE010100_20260809-013935 (2).xlsx,
2019-03-01,НБС ENE010100 электроэнергия помесячно,Import,74628.9,МВт·ч,ENE010100_20260809-013935 (2).xlsx,
2019-04-01,НБС ENE010100 электроэнергия помесячно,Import,43795.3,МВт·ч,ENE010100_20260809-013935 (2).xlsx,
2019-05-01,НБС ENE010100 электроэнергия помесячно,Import,41103.0,МВт·ч,ENE010100_20260809-013935 (2).xlsx,
2019-06-01,НБС ENE010100 электроэнергия помесячно,Import,47312.8,МВт·ч,ENE010100_20260809-013935 (2).xlsx,
2019-07-01,НБС ENE010100 электроэнергия помесячно,Import,47932.5,МВт·ч,ENE010100_20260809-013935 (2).xlsx,
2019-08-01,НБС ENE010100 электроэнергия помесячно,Import,50507.3,МВт·ч,ENE010100_20260809-013935 (2).xlsx,
2019-09-01,НБС ENE010100 электроэнергия помесячно,Import,46044.3,МВт·ч,ENE010100_20260809-013935 (2).xlsx,
2019-10-01,НБС ENE010100 электроэнергия помесячно,Import,46352.8,МВт·ч,ENE010100_20260809-013935 (2).xlsx,
2019-11-01,НБС ENE010100 электроэнергия помесячно,Import,44322.9,МВт·ч,ENE010100_20260809-013935 (2).xlsx,
2019-12-01,НБС ENE010100 электроэнергия помесячно,Import,47043.6,МВт·ч,ENE010100_20260809-013935 (2).xlsx,
2020-01-01,НБС ENE010100 электроэнергия помесячно,Import,45245.8,МВт·ч,ENE010100_20260809-013935 (2).xlsx,
2020-02-01,НБС ENE010100 электроэнергия помесячно,Import,43316.1,МВт·ч,ENE010100_20260809-013935 (2).xlsx,
2020-03-01,НБС ENE010100 электроэнергия помесячно,Import,41705.1,МВт·ч,ENE010100_20260809-013935 (2).xlsx,
2020-04-01,НБС ENE010100 электроэнергия помесячно,Import,5.3,МВт·ч,ENE010100_20260809-013935 (2).xlsx,
2020-05-01,НБС ENE010100 электроэнергия помесячно,Import,4.2,МВт·ч,ENE010100_20260809-013935 (2).xlsx,
2020-06-01,НБС ENE010100 электроэнергия помесячно,Import,3.6,МВт·ч,ENE010100_20260809-013935 (2).xlsx,
2020-07-01,НБС ENE010100 электроэнергия помесячно,Import,4.8,МВт·ч,ENE010100_20260809-013935 (2).xlsx,
2020-08-01,НБС ENE010100 электроэнергия помесячно,Import,4.6,МВт·ч,ENE010100_20260809-013935 (2).xlsx,
2020-09-01,НБС ENE010100 электроэнергия помесячно,Import,3.0,МВт·ч,ENE010100_20260809-013935 (2).xlsx,
2020-10-01,НБС ENE010100 электроэнергия помесячно,Import,14878.0,МВт·ч,ENE010100_20260809-013935 (2).xlsx,
2020-11-01,НБС ENE010100 электроэнергия помесячно,Import,10804.8,МВт·ч,ENE010100_20260809-013935 (2).xlsx,
2020-12-01,НБС ENE010100 электроэнергия помесячно,Import,11145.0,МВт·ч,ENE010100_20260809-013935 (2).xlsx,
2021-01-01,НБС ENE010100 электроэнергия помесячно,Import,2.3,МВт·ч,ENE010100_20260809-013935 (2).xlsx,
2021-02-01,НБС ENE010100 электроэнергия помесячно,Import,1.7,МВт·ч,ENE010100_20260809-013935 (2).xlsx,
2021-03-01,НБС ENE010100 электроэнергия помесячно,Import,3.6,МВт·ч,ENE010100_20260809-013935 (2).xlsx,
2021-04-01,НБС ENE010100 электроэнергия помесячно,Import,20873.7,МВт·ч,ENE010100_20260809-013935 (2).xlsx,
2021-05-01,НБС ENE010100 электроэнергия помесячно,Import,25972.9,МВт·ч,ENE010100_20260809-013935 (2).xlsx,
2021-06-01,НБС ENE010100 электроэнергия помесячно,Import,26846.9,МВт·ч,ENE010100_20260809-013935 (2).xlsx,
2021-07-01,НБС ENE010100 электроэнергия помесячно,Import,39430.3,МВт·ч,ENE010100_20260809-013935 (2).xlsx,
2021-08-01,НБС ENE010100 электроэнергия помесячно,Import,39604.0,МВт·ч,ENE010100_20260809-013935 (2).xlsx,
2021-09-01,НБС ENE010100 электроэнергия помесячно,Import,4629.0,МВт·ч,ENE010100_20260809-013935 (2).xlsx,
2021-10-01,НБС ENE010100 электроэнергия помесячно,Import,2960.0,МВт·ч,ENE010100_20260809-013935 (2).xlsx,
2021-11-01,НБС ENE010100 электроэнергия помесячно,Import,755.0,МВт·ч,ENE010100_20260809-013935 (2).xlsx,
2021-12-01,НБС ENE010100 электроэнергия помесячно,Import,447.2,МВт·ч,ENE010100_20260809-013935 (2).xlsx,
2022-01-01,НБС ENE010100 электроэнергия помесячно,Import,5.4,МВт·ч,ENE010100_20260809-013935 (2).xlsx,
2022-02-01,НБС ENE010100 электроэнергия помесячно,Import,7.3,МВт·ч,ENE010100_20260809-013935 (2).xlsx,
2022-03-01,НБС ENE010100 электроэнергия помесячно,Import,0.0,МВт·ч,ENE010100_20260809-013935 (2).xlsx,
2022-04-01,НБС ENE010100 электроэнергия помесячно,Import,0.0,МВт·ч,ENE010100_20260809-013935 (2).xlsx,
2022-05-01,НБС ENE010100 электроэнергия помесячно,Import,56008.0,МВт·ч,ENE010100_20260809-013935 (2).xlsx,
2022-06-01,НБС ENE010100 электроэнергия помесячно,Import,102576.3,МВт·ч,ENE010100_20260809-013935 (2).xlsx,
2022-07-01,НБС ENE010100 электроэнергия помесячно,Import,114380.4,МВт·ч,ENE010100_20260809-013935 (2).xlsx,
2022-08-01,НБС ENE010100 электроэнергия помесячно,Import,116097.7,МВт·ч,ENE010100_20260809-013935 (2).xlsx,
2022-09-01,НБС ENE010100 электроэнергия помесячно,Import,114907.7,МВт·ч,ENE010100_20260809-013935 (2).xlsx,
2022-10-01,НБС ENE010100 электроэнергия помесячно,Import,107917.7,МВт·ч,ENE010100_20260809-013935 (2).xlsx,
2022-11-01,НБС ENE010100 электроэнергия помесячно,Import,311396.0,МВт·ч,ENE010100_20260809-013935 (2).xlsx,
2022-12-01,НБС ENE010100 электроэнергия помесячно,Import,125130.6,МВт·ч,ENE010100_20260809-013935 (2).xlsx,
2023-01-01,НБС ENE010100 электроэнергия помесячно,Import,35457.4,МВт·ч,ENE010100_20260809-013935 (2).xlsx,
2023-02-01,НБС ENE010100 электроэнергия помесячно,Import,44766.4,МВт·ч,ENE010100_20260809-013935 (2).xlsx,
2023-03-01,НБС ENE010100 электроэнергия помесячно,Import,22500.4,МВт·ч,ENE010100_20260809-013935 (2).xlsx,
2023-04-01,НБС ENE010100 электроэнергия помесячно,Import,72156.4,МВт·ч,ENE010100_20260809-013935 (2).xlsx,
2023-05-01,НБС ENE010100 электроэнергия помесячно,Import,35815.5,МВт·ч,ENE010100_20260809-013935 (2).xlsx,
2023-06-01,НБС ENE010100 электроэнергия помесячно,Import,27943.2,МВт·ч,ENE010100_20260809-013935 (2).xlsx,
2023-07-01,НБС ENE010100 электроэнергия помесячно,Import,25241.2,МВт·ч,ENE010100_20260809-013935 (2).xlsx,
2023-08-01,НБС ENE010100 электроэнергия помесячно,Import,53537.7,МВт·ч,ENE010100_20260809-013935 (2).xlsx,
2023-09-01,НБС ENE010100 электроэнергия помесячно,Import,66411.0,МВт·ч,ENE010100_20260809-013935 (2).xlsx,
2023-10-01,НБС ENE010100 электроэнергия помесячно,Import,29868.5,МВт·ч,ENE010100_20260809-013935 (2).xlsx,
2023-11-01,НБС ENE010100 электроэнергия помесячно,Import,47934.8,МВт·ч,ENE010100_20260809-013935 (2).xlsx,
2023-12-01,НБС ENE010100 электроэнергия помесячно,Import,83025.8,МВт·ч,ENE010100_20260809-013935 (2).xlsx,
2024-01-01,НБС ENE010100 электроэнергия помесячно,Import,100808.8,МВт·ч,ENE010100_20260809-013935 (2).xlsx,
2024-02-01,НБС ENE010100 электроэнергия помесячно,Import,53219.6,МВт·ч,ENE010100_20260809-013935 (2).xlsx,
2024-03-01,НБС ENE010100 электроэнергия помесячно,Import,33914.7,МВт·ч,ENE010100_20260809-013935 (2).xlsx,
2024-04-01,НБС ENE010100 электроэнергия помесячно,Import,17434.7,МВт·ч,ENE010100_20260809-013935 (2).xlsx,
2024-05-01,НБС ENE010100 электроэнергия помесячно,Import,28879.1,МВт·ч,ENE010100_20260809-013935 (2).xlsx,
2024-06-01,НБС ENE010100 электроэнергия помесячно,Import,68531.3,МВт·ч,ENE010100_20260809-013935 (2).xlsx,
2024-07-01,НБС ENE010100 электроэнергия помесячно,Import,93077.4,МВт·ч,ENE010100_20260809-013935 (2).xlsx,
2024-08-01,НБС ENE010100 электроэнергия помесячно,Import,48041.8,МВт·ч,ENE010100_20260809-013935 (2).xlsx,
2024-09-01,НБС ENE010100 электроэнергия помесячно,Import,34379.6,МВт·ч,ENE010100_20260809-013935 (2).xlsx,
2024-10-01,НБС ENE010100 электроэнергия помесячно,Import,32104.4,МВт·ч,ENE010100_20260809-013935 (2).xlsx,
2024-11-01,НБС ENE010100 электроэнергия помесячно,Import,109056.4,МВт·ч,ENE010100_20260809-013935 (2).xlsx,
2024-12-01,НБС ENE010100 электроэнергия помесячно,Import,150820.6,МВт·ч,ENE010100_20260809-013935 (2).xlsx,
2025-01-01,НБС ENE010100 электроэнергия помесячно,Import,274930.5,МВт·ч,ENE010100_20260809-013935 (2).xlsx,
2025-02-01,НБС ENE010100 электроэнергия помесячно,Import,253521.9,МВт·ч,ENE010100_20260809-013935 (2).xlsx,
2025-03-01,НБС ENE010100 электроэнергия помесячно,Import,262273.5,МВт·ч,ENE010100_20260809-013935 (2).xlsx,
2025-04-01,НБС ENE010100 электроэнергия помесячно,Import,245034.7,МВт·ч,ENE010100_20260809-013935 (2).xlsx,
2025-05-01,НБС ENE010100 электроэнергия помесячно,Import,247745.7,МВт·ч,ENE010100_20260809-013935 (2).xlsx,
2025-06-01,НБС ENE010100 электроэнергия помесячно,Import,228919.7,МВт·ч,ENE010100_20260809-013935 (2).xlsx,
2025-07-01,НБС ENE010100 электроэнергия помесячно,Import,284665.6,МВт·ч,ENE010100_20260809-013935 (2).xlsx,
2025-08-01,НБС ENE010100 электроэнергия помесячно,Import,279881.8,МВт·ч,ENE010100_20260809-013935 (2).xlsx,
2025-09-01,НБС ENE010100 электроэнергия помесячно,Import,284785.2,МВт·ч,ENE010100_20260809-013935 (2).xlsx,
2025-10-01,НБС ENE010100 электроэнергия помесячно,Import,316321.6,МВт·ч,ENE010100_20260809-013935 (2).xlsx,
2025-11-01,НБС ENE010100 электроэнергия помесячно,Import,300158.0,МВт·ч,ENE010100_20260809-013935 (2).xlsx,
2025-12-01,НБС ENE010100 электроэнергия помесячно,Import,318538.1,МВт·ч,ENE010100_20260809-013935 (2).xlsx,
2026-01-01,НБС ENE010100 электроэнергия помесячно,Import,316227.1,МВт·ч,ENE010100_20260809-013935 (2).xlsx,
2026-02-01,НБС ENE010100 электроэнергия помесячно,Import,290863.3,МВт·ч,ENE010100_20260809-013935 (2).xlsx,
2026-03-01,НБС ENE010100 электроэнергия помесячно,Import,228288.7,МВт·ч,ENE010100_20260809-013935 (2).xlsx,
2026-04-01,НБС ENE010100 электроэнергия помесячно,Import,226582.6,МВт·ч,ENE010100_20260809-013935 (2).xlsx,
2026-05-01,НБС ENE010100 электроэнергия помесячно,Import,209105.7,МВт·ч,ENE010100_20260809-013935 (2).xlsx,
2026-06-01,НБС ENE010100 электроэнергия помесячно,Import,231472.2,МВт·ч,ENE010100_20260809-013935 (2).xlsx,
2015-01-01,НБС ENE010100 электроэнергия помесячно,Procurat din alte surse,256533.3,МВт·ч,ENE010100_20260809-013935 (2).xlsx,
2015-02-01,НБС ENE010100 электроэнергия помесячно,Procurat din alte surse,242888.3,МВт·ч,ENE010100_20260809-013935 (2).xlsx,
2015-03-01,НБС ENE010100 электроэнергия помесячно,Procurat din alte surse,256506.5,МВт·ч,ENE010100_20260809-013935 (2).xlsx,
2015-04-01,НБС ENE010100 электроэнергия помесячно,Procurat din alte surse,267982.1,МВт·ч,ENE010100_20260809-013935 (2).xlsx,
2015-05-01,НБС ENE010100 электроэнергия помесячно,Procurat din alte surse,284465.5,МВт·ч,ENE010100_20260809-013935 (2).xlsx,
2015-06-01,НБС ENE010100 электроэнергия помесячно,Procurat din alte surse,273615.8,МВт·ч,ENE010100_20260809-013935 (2).xlsx,
2015-07-01,НБС ENE010100 электроэнергия помесячно,Procurat din alte surse,328655.8,МВт·ч,ENE010100_20260809-013935 (2).xlsx,
2015-08-01,НБС ENE010100 электроэнергия помесячно,Procurat din alte surse,289563.2,МВт·ч,ENE010100_20260809-013935 (2).xlsx,
2015-09-01,НБС ENE010100 электроэнергия помесячно,Procurat din alte surse,287584.0,МВт·ч,ENE010100_20260809-013935 (2).xlsx,
2015-10-01,НБС ENE010100 электроэнергия помесячно,Procurat din alte surse,304695.0,МВт·ч,ENE010100_20260809-013935 (2).xlsx,
2015-11-01,НБС ENE010100 электроэнергия помесячно,Procurat din alte surse,251953.0,МВт·ч,ENE010100_20260809-013935 (2).xlsx,
2015-12-01,НБС ENE010100 электроэнергия помесячно,Procurat din alte surse,259666.0,МВт·ч,ENE010100_20260809-013935 (2).xlsx,
2016-01-01,НБС ENE010100 электроэнергия помесячно,Procurat din alte surse,228495.4,МВт·ч,ENE010100_20260809-013935 (2).xlsx,
2016-02-01,НБС ENE010100 электроэнергия помесячно,Procurat din alte surse,222510.3,МВт·ч,ENE010100_20260809-013935 (2).xlsx,
2016-03-01,НБС ENE010100 электроэнергия помесячно,Procurat din alte surse,242079.5,МВт·ч,ENE010100_20260809-013935 (2).xlsx,
2016-04-01,НБС ENE010100 электроэнергия помесячно,Procurat din alte surse,272434.7,МВт·ч,ENE010100_20260809-013935 (2).xlsx,
2016-05-01,НБС ENE010100 электроэнергия помесячно,Procurat din alte surse,272052.4,МВт·ч,ENE010100_20260809-013935 (2).xlsx,
2016-06-01,НБС ENE010100 электроэнергия помесячно,Procurat din alte surse,272078.0,МВт·ч,ENE010100_20260809-013935 (2).xlsx,
2016-07-01,НБС ENE010100 электроэнергия помесячно,Procurat din alte surse,316383.4,МВт·ч,ENE010100_20260809-013935 (2).xlsx,
2016-08-01,НБС ENE010100 электроэнергия помесячно,Procurat din alte surse,331603.4,МВт·ч,ENE010100_20260809-013935 (2).xlsx,
2016-09-01,НБС ENE010100 электроэнергия помесячно,Procurat din alte surse,313044.5,МВт·ч,ENE010100_20260809-013935 (2).xlsx,
2016-10-01,НБС ENE010100 электроэнергия помесячно,Procurat din alte surse,297707.1,МВт·ч,ENE010100_20260809-013935 (2).xlsx,
2016-11-01,НБС ENE010100 электроэнергия помесячно,Procurat din alte surse,272364.1,МВт·ч,ENE010100_20260809-013935 (2).xlsx,
2016-12-01,НБС ENE010100 электроэнергия помесячно,Procurat din alte surse,277389.0,МВт·ч,ENE010100_20260809-013935 (2).xlsx,
2017-01-01,НБС ENE010100 электроэнергия помесячно,Procurat din alte surse,254979.4,МВт·ч,ENE010100_20260809-013935 (2).xlsx,
2017-02-01,НБС ENE010100 электроэнергия помесячно,Procurat din alte surse,227155.6,МВт·ч,ENE010100_20260809-013935 (2).xlsx,
2017-03-01,НБС ENE010100 электроэнергия помесячно,Procurat din alte surse,250225.8,МВт·ч,ENE010100_20260809-013935 (2).xlsx,
2017-04-01,НБС ENE010100 электроэнергия помесячно,Procurat din alte surse,0.0,МВт·ч,ENE010100_20260809-013935 (2).xlsx,
2017-05-01,НБС ENE010100 электроэнергия помесячно,Procurat din alte surse,0.0,МВт·ч,ENE010100_20260809-013935 (2).xlsx,
2017-06-01,НБС ENE010100 электроэнергия помесячно,Procurat din alte surse,169476.8,МВт·ч,ENE010100_20260809-013935 (2).xlsx,
2017-07-01,НБС ENE010100 электроэнергия помесячно,Procurat din alte surse,228336.1,МВт·ч,ENE010100_20260809-013935 (2).xlsx,
2017-08-01,НБС ENE010100 электроэнергия помесячно,Procurat din alte surse,239888.9,МВт·ч,ENE010100_20260809-013935 (2).xlsx,
2017-09-01,НБС ENE010100 электроэнергия помесячно,Procurat din alte surse,252254.7,МВт·ч,ENE010100_20260809-013935 (2).xlsx,
2017-10-01,НБС ENE010100 электроэнергия помесячно,Procurat din alte surse,252253.0,МВт·ч,ENE010100_20260809-013935 (2).xlsx,
2017-11-01,НБС ENE010100 электроэнергия помесячно,Procurat din alte surse,217915.9,МВт·ч,ENE010100_20260809-013935 (2).xlsx,
2017-12-01,НБС ENE010100 электроэнергия помесячно,Procurat din alte surse,231255.3,МВт·ч,ENE010100_20260809-013935 (2).xlsx,
2018-01-01,НБС ENE010100 электроэнергия помесячно,Procurat din alte surse,222689.4,МВт·ч,ENE010100_20260809-013935 (2).xlsx,
2018-02-01,НБС ENE010100 электроэнергия помесячно,Procurat din alte surse,213332.6,МВт·ч,ENE010100_20260809-013935 (2).xlsx,
2018-03-01,НБС ENE010100 электроэнергия помесячно,Procurat din alte surse,216700.2,МВт·ч,ENE010100_20260809-013935 (2).xlsx,
2018-04-01,НБС ENE010100 электроэнергия помесячно,Procurat din alte surse,228925.7,МВт·ч,ENE010100_20260809-013935 (2).xlsx,
2018-05-01,НБС ENE010100 электроэнергия помесячно,Procurat din alte surse,239812.0,МВт·ч,ENE010100_20260809-013935 (2).xlsx,
2018-06-01,НБС ENE010100 электроэнергия помесячно,Procurat din alte surse,240820.3,МВт·ч,ENE010100_20260809-013935 (2).xlsx,
2018-07-01,НБС ENE010100 электроэнергия помесячно,Procurat din alte surse,228622.2,МВт·ч,ENE010100_20260809-013935 (2).xlsx,
2018-08-01,НБС ENE010100 электроэнергия помесячно,Procurat din alte surse,248947.5,МВт·ч,ENE010100_20260809-013935 (2).xlsx,
2018-09-01,НБС ENE010100 электроэнергия помесячно,Procurat din alte surse,231963.5,МВт·ч,ENE010100_20260809-013935 (2).xlsx,
2018-10-01,НБС ENE010100 электроэнергия помесячно,Procurat din alte surse,254980.1,МВт·ч,ENE010100_20260809-013935 (2).xlsx,
2018-11-01,НБС ENE010100 электроэнергия помесячно,Procurat din alte surse,300452.4,МВт·ч,ENE010100_20260809-013935 (2).xlsx,
2018-12-01,НБС ENE010100 электроэнергия помесячно,Procurat din alte surse,337280.8,МВт·ч,ENE010100_20260809-013935 (2).xlsx,
2019-01-01,НБС ENE010100 электроэнергия помесячно,Procurat din alte surse,145815.7,МВт·ч,ENE010100_20260809-013935 (2).xlsx,
2019-02-01,НБС ENE010100 электроэнергия помесячно,Procurat din alte surse,167689.4,МВт·ч,ENE010100_20260809-013935 (2).xlsx,
2019-03-01,НБС ENE010100 электроэнергия помесячно,Procurat din alte surse,182782.8,МВт·ч,ENE010100_20260809-013935 (2).xlsx,
2019-04-01,НБС ENE010100 электроэнергия помесячно,Procurat din alte surse,250198.2,МВт·ч,ENE010100_20260809-013935 (2).xlsx,
2019-05-01,НБС ENE010100 электроэнергия помесячно,Procurat din alte surse,238748.8,МВт·ч,ENE010100_20260809-013935 (2).xlsx,
2019-06-01,НБС ENE010100 электроэнергия помесячно,Procurat din alte surse,269228.4,МВт·ч,ENE010100_20260809-013935 (2).xlsx,
2019-07-01,НБС ENE010100 электроэнергия помесячно,Procurat din alte surse,271964.9,МВт·ч,ENE010100_20260809-013935 (2).xlsx,
2019-08-01,НБС ENE010100 электроэнергия помесячно,Procurat din alte surse,291842.0,МВт·ч,ENE010100_20260809-013935 (2).xlsx,
2019-09-01,НБС ENE010100 электроэнергия помесячно,Procurat din alte surse,276806.5,МВт·ч,ENE010100_20260809-013935 (2).xlsx,
2019-10-01,НБС ENE010100 электроэнергия помесячно,Procurat din alte surse,268977.2,МВт·ч,ENE010100_20260809-013935 (2).xlsx,
2019-11-01,НБС ENE010100 электроэнергия помесячно,Procurat din alte surse,222048.5,МВт·ч,ENE010100_20260809-013935 (2).xlsx,
2019-12-01,НБС ENE010100 электроэнергия помесячно,Procurat din alte surse,238664.5,МВт·ч,ENE010100_20260809-013935 (2).xlsx,
2020-01-01,НБС ENE010100 электроэнергия помесячно,Procurat din alte surse,229792.5,МВт·ч,ENE010100_20260809-013935 (2).xlsx,
2020-02-01,НБС ENE010100 электроэнергия помесячно,Procurat din alte surse,207881.9,МВт·ч,ENE010100_20260809-013935 (2).xlsx,
2020-03-01,НБС ENE010100 электроэнергия помесячно,Procurat din alte surse,210980.9,МВт·ч,ENE010100_20260809-013935 (2).xlsx,
2020-04-01,НБС ENE010100 электроэнергия помесячно,Procurat din alte surse,253977.1,МВт·ч,ENE010100_20260809-013935 (2).xlsx,
2020-05-01,НБС ENE010100 электроэнергия помесячно,Procurat din alte surse,265818.2,МВт·ч,ENE010100_20260809-013935 (2).xlsx,
2020-06-01,НБС ENE010100 электроэнергия помесячно,Procurat din alte surse,269362.8,МВт·ч,ENE010100_20260809-013935 (2).xlsx,
2020-07-01,НБС ENE010100 электроэнергия помесячно,Procurat din alte surse,332210.1,МВт·ч,ENE010100_20260809-013935 (2).xlsx,
2020-08-01,НБС ENE010100 электроэнергия помесячно,Procurat din alte surse,340034.5,МВт·ч,ENE010100_20260809-013935 (2).xlsx,
2020-09-01,НБС ENE010100 электроэнергия помесячно,Procurat din alte surse,322085.9,МВт·ч,ENE010100_20260809-013935 (2).xlsx,
2020-10-01,НБС ENE010100 электроэнергия помесячно,Procurat din alte surse,294659.7,МВт·ч,ENE010100_20260809-013935 (2).xlsx,
2020-11-01,НБС ENE010100 электроэнергия помесячно,Procurat din alte surse,258838.8,МВт·ч,ENE010100_20260809-013935 (2).xlsx,
2020-12-01,НБС ENE010100 электроэнергия помесячно,Procurat din alte surse,265642.6,МВт·ч,ENE010100_20260809-013935 (2).xlsx,
2021-01-01,НБС ENE010100 электроэнергия помесячно,Procurat din alte surse,260284.6,МВт·ч,ENE010100_20260809-013935 (2).xlsx,
2021-02-01,НБС ENE010100 электроэнергия помесячно,Procurat din alte surse,235922.5,МВт·ч,ENE010100_20260809-013935 (2).xlsx,
2021-03-01,НБС ENE010100 электроэнергия помесячно,Procurat din alte surse,247176.4,МВт·ч,ENE010100_20260809-013935 (2).xlsx,
2021-04-01,НБС ENE010100 электроэнергия помесячно,Procurat din alte surse,241679.3,МВт·ч,ENE010100_20260809-013935 (2).xlsx,
2021-05-01,НБС ENE010100 электроэнергия помесячно,Procurat din alte surse,202249.0,МВт·ч,ENE010100_20260809-013935 (2).xlsx,
2021-06-01,НБС ENE010100 электроэнергия помесячно,Procurat din alte surse,253575.0,МВт·ч,ENE010100_20260809-013935 (2).xlsx,
2021-07-01,НБС ENE010100 электроэнергия помесячно,Procurat din alte surse,269019.0,МВт·ч,ENE010100_20260809-013935 (2).xlsx,
2021-08-01,НБС ENE010100 электроэнергия помесячно,Procurat din alte surse,278141.0,МВт·ч,ENE010100_20260809-013935 (2).xlsx,
2021-09-01,НБС ENE010100 электроэнергия помесячно,Procurat din alte surse,276439.0,МВт·ч,ENE010100_20260809-013935 (2).xlsx,
2021-10-01,НБС ENE010100 электроэнергия помесячно,Procurat din alte surse,279794.0,МВт·ч,ENE010100_20260809-013935 (2).xlsx,
2021-11-01,НБС ENE010100 электроэнергия помесячно,Procurat din alte surse,228952.0,МВт·ч,ENE010100_20260809-013935 (2).xlsx,
2021-12-01,НБС ENE010100 электроэнергия помесячно,Procurat din alte surse,231958.0,МВт·ч,ENE010100_20260809-013935 (2).xlsx,
2022-01-01,НБС ENE010100 электроэнергия помесячно,Procurat din alte surse,237766.0,МВт·ч,ENE010100_20260809-013935 (2).xlsx,
2022-02-01,НБС ENE010100 электроэнергия помесячно,Procurat din alte surse,242152.0,МВт·ч,ENE010100_20260809-013935 (2).xlsx,
2022-03-01,НБС ENE010100 электроэнергия помесячно,Procurat din alte surse,250473.0,МВт·ч,ENE010100_20260809-013935 (2).xlsx,
2022-04-01,НБС ENE010100 электроэнергия помесячно,Procurat din alte surse,287104.0,МВт·ч,ENE010100_20260809-013935 (2).xlsx,
2022-05-01,НБС ENE010100 электроэнергия помесячно,Procurat din alte surse,229856.4,МВт·ч,ENE010100_20260809-013935 (2).xlsx,
2022-06-01,НБС ENE010100 электроэнергия помесячно,Procurat din alte surse,233623.4,МВт·ч,ENE010100_20260809-013935 (2).xlsx,
2022-07-01,НБС ENE010100 электроэнергия помесячно,Procurat din alte surse,240388.2,МВт·ч,ENE010100_20260809-013935 (2).xlsx,
2022-08-01,НБС ENE010100 электроэнергия помесячно,Procurat din alte surse,243025.1,МВт·ч,ENE010100_20260809-013935 (2).xlsx,
2022-09-01,НБС ENE010100 электроэнергия помесячно,Procurat din alte surse,221127.0,МВт·ч,ENE010100_20260809-013935 (2).xlsx,
2022-10-01,НБС ENE010100 электроэнергия помесячно,Procurat din alte surse,219584.1,МВт·ч,ENE010100_20260809-013935 (2).xlsx,
2022-11-01,НБС ENE010100 электроэнергия помесячно,Procurat din alte surse,0.0,МВт·ч,ENE010100_20260809-013935 (2).xlsx,
2022-12-01,НБС ENE010100 электроэнергия помесячно,Procurat din alte surse,190767.1,МВт·ч,ENE010100_20260809-013935 (2).xlsx,
2023-01-01,НБС ENE010100 электроэнергия помесячно,Procurat din alte surse,241608.3,МВт·ч,ENE010100_20260809-013935 (2).xlsx,
2023-02-01,НБС ENE010100 электроэнергия помесячно,Procurat din alte surse,221034.0,МВт·ч,ENE010100_20260809-013935 (2).xlsx,
2023-03-01,НБС ENE010100 электроэнергия помесячно,Procurat din alte surse,227584.8,МВт·ч,ENE010100_20260809-013935 (2).xlsx,
2023-04-01,НБС ENE010100 электроэнергия помесячно,Procurat din alte surse,261708.2,МВт·ч,ENE010100_20260809-013935 (2).xlsx,
2023-05-01,НБС ENE010100 электроэнергия помесячно,Procurat din alte surse,277890.4,МВт·ч,ENE010100_20260809-013935 (2).xlsx,
2023-06-01,НБС ENE010100 электроэнергия помесячно,Procurat din alte surse,299777.6,МВт·ч,ENE010100_20260809-013935 (2).xlsx,
2023-07-01,НБС ENE010100 электроэнергия помесячно,Procurat din alte surse,315837.2,МВт·ч,ENE010100_20260809-013935 (2).xlsx,
2023-08-01,НБС ENE010100 электроэнергия помесячно,Procurat din alte surse,318783.7,МВт·ч,ENE010100_20260809-013935 (2).xlsx,
2023-09-01,НБС ENE010100 электроэнергия помесячно,Procurat din alte surse,305968.4,МВт·ч,ENE010100_20260809-013935 (2).xlsx,
2023-10-01,НБС ENE010100 электроэнергия помесячно,Procurat din alte surse,311212.2,МВт·ч,ENE010100_20260809-013935 (2).xlsx,
2023-11-01,НБС ENE010100 электроэнергия помесячно,Procurat din alte surse,263678.8,МВт·ч,ENE010100_20260809-013935 (2).xlsx,
2023-12-01,НБС ENE010100 электроэнергия помесячно,Procurat din alte surse,233391.4,МВт·ч,ENE010100_20260809-013935 (2).xlsx,
2024-01-01,НБС ENE010100 электроэнергия помесячно,Procurat din alte surse,202173.1,МВт·ч,ENE010100_20260809-013935 (2).xlsx,
2024-02-01,НБС ENE010100 электроэнергия помесячно,Procurat din alte surse,208775.6,МВт·ч,ENE010100_20260809-013935 (2).xlsx,
2024-03-01,НБС ENE010100 электроэнергия помесячно,Procurat din alte surse,243953.5,МВт·ч,ENE010100_20260809-013935 (2).xlsx,
2024-04-01,НБС ENE010100 электроэнергия помесячно,Procurat din alte surse,269327.9,МВт·ч,ENE010100_20260809-013935 (2).xlsx,
2024-05-01,НБС ENE010100 электроэнергия помесячно,Procurat din alte surse,256100.0,МВт·ч,ENE010100_20260809-013935 (2).xlsx,
2024-06-01,НБС ENE010100 электроэнергия помесячно,Procurat din alte surse,289464.2,МВт·ч,ENE010100_20260809-013935 (2).xlsx,
2024-07-01,НБС ENE010100 электроэнергия помесячно,Procurat din alte surse,305026.8,МВт·ч,ENE010100_20260809-013935 (2).xlsx,
2024-08-01,НБС ENE010100 электроэнергия помесячно,Procurat din alte surse,307243.3,МВт·ч,ENE010100_20260809-013935 (2).xlsx,
2024-09-01,НБС ENE010100 электроэнергия помесячно,Procurat din alte surse,300696.0,МВт·ч,ENE010100_20260809-013935 (2).xlsx,
2024-10-01,НБС ENE010100 электроэнергия помесячно,Procurat din alte surse,293581.3,МВт·ч,ENE010100_20260809-013935 (2).xlsx,
2024-11-01,НБС ENE010100 электроэнергия помесячно,Procurat din alte surse,209421.4,МВт·ч,ENE010100_20260809-013935 (2).xlsx,
2024-12-01,НБС ENE010100 электроэнергия помесячно,Procurat din alte surse,179358.0,МВт·ч,ENE010100_20260809-013935 (2).xlsx,
2025-01-01,НБС ENE010100 электроэнергия помесячно,Procurat din alte surse,0.0,МВт·ч,ENE010100_20260809-013935 (2).xlsx,
2025-02-01,НБС ENE010100 электроэнергия помесячно,Procurat din alte surse,0.0,МВт·ч,ENE010100_20260809-013935 (2).xlsx,
2025-03-01,НБС ENE010100 электроэнергия помесячно,Procurat din alte surse,0.0,МВт·ч,ENE010100_20260809-013935 (2).xlsx,
2025-04-01,НБС ENE010100 электроэнергия помесячно,Procurat din alte surse,0.0,МВт·ч,ENE010100_20260809-013935 (2).xlsx,
2025-05-01,НБС ENE010100 электроэнергия помесячно,Procurat din alte surse,0.0,МВт·ч,ENE010100_20260809-013935 (2).xlsx,
2025-06-01,НБС ENE010100 электроэнергия помесячно,Procurat din alte surse,0.0,МВт·ч,ENE010100_20260809-013935 (2).xlsx,
2025-07-01,НБС ENE010100 электроэнергия помесячно,Procurat din alte surse,0.0,МВт·ч,ENE010100_20260809-013935 (2).xlsx,
2025-08-01,НБС ENE010100 электроэнергия помесячно,Procurat din alte surse,0.0,МВт·ч,ENE010100_20260809-013935 (2).xlsx,
2025-09-01,НБС ENE010100 электроэнергия помесячно,Procurat din alte surse,0.0,МВт·ч,ENE010100_20260809-013935 (2).xlsx,
2025-10-01,НБС ENE010100 электроэнергия помесячно,Procurat din alte surse,0.0,МВт·ч,ENE010100_20260809-013935 (2).xlsx,
2025-11-01,НБС ENE010100 электроэнергия помесячно,Procurat din alte surse,0.0,МВт·ч,ENE010100_20260809-013935 (2).xlsx,
2025-12-01,НБС ENE010100 электроэнергия помесячно,Procurat din alte surse,0.0,МВт·ч,ENE010100_20260809-013935 (2).xlsx,
2026-01-01,НБС ENE010100 электроэнергия помесячно,Procurat din alte surse,0.0,МВт·ч,ENE010100_20260809-013935 (2).xlsx,
2026-02-01,НБС ENE010100 электроэнергия помесячно,Procurat din alte surse,0.0,МВт·ч,ENE010100_20260809-013935 (2).xlsx,
2026-03-01,НБС ENE010100 электроэнергия помесячно,Procurat din alte surse,0.0,МВт·ч,ENE010100_20260809-013935 (2).xlsx,
2026-04-01,НБС ENE010100 электроэнергия помесячно,Procurat din alte surse,0.0,МВт·ч,ENE010100_20260809-013935 (2).xlsx,
2026-05-01,НБС ENE010100 электроэнергия помесячно,Procurat din alte surse,0.0,МВт·ч,ENE010100_20260809-013935 (2).xlsx,
2026-06-01,НБС ENE010100 электроэнергия помесячно,Procurat din alte surse,0.0,МВт·ч,ENE010100_20260809-013935 (2).xlsx,
2015-01-01,НБС ENE010100 электроэнергия помесячно,Variatia stocurilor,0.0,МВт·ч,ENE010100_20260809-013935 (2).xlsx,
2015-02-01,НБС ENE010100 электроэнергия помесячно,Variatia stocurilor,0.0,МВт·ч,ENE010100_20260809-013935 (2).xlsx,
2015-03-01,НБС ENE010100 электроэнергия помесячно,Variatia stocurilor,0.0,МВт·ч,ENE010100_20260809-013935 (2).xlsx,
2015-04-01,НБС ENE010100 электроэнергия помесячно,Variatia stocurilor,0.0,МВт·ч,ENE010100_20260809-013935 (2).xlsx,
2015-05-01,НБС ENE010100 электроэнергия помесячно,Variatia stocurilor,0.0,МВт·ч,ENE010100_20260809-013935 (2).xlsx,
2015-06-01,НБС ENE010100 электроэнергия помесячно,Variatia stocurilor,0.0,МВт·ч,ENE010100_20260809-013935 (2).xlsx,
2015-07-01,НБС ENE010100 электроэнергия помесячно,Variatia stocurilor,0.0,МВт·ч,ENE010100_20260809-013935 (2).xlsx,
2015-08-01,НБС ENE010100 электроэнергия помесячно,Variatia stocurilor,0.0,МВт·ч,ENE010100_20260809-013935 (2).xlsx,
2015-09-01,НБС ENE010100 электроэнергия помесячно,Variatia stocurilor,0.0,МВт·ч,ENE010100_20260809-013935 (2).xlsx,
2015-10-01,НБС ENE010100 электроэнергия помесячно,Variatia stocurilor,0.0,МВт·ч,ENE010100_20260809-013935 (2).xlsx,
2015-11-01,НБС ENE010100 электроэнергия помесячно,Variatia stocurilor,0.0,МВт·ч,ENE010100_20260809-013935 (2).xlsx,
2015-12-01,НБС ENE010100 электроэнергия помесячно,Variatia stocurilor,0.0,МВт·ч,ENE010100_20260809-013935 (2).xlsx,
2016-01-01,НБС ENE010100 электроэнергия помесячно,Variatia stocurilor,0.0,МВт·ч,ENE010100_20260809-013935 (2).xlsx,
2016-02-01,НБС ENE010100 электроэнергия помесячно,Variatia stocurilor,0.0,МВт·ч,ENE010100_20260809-013935 (2).xlsx,
2016-03-01,НБС ENE010100 электроэнергия помесячно,Variatia stocurilor,0.0,МВт·ч,ENE010100_20260809-013935 (2).xlsx,
2016-04-01,НБС ENE010100 электроэнергия помесячно,Variatia stocurilor,0.0,МВт·ч,ENE010100_20260809-013935 (2).xlsx,
2016-05-01,НБС ENE010100 электроэнергия помесячно,Variatia stocurilor,0.0,МВт·ч,ENE010100_20260809-013935 (2).xlsx,
2016-06-01,НБС ENE010100 электроэнергия помесячно,Variatia stocurilor,0.0,МВт·ч,ENE010100_20260809-013935 (2).xlsx,
2016-07-01,НБС ENE010100 электроэнергия помесячно,Variatia stocurilor,0.0,МВт·ч,ENE010100_20260809-013935 (2).xlsx,
2016-08-01,НБС ENE010100 электроэнергия помесячно,Variatia stocurilor,0.0,МВт·ч,ENE010100_20260809-013935 (2).xlsx,
2016-09-01,НБС ENE010100 электроэнергия помесячно,Variatia stocurilor,0.0,МВт·ч,ENE010100_20260809-013935 (2).xlsx,
2016-10-01,НБС ENE010100 электроэнергия помесячно,Variatia stocurilor,0.0,МВт·ч,ENE010100_20260809-013935 (2).xlsx,
2016-11-01,НБС ENE010100 электроэнергия помесячно,Variatia stocurilor,0.0,МВт·ч,ENE010100_20260809-013935 (2).xlsx,
2016-12-01,НБС ENE010100 электроэнергия помесячно,Variatia stocurilor,0.0,МВт·ч,ENE010100_20260809-013935 (2).xlsx,
2017-01-01,НБС ENE010100 электроэнергия помесячно,Variatia stocurilor,0.0,МВт·ч,ENE010100_20260809-013935 (2).xlsx,
2017-02-01,НБС ENE010100 электроэнергия помесячно,Variatia stocurilor,0.0,МВт·ч,ENE010100_20260809-013935 (2).xlsx,
2017-03-01,НБС ENE010100 электроэнергия помесячно,Variatia stocurilor,0.0,МВт·ч,ENE010100_20260809-013935 (2).xlsx,
2017-04-01,НБС ENE010100 электроэнергия помесячно,Variatia stocurilor,0.0,МВт·ч,ENE010100_20260809-013935 (2).xlsx,
2017-05-01,НБС ENE010100 электроэнергия помесячно,Variatia stocurilor,0.0,МВт·ч,ENE010100_20260809-013935 (2).xlsx,
2017-06-01,НБС ENE010100 электроэнергия помесячно,Variatia stocurilor,0.0,МВт·ч,ENE010100_20260809-013935 (2).xlsx,
2017-07-01,НБС ENE010100 электроэнергия помесячно,Variatia stocurilor,0.0,МВт·ч,ENE010100_20260809-013935 (2).xlsx,
2017-08-01,НБС ENE010100 электроэнергия помесячно,Variatia stocurilor,0.0,МВт·ч,ENE010100_20260809-013935 (2).xlsx,
2017-09-01,НБС ENE010100 электроэнергия помесячно,Variatia stocurilor,0.0,МВт·ч,ENE010100_20260809-013935 (2).xlsx,
2017-10-01,НБС ENE010100 электроэнергия помесячно,Variatia stocurilor,0.0,МВт·ч,ENE010100_20260809-013935 (2).xlsx,
2017-11-01,НБС ENE010100 электроэнергия помесячно,Variatia stocurilor,0.0,МВт·ч,ENE010100_20260809-013935 (2).xlsx,
2017-12-01,НБС ENE010100 электроэнергия помесячно,Variatia stocurilor,0.0,МВт·ч,ENE010100_20260809-013935 (2).xlsx,
2018-01-01,НБС ENE010100 электроэнергия помесячно,Variatia stocurilor,0.0,МВт·ч,ENE010100_20260809-013935 (2).xlsx,
2018-02-01,НБС ENE010100 электроэнергия помесячно,Variatia stocurilor,0.0,МВт·ч,ENE010100_20260809-013935 (2).xlsx,
2018-03-01,НБС ENE010100 электроэнергия помесячно,Variatia stocurilor,0.0,МВт·ч,ENE010100_20260809-013935 (2).xlsx,
2018-04-01,НБС ENE010100 электроэнергия помесячно,Variatia stocurilor,0.0,МВт·ч,ENE010100_20260809-013935 (2).xlsx,
2018-05-01,НБС ENE010100 электроэнергия помесячно,Variatia stocurilor,0.0,МВт·ч,ENE010100_20260809-013935 (2).xlsx,
2018-06-01,НБС ENE010100 электроэнергия помесячно,Variatia stocurilor,0.0,МВт·ч,ENE010100_20260809-013935 (2).xlsx,
2018-07-01,НБС ENE010100 электроэнергия помесячно,Variatia stocurilor,0.0,МВт·ч,ENE010100_20260809-013935 (2).xlsx,
2018-08-01,НБС ENE010100 электроэнергия помесячно,Variatia stocurilor,0.0,МВт·ч,ENE010100_20260809-013935 (2).xlsx,
2018-09-01,НБС ENE010100 электроэнергия помесячно,Variatia stocurilor,0.0,МВт·ч,ENE010100_20260809-013935 (2).xlsx,
2018-10-01,НБС ENE010100 электроэнергия помесячно,Variatia stocurilor,0.0,МВт·ч,ENE010100_20260809-013935 (2).xlsx,
2018-11-01,НБС ENE010100 электроэнергия помесячно,Variatia stocurilor,0.0,МВт·ч,ENE010100_20260809-013935 (2).xlsx,
2018-12-01,НБС ENE010100 электроэнергия помесячно,Variatia stocurilor,0.0,МВт·ч,ENE010100_20260809-013935 (2).xlsx,
2019-01-01,НБС ENE010100 электроэнергия помесячно,Variatia stocurilor,0.0,МВт·ч,ENE010100_20260809-013935 (2).xlsx,
2019-02-01,НБС ENE010100 электроэнергия помесячно,Variatia stocurilor,0.0,МВт·ч,ENE010100_20260809-013935 (2).xlsx,
2019-03-01,НБС ENE010100 электроэнергия помесячно,Variatia stocurilor,0.0,МВт·ч,ENE010100_20260809-013935 (2).xlsx,
2019-04-01,НБС ENE010100 электроэнергия помесячно,Variatia stocurilor,0.0,МВт·ч,ENE010100_20260809-013935 (2).xlsx,
2019-05-01,НБС ENE010100 электроэнергия помесячно,Variatia stocurilor,0.0,МВт·ч,ENE010100_20260809-013935 (2).xlsx,
2019-06-01,НБС ENE010100 электроэнергия помесячно,Variatia stocurilor,0.0,МВт·ч,ENE010100_20260809-013935 (2).xlsx,
2019-07-01,НБС ENE010100 электроэнергия помесячно,Variatia stocurilor,0.0,МВт·ч,ENE010100_20260809-013935 (2).xlsx,
2019-08-01,НБС ENE010100 электроэнергия помесячно,Variatia stocurilor,0.0,МВт·ч,ENE010100_20260809-013935 (2).xlsx,
2019-09-01,НБС ENE010100 электроэнергия помесячно,Variatia stocurilor,0.0,МВт·ч,ENE010100_20260809-013935 (2).xlsx,
2019-10-01,НБС ENE010100 электроэнергия помесячно,Variatia stocurilor,0.0,МВт·ч,ENE010100_20260809-013935 (2).xlsx,
2019-11-01,НБС ENE010100 электроэнергия помесячно,Variatia stocurilor,0.0,МВт·ч,ENE010100_20260809-013935 (2).xlsx,
2019-12-01,НБС ENE010100 электроэнергия помесячно,Variatia stocurilor,0.0,МВт·ч,ENE010100_20260809-013935 (2).xlsx,
2020-01-01,НБС ENE010100 электроэнергия помесячно,Variatia stocurilor,0.0,МВт·ч,ENE010100_20260809-013935 (2).xlsx,
2020-02-01,НБС ENE010100 электроэнергия помесячно,Variatia stocurilor,0.0,МВт·ч,ENE010100_20260809-013935 (2).xlsx,
2020-03-01,НБС ENE010100 электроэнергия помесячно,Variatia stocurilor,0.0,МВт·ч,ENE010100_20260809-013935 (2).xlsx,
2020-04-01,НБС ENE010100 электроэнергия помесячно,Variatia stocurilor,0.0,МВт·ч,ENE010100_20260809-013935 (2).xlsx,
2020-05-01,НБС ENE010100 электроэнергия помесячно,Variatia stocurilor,0.0,МВт·ч,ENE010100_20260809-013935 (2).xlsx,
2020-06-01,НБС ENE010100 электроэнергия помесячно,Variatia stocurilor,0.0,МВт·ч,ENE010100_20260809-013935 (2).xlsx,
2020-07-01,НБС ENE010100 электроэнергия помесячно,Variatia stocurilor,0.0,МВт·ч,ENE010100_20260809-013935 (2).xlsx,
2020-08-01,НБС ENE010100 электроэнергия помесячно,Variatia stocurilor,0.0,МВт·ч,ENE010100_20260809-013935 (2).xlsx,
2020-09-01,НБС ENE010100 электроэнергия помесячно,Variatia stocurilor,0.0,МВт·ч,ENE010100_20260809-013935 (2).xlsx,
2020-10-01,НБС ENE010100 электроэнергия помесячно,Variatia stocurilor,0.0,МВт·ч,ENE010100_20260809-013935 (2).xlsx,
2020-11-01,НБС ENE010100 электроэнергия помесячно,Variatia stocurilor,0.0,МВт·ч,ENE010100_20260809-013935 (2).xlsx,
2020-12-01,НБС ENE010100 электроэнергия помесячно,Variatia stocurilor,0.0,МВт·ч,ENE010100_20260809-013935 (2).xlsx,
2021-01-01,НБС ENE010100 электроэнергия помесячно,Variatia stocurilor,0.0,МВт·ч,ENE010100_20260809-013935 (2).xlsx,
2021-02-01,НБС ENE010100 электроэнергия помесячно,Variatia stocurilor,0.0,МВт·ч,ENE010100_20260809-013935 (2).xlsx,
2021-03-01,НБС ENE010100 электроэнергия помесячно,Variatia stocurilor,0.0,МВт·ч,ENE010100_20260809-013935 (2).xlsx,
2021-04-01,НБС ENE010100 электроэнергия помесячно,Variatia stocurilor,0.0,МВт·ч,ENE010100_20260809-013935 (2).xlsx,
2021-05-01,НБС ENE010100 электроэнергия помесячно,Variatia stocurilor,0.0,МВт·ч,ENE010100_20260809-013935 (2).xlsx,
2021-06-01,НБС ENE010100 электроэнергия помесячно,Variatia stocurilor,0.0,МВт·ч,ENE010100_20260809-013935 (2).xlsx,
2021-07-01,НБС ENE010100 электроэнергия помесячно,Variatia stocurilor,0.0,МВт·ч,ENE010100_20260809-013935 (2).xlsx,
2021-08-01,НБС ENE010100 электроэнергия помесячно,Variatia stocurilor,0.0,МВт·ч,ENE010100_20260809-013935 (2).xlsx,
2021-09-01,НБС ENE010100 электроэнергия помесячно,Variatia stocurilor,0.0,МВт·ч,ENE010100_20260809-013935 (2).xlsx,
2021-10-01,НБС ENE010100 электроэнергия помесячно,Variatia stocurilor,0.0,МВт·ч,ENE010100_20260809-013935 (2).xlsx,
2021-11-01,НБС ENE010100 электроэнергия помесячно,Variatia stocurilor,0.0,МВт·ч,ENE010100_20260809-013935 (2).xlsx,
2021-12-01,НБС ENE010100 электроэнергия помесячно,Variatia stocurilor,0.0,МВт·ч,ENE010100_20260809-013935 (2).xlsx,
2022-01-01,НБС ENE010100 электроэнергия помесячно,Variatia stocurilor,0.0,МВт·ч,ENE010100_20260809-013935 (2).xlsx,
2022-02-01,НБС ENE010100 электроэнергия помесячно,Variatia stocurilor,0.0,МВт·ч,ENE010100_20260809-013935 (2).xlsx,
2022-03-01,НБС ENE010100 электроэнергия помесячно,Variatia stocurilor,0.0,МВт·ч,ENE010100_20260809-013935 (2).xlsx,
2022-04-01,НБС ENE010100 электроэнергия помесячно,Variatia stocurilor,0.0,МВт·ч,ENE010100_20260809-013935 (2).xlsx,
2022-05-01,НБС ENE010100 электроэнергия помесячно,Variatia stocurilor,0.0,МВт·ч,ENE010100_20260809-013935 (2).xlsx,
2022-06-01,НБС ENE010100 электроэнергия помесячно,Variatia stocurilor,0.0,МВт·ч,ENE010100_20260809-013935 (2).xlsx,
2022-07-01,НБС ENE010100 электроэнергия помесячно,Variatia stocurilor,0.0,МВт·ч,ENE010100_20260809-013935 (2).xlsx,
2022-08-01,НБС ENE010100 электроэнергия помесячно,Variatia stocurilor,0.0,МВт·ч,ENE010100_20260809-013935 (2).xlsx,
2022-09-01,НБС ENE010100 электроэнергия помесячно,Variatia stocurilor,0.0,МВт·ч,ENE010100_20260809-013935 (2).xlsx,
2022-10-01,НБС ENE010100 электроэнергия помесячно,Variatia stocurilor,0.0,МВт·ч,ENE010100_20260809-013935 (2).xlsx,
2022-11-01,НБС ENE010100 электроэнергия помесячно,Variatia stocurilor,0.0,МВт·ч,ENE010100_20260809-013935 (2).xlsx,
2022-12-01,НБС ENE010100 электроэнергия помесячно,Variatia stocurilor,0.0,МВт·ч,ENE010100_20260809-013935 (2).xlsx,
2023-01-01,НБС ENE010100 электроэнергия помесячно,Variatia stocurilor,0.0,МВт·ч,ENE010100_20260809-013935 (2).xlsx,
2023-02-01,НБС ENE010100 электроэнергия помесячно,Variatia stocurilor,0.0,МВт·ч,ENE010100_20260809-013935 (2).xlsx,
2023-03-01,НБС ENE010100 электроэнергия помесячно,Variatia stocurilor,0.0,МВт·ч,ENE010100_20260809-013935 (2).xlsx,
2023-04-01,НБС ENE010100 электроэнергия помесячно,Variatia stocurilor,0.0,МВт·ч,ENE010100_20260809-013935 (2).xlsx,
2023-05-01,НБС ENE010100 электроэнергия помесячно,Variatia stocurilor,0.0,МВт·ч,ENE010100_20260809-013935 (2).xlsx,
2023-06-01,НБС ENE010100 электроэнергия помесячно,Variatia stocurilor,0.0,МВт·ч,ENE010100_20260809-013935 (2).xlsx,
2023-07-01,НБС ENE010100 электроэнергия помесячно,Variatia stocurilor,0.0,МВт·ч,ENE010100_20260809-013935 (2).xlsx,
2023-08-01,НБС ENE010100 электроэнергия помесячно,Variatia stocurilor,0.0,МВт·ч,ENE010100_20260809-013935 (2).xlsx,
2023-09-01,НБС ENE010100 электроэнергия помесячно,Variatia stocurilor,0.0,МВт·ч,ENE010100_20260809-013935 (2).xlsx,
2023-10-01,НБС ENE010100 электроэнергия помесячно,Variatia stocurilor,0.0,МВт·ч,ENE010100_20260809-013935 (2).xlsx,
2023-11-01,НБС ENE010100 электроэнергия помесячно,Variatia stocurilor,0.0,МВт·ч,ENE010100_20260809-013935 (2).xlsx,
2023-12-01,НБС ENE010100 электроэнергия помесячно,Variatia stocurilor,0.0,МВт·ч,ENE010100_20260809-013935 (2).xlsx,
2024-01-01,НБС ENE010100 электроэнергия помесячно,Variatia stocurilor,0.0,МВт·ч,ENE010100_20260809-013935 (2).xlsx,
2024-02-01,НБС ENE010100 электроэнергия помесячно,Variatia stocurilor,0.0,МВт·ч,ENE010100_20260809-013935 (2).xlsx,
2024-03-01,НБС ENE010100 электроэнергия помесячно,Variatia stocurilor,0.0,МВт·ч,ENE010100_20260809-013935 (2).xlsx,
2024-04-01,НБС ENE010100 электроэнергия помесячно,Variatia stocurilor,0.0,МВт·ч,ENE010100_20260809-013935 (2).xlsx,
2024-05-01,НБС ENE010100 электроэнергия помесячно,Variatia stocurilor,0.0,МВт·ч,ENE010100_20260809-013935 (2).xlsx,
2024-06-01,НБС ENE010100 электроэнергия помесячно,Variatia stocurilor,0.0,МВт·ч,ENE010100_20260809-013935 (2).xlsx,
2024-07-01,НБС ENE010100 электроэнергия помесячно,Variatia stocurilor,0.0,МВт·ч,ENE010100_20260809-013935 (2).xlsx,
2024-08-01,НБС ENE010100 электроэнергия помесячно,Variatia stocurilor,0.0,МВт·ч,ENE010100_20260809-013935 (2).xlsx,
2024-09-01,НБС ENE010100 электроэнергия помесячно,Variatia stocurilor,0.0,МВт·ч,ENE010100_20260809-013935 (2).xlsx,
2024-10-01,НБС ENE010100 электроэнергия помесячно,Variatia stocurilor,0.0,МВт·ч,ENE010100_20260809-013935 (2).xlsx,
2024-11-01,НБС ENE010100 электроэнергия помесячно,Variatia stocurilor,0.0,МВт·ч,ENE010100_20260809-013935 (2).xlsx,
2024-12-01,НБС ENE010100 электроэнергия помесячно,Variatia stocurilor,0.0,МВт·ч,ENE010100_20260809-013935 (2).xlsx,
2025-01-01,НБС ENE010100 электроэнергия помесячно,Variatia stocurilor,0.0,МВт·ч,ENE010100_20260809-013935 (2).xlsx,
2025-02-01,НБС ENE010100 электроэнергия помесячно,Variatia stocurilor,0.0,МВт·ч,ENE010100_20260809-013935 (2).xlsx,
2025-03-01,НБС ENE010100 электроэнергия помесячно,Variatia stocurilor,0.0,МВт·ч,ENE010100_20260809-013935 (2).xlsx,
2025-04-01,НБС ENE010100 электроэнергия помесячно,Variatia stocurilor,0.0,МВт·ч,ENE010100_20260809-013935 (2).xlsx,
2025-05-01,НБС ENE010100 электроэнергия помесячно,Variatia stocurilor,0.0,МВт·ч,ENE010100_20260809-013935 (2).xlsx,
2025-06-01,НБС ENE010100 электроэнергия помесячно,Variatia stocurilor,0.0,МВт·ч,ENE010100_20260809-013935 (2).xlsx,
2025-07-01,НБС ENE010100 электроэнергия помесячно,Variatia stocurilor,0.0,МВт·ч,ENE010100_20260809-013935 (2).xlsx,
2025-08-01,НБС ENE010100 электроэнергия помесячно,Variatia stocurilor,0.0,МВт·ч,ENE010100_20260809-013935 (2).xlsx,
2025-09-01,НБС ENE010100 электроэнергия помесячно,Variatia stocurilor,0.0,МВт·ч,ENE010100_20260809-013935 (2).xlsx,
2025-10-01,НБС ENE010100 электроэнергия помесячно,Variatia stocurilor,0.0,МВт·ч,ENE010100_20260809-013935 (2).xlsx,
2025-11-01,НБС ENE010100 электроэнергия помесячно,Variatia stocurilor,0.0,МВт·ч,ENE010100_20260809-013935 (2).xlsx,
2025-12-01,НБС ENE010100 электроэнергия помесячно,Variatia stocurilor,0.0,МВт·ч,ENE010100_20260809-013935 (2).xlsx,
2026-01-01,НБС ENE010100 электроэнергия помесячно,Variatia stocurilor,0.0,МВт·ч,ENE010100_20260809-013935 (2).xlsx,
2026-02-01,НБС ENE010100 электроэнергия помесячно,Variatia stocurilor,0.0,МВт·ч,ENE010100_20260809-013935 (2).xlsx,
2026-03-01,НБС ENE010100 электроэнергия помесячно,Variatia stocurilor,0.0,МВт·ч,ENE010100_20260809-013935 (2).xlsx,
2026-04-01,НБС ENE010100 электроэнергия помесячно,Variatia stocurilor,0.0,МВт·ч,ENE010100_20260809-013935 (2).xlsx,
2026-05-01,НБС ENE010100 электроэнергия помесячно,Variatia stocurilor,0.0,МВт·ч,ENE010100_20260809-013935 (2).xlsx,
2026-06-01,НБС ENE010100 электроэнергия помесячно,Variatia stocurilor,0.0,МВт·ч,ENE010100_20260809-013935 (2).xlsx,
2015-01-01,НБС ENE010100 электроэнергия помесячно,Export,9.6,МВт·ч,ENE010100_20260809-013935 (2).xlsx,
2015-02-01,НБС ENE010100 электроэнергия помесячно,Export,9.7,МВт·ч,ENE010100_20260809-013935 (2).xlsx,
2015-03-01,НБС ENE010100 электроэнергия помесячно,Export,9.6,МВт·ч,ENE010100_20260809-013935 (2).xlsx,
2015-04-01,НБС ENE010100 электроэнергия помесячно,Export,9.6,МВт·ч,ENE010100_20260809-013935 (2).xlsx,
2015-05-01,НБС ENE010100 электроэнергия помесячно,Export,9.6,МВт·ч,ENE010100_20260809-013935 (2).xlsx,
2015-06-01,НБС ENE010100 электроэнергия помесячно,Export,9.6,МВт·ч,ENE010100_20260809-013935 (2).xlsx,
2015-07-01,НБС ENE010100 электроэнергия помесячно,Export,9.7,МВт·ч,ENE010100_20260809-013935 (2).xlsx,
2015-08-01,НБС ENE010100 электроэнергия помесячно,Export,9.0,МВт·ч,ENE010100_20260809-013935 (2).xlsx,
2015-09-01,НБС ENE010100 электроэнергия помесячно,Export,9.5,МВт·ч,ENE010100_20260809-013935 (2).xlsx,
2015-10-01,НБС ENE010100 электроэнергия помесячно,Export,9.0,МВт·ч,ENE010100_20260809-013935 (2).xlsx,
2015-11-01,НБС ENE010100 электроэнергия помесячно,Export,9.8,МВт·ч,ENE010100_20260809-013935 (2).xlsx,
2015-12-01,НБС ENE010100 электроэнергия помесячно,Export,9.7,МВт·ч,ENE010100_20260809-013935 (2).xlsx,
2016-01-01,НБС ENE010100 электроэнергия помесячно,Export,7.9,МВт·ч,ENE010100_20260809-013935 (2).xlsx,
2016-02-01,НБС ENE010100 электроэнергия помесячно,Export,7.0,МВт·ч,ENE010100_20260809-013935 (2).xlsx,
2016-03-01,НБС ENE010100 электроэнергия помесячно,Export,7.0,МВт·ч,ENE010100_20260809-013935 (2).xlsx,
2016-04-01,НБС ENE010100 электроэнергия помесячно,Export,7.0,МВт·ч,ENE010100_20260809-013935 (2).xlsx,
2016-05-01,НБС ENE010100 электроэнергия помесячно,Export,7.0,МВт·ч,ENE010100_20260809-013935 (2).xlsx,
2016-06-01,НБС ENE010100 электроэнергия помесячно,Export,7.2,МВт·ч,ENE010100_20260809-013935 (2).xlsx,
2016-07-01,НБС ENE010100 электроэнергия помесячно,Export,7.7,МВт·ч,ENE010100_20260809-013935 (2).xlsx,
2016-08-01,НБС ENE010100 электроэнергия помесячно,Export,6.9,МВт·ч,ENE010100_20260809-013935 (2).xlsx,
2016-09-01,НБС ENE010100 электроэнергия помесячно,Export,7.0,МВт·ч,ENE010100_20260809-013935 (2).xlsx,
2016-10-01,НБС ENE010100 электроэнергия помесячно,Export,7.0,МВт·ч,ENE010100_20260809-013935 (2).xlsx,
2016-11-01,НБС ENE010100 электроэнергия помесячно,Export,7.0,МВт·ч,ENE010100_20260809-013935 (2).xlsx,
2016-12-01,НБС ENE010100 электроэнергия помесячно,Export,7.0,МВт·ч,ENE010100_20260809-013935 (2).xlsx,
2017-01-01,НБС ENE010100 электроэнергия помесячно,Export,7.2,МВт·ч,ENE010100_20260809-013935 (2).xlsx,
2017-02-01,НБС ENE010100 электроэнергия помесячно,Export,7.3,МВт·ч,ENE010100_20260809-013935 (2).xlsx,
2017-03-01,НБС ENE010100 электроэнергия помесячно,Export,7.3,МВт·ч,ENE010100_20260809-013935 (2).xlsx,
2017-04-01,НБС ENE010100 электроэнергия помесячно,Export,7.0,МВт·ч,ENE010100_20260809-013935 (2).xlsx,
2017-05-01,НБС ENE010100 электроэнергия помесячно,Export,7.1,МВт·ч,ENE010100_20260809-013935 (2).xlsx,
2017-06-01,НБС ENE010100 электроэнергия помесячно,Export,7.4,МВт·ч,ENE010100_20260809-013935 (2).xlsx,
2017-07-01,НБС ENE010100 электроэнергия помесячно,Export,7.4,МВт·ч,ENE010100_20260809-013935 (2).xlsx,
2017-08-01,НБС ENE010100 электроэнергия помесячно,Export,7.0,МВт·ч,ENE010100_20260809-013935 (2).xlsx,
2017-09-01,НБС ENE010100 электроэнергия помесячно,Export,0.0,МВт·ч,ENE010100_20260809-013935 (2).xlsx,
2017-10-01,НБС ENE010100 электроэнергия помесячно,Export,7.3,МВт·ч,ENE010100_20260809-013935 (2).xlsx,
2017-11-01,НБС ENE010100 электроэнергия помесячно,Export,7.1,МВт·ч,ENE010100_20260809-013935 (2).xlsx,
2017-12-01,НБС ENE010100 электроэнергия помесячно,Export,7.7,МВт·ч,ENE010100_20260809-013935 (2).xlsx,
2018-01-01,НБС ENE010100 электроэнергия помесячно,Export,7.4,МВт·ч,ENE010100_20260809-013935 (2).xlsx,
2018-02-01,НБС ENE010100 электроэнергия помесячно,Export,7.5,МВт·ч,ENE010100_20260809-013935 (2).xlsx,
2018-03-01,НБС ENE010100 электроэнергия помесячно,Export,6.9,МВт·ч,ENE010100_20260809-013935 (2).xlsx,
2018-04-01,НБС ENE010100 электроэнергия помесячно,Export,7.3,МВт·ч,ENE010100_20260809-013935 (2).xlsx,
2018-05-01,НБС ENE010100 электроэнергия помесячно,Export,7.8,МВт·ч,ENE010100_20260809-013935 (2).xlsx,
2018-06-01,НБС ENE010100 электроэнергия помесячно,Export,8.2,МВт·ч,ENE010100_20260809-013935 (2).xlsx,
2018-07-01,НБС ENE010100 электроэнергия помесячно,Export,8.1,МВт·ч,ENE010100_20260809-013935 (2).xlsx,
2018-08-01,НБС ENE010100 электроэнергия помесячно,Export,10.2,МВт·ч,ENE010100_20260809-013935 (2).xlsx,
2018-09-01,НБС ENE010100 электроэнергия помесячно,Export,6.9,МВт·ч,ENE010100_20260809-013935 (2).xlsx,
2018-10-01,НБС ENE010100 электроэнергия помесячно,Export,7.0,МВт·ч,ENE010100_20260809-013935 (2).xlsx,
2018-11-01,НБС ENE010100 электроэнергия помесячно,Export,7.4,МВт·ч,ENE010100_20260809-013935 (2).xlsx,
2018-12-01,НБС ENE010100 электроэнергия помесячно,Export,8.5,МВт·ч,ENE010100_20260809-013935 (2).xlsx,
2019-01-01,НБС ENE010100 электроэнергия помесячно,Export,7.0,МВт·ч,ENE010100_20260809-013935 (2).xlsx,
2019-02-01,НБС ENE010100 электроэнергия помесячно,Export,7.0,МВт·ч,ENE010100_20260809-013935 (2).xlsx,
2019-03-01,НБС ENE010100 электроэнергия помесячно,Export,7.3,МВт·ч,ENE010100_20260809-013935 (2).xlsx,
2019-04-01,НБС ENE010100 электроэнергия помесячно,Export,7.5,МВт·ч,ENE010100_20260809-013935 (2).xlsx,
2019-05-01,НБС ENE010100 электроэнергия помесячно,Export,7.9,МВт·ч,ENE010100_20260809-013935 (2).xlsx,
2019-06-01,НБС ENE010100 электроэнергия помесячно,Export,7.4,МВт·ч,ENE010100_20260809-013935 (2).xlsx,
2019-07-01,НБС ENE010100 электроэнергия помесячно,Export,8.2,МВт·ч,ENE010100_20260809-013935 (2).xlsx,
2019-08-01,НБС ENE010100 электроэнергия помесячно,Export,8.1,МВт·ч,ENE010100_20260809-013935 (2).xlsx,
2019-09-01,НБС ENE010100 электроэнергия помесячно,Export,9.6,МВт·ч,ENE010100_20260809-013935 (2).xlsx,
2019-10-01,НБС ENE010100 электроэнергия помесячно,Export,0.0,МВт·ч,ENE010100_20260809-013935 (2).xlsx,
2019-11-01,НБС ENE010100 электроэнергия помесячно,Export,8.1,МВт·ч,ENE010100_20260809-013935 (2).xlsx,
2019-12-01,НБС ENE010100 электроэнергия помесячно,Export,7.7,МВт·ч,ENE010100_20260809-013935 (2).xlsx,
2020-01-01,НБС ENE010100 электроэнергия помесячно,Export,7.6,МВт·ч,ENE010100_20260809-013935 (2).xlsx,
2020-02-01,НБС ENE010100 электроэнергия помесячно,Export,7.6,МВт·ч,ENE010100_20260809-013935 (2).xlsx,
2020-03-01,НБС ENE010100 электроэнергия помесячно,Export,7.6,МВт·ч,ENE010100_20260809-013935 (2).xlsx,
2020-04-01,НБС ENE010100 электроэнергия помесячно,Export,9.3,МВт·ч,ENE010100_20260809-013935 (2).xlsx,
2020-05-01,НБС ENE010100 электроэнергия помесячно,Export,9.8,МВт·ч,ENE010100_20260809-013935 (2).xlsx,
2020-06-01,НБС ENE010100 электроэнергия помесячно,Export,8.0,МВт·ч,ENE010100_20260809-013935 (2).xlsx,
2020-07-01,НБС ENE010100 электроэнергия помесячно,Export,7.0,МВт·ч,ENE010100_20260809-013935 (2).xlsx,
2020-08-01,НБС ENE010100 электроэнергия помесячно,Export,6.9,МВт·ч,ENE010100_20260809-013935 (2).xlsx,
2020-09-01,НБС ENE010100 электроэнергия помесячно,Export,8.0,МВт·ч,ENE010100_20260809-013935 (2).xlsx,
2020-10-01,НБС ENE010100 электроэнергия помесячно,Export,7.4,МВт·ч,ENE010100_20260809-013935 (2).xlsx,
2020-11-01,НБС ENE010100 электроэнергия помесячно,Export,6.9,МВт·ч,ENE010100_20260809-013935 (2).xlsx,
2020-12-01,НБС ENE010100 электроэнергия помесячно,Export,6.9,МВт·ч,ENE010100_20260809-013935 (2).xlsx,
2021-01-01,НБС ENE010100 электроэнергия помесячно,Export,6.9,МВт·ч,ENE010100_20260809-013935 (2).xlsx,
2021-02-01,НБС ENE010100 электроэнергия помесячно,Export,6.9,МВт·ч,ENE010100_20260809-013935 (2).xlsx,
2021-03-01,НБС ENE010100 электроэнергия помесячно,Export,6.9,МВт·ч,ENE010100_20260809-013935 (2).xlsx,
2021-04-01,НБС ENE010100 электроэнергия помесячно,Export,6.9,МВт·ч,ENE010100_20260809-013935 (2).xlsx,
2021-05-01,НБС ENE010100 электроэнергия помесячно,Export,7.0,МВт·ч,ENE010100_20260809-013935 (2).xlsx,
2021-06-01,НБС ENE010100 электроэнергия помесячно,Export,8.3,МВт·ч,ENE010100_20260809-013935 (2).xlsx,
2021-07-01,НБС ENE010100 электроэнергия помесячно,Export,7.3,МВт·ч,ENE010100_20260809-013935 (2).xlsx,
2021-08-01,НБС ENE010100 электроэнергия помесячно,Export,8.0,МВт·ч,ENE010100_20260809-013935 (2).xlsx,
2021-09-01,НБС ENE010100 электроэнергия помесячно,Export,8.2,МВт·ч,ENE010100_20260809-013935 (2).xlsx,
2021-10-01,НБС ENE010100 электроэнергия помесячно,Export,9.7,МВт·ч,ENE010100_20260809-013935 (2).xlsx,
2021-11-01,НБС ENE010100 электроэнергия помесячно,Export,9.3,МВт·ч,ENE010100_20260809-013935 (2).xlsx,
2021-12-01,НБС ENE010100 электроэнергия помесячно,Export,7.6,МВт·ч,ENE010100_20260809-013935 (2).xlsx,
2022-01-01,НБС ENE010100 электроэнергия помесячно,Export,6.9,МВт·ч,ENE010100_20260809-013935 (2).xlsx,
2022-02-01,НБС ENE010100 электроэнергия помесячно,Export,6.9,МВт·ч,ENE010100_20260809-013935 (2).xlsx,
2022-03-01,НБС ENE010100 электроэнергия помесячно,Export,11.2,МВт·ч,ENE010100_20260809-013935 (2).xlsx,
2022-04-01,НБС ENE010100 электроэнергия помесячно,Export,6.9,МВт·ч,ENE010100_20260809-013935 (2).xlsx,
2022-05-01,НБС ENE010100 электроэнергия помесячно,Export,6.9,МВт·ч,ENE010100_20260809-013935 (2).xlsx,
2022-06-01,НБС ENE010100 электроэнергия помесячно,Export,4840.3,МВт·ч,ENE010100_20260809-013935 (2).xlsx,
2022-07-01,НБС ENE010100 электроэнергия помесячно,Export,12717.2,МВт·ч,ENE010100_20260809-013935 (2).xlsx,
2022-08-01,НБС ENE010100 электроэнергия помесячно,Export,10928.4,МВт·ч,ENE010100_20260809-013935 (2).xlsx,
2022-09-01,НБС ENE010100 электроэнергия помесячно,Export,19177.6,МВт·ч,ENE010100_20260809-013935 (2).xlsx,
2022-10-01,НБС ENE010100 электроэнергия помесячно,Export,24386.2,МВт·ч,ENE010100_20260809-013935 (2).xlsx,
2022-11-01,НБС ENE010100 электроэнергия помесячно,Export,6825.5,МВт·ч,ENE010100_20260809-013935 (2).xlsx,
2022-12-01,НБС ENE010100 электроэнергия помесячно,Export,15318.0,МВт·ч,ENE010100_20260809-013935 (2).xlsx,
2023-01-01,НБС ENE010100 электроэнергия помесячно,Export,12779.8,МВт·ч,ENE010100_20260809-013935 (2).xlsx,
2023-02-01,НБС ENE010100 электроэнергия помесячно,Export,17539.2,МВт·ч,ENE010100_20260809-013935 (2).xlsx,
2023-03-01,НБС ENE010100 электроэнергия помесячно,Export,23381.2,МВт·ч,ENE010100_20260809-013935 (2).xlsx,
2023-04-01,НБС ENE010100 электроэнергия помесячно,Export,70770.8,МВт·ч,ENE010100_20260809-013935 (2).xlsx,
2023-05-01,НБС ENE010100 электроэнергия помесячно,Export,48845.0,МВт·ч,ENE010100_20260809-013935 (2).xlsx,
2023-06-01,НБС ENE010100 электроэнергия помесячно,Export,30013.1,МВт·ч,ENE010100_20260809-013935 (2).xlsx,
2023-07-01,НБС ENE010100 электроэнергия помесячно,Export,37607.5,МВт·ч,ENE010100_20260809-013935 (2).xlsx,
2023-08-01,НБС ENE010100 электроэнергия помесячно,Export,33581.8,МВт·ч,ENE010100_20260809-013935 (2).xlsx,
2023-09-01,НБС ENE010100 электроэнергия помесячно,Export,68178.8,МВт·ч,ENE010100_20260809-013935 (2).xlsx,
2023-10-01,НБС ENE010100 электроэнергия помесячно,Export,56097.9,МВт·ч,ENE010100_20260809-013935 (2).xlsx,
2023-11-01,НБС ENE010100 электроэнергия помесячно,Export,34553.1,МВт·ч,ENE010100_20260809-013935 (2).xlsx,
2023-12-01,НБС ENE010100 электроэнергия помесячно,Export,31655.7,МВт·ч,ENE010100_20260809-013935 (2).xlsx,
2024-01-01,НБС ENE010100 электроэнергия помесячно,Export,31372.2,МВт·ч,ENE010100_20260809-013935 (2).xlsx,
2024-02-01,НБС ENE010100 электроэнергия помесячно,Export,33475.5,МВт·ч,ENE010100_20260809-013935 (2).xlsx,
2024-03-01,НБС ENE010100 электроэнергия помесячно,Export,32176.6,МВт·ч,ENE010100_20260809-013935 (2).xlsx,
2024-04-01,НБС ENE010100 электроэнергия помесячно,Export,29546.5,МВт·ч,ENE010100_20260809-013935 (2).xlsx,
2024-05-01,НБС ENE010100 электроэнергия помесячно,Export,36092.2,МВт·ч,ENE010100_20260809-013935 (2).xlsx,
2024-06-01,НБС ENE010100 электроэнергия помесячно,Export,57407.1,МВт·ч,ENE010100_20260809-013935 (2).xlsx,
2024-07-01,НБС ENE010100 электроэнергия помесячно,Export,53396.2,МВт·ч,ENE010100_20260809-013935 (2).xlsx,
2024-08-01,НБС ENE010100 электроэнергия помесячно,Export,28767.6,МВт·ч,ENE010100_20260809-013935 (2).xlsx,
2024-09-01,НБС ENE010100 электроэнергия помесячно,Export,45910.2,МВт·ч,ENE010100_20260809-013935 (2).xlsx,
2024-10-01,НБС ENE010100 электроэнергия помесячно,Export,34355.3,МВт·ч,ENE010100_20260809-013935 (2).xlsx,
2024-11-01,НБС ENE010100 электроэнергия помесячно,Export,43081.3,МВт·ч,ENE010100_20260809-013935 (2).xlsx,
2024-12-01,НБС ENE010100 электроэнергия помесячно,Export,39786.1,МВт·ч,ENE010100_20260809-013935 (2).xlsx,
2025-01-01,НБС ENE010100 электроэнергия помесячно,Export,32650.3,МВт·ч,ENE010100_20260809-013935 (2).xlsx,
2025-02-01,НБС ENE010100 электроэнергия помесячно,Export,28167.0,МВт·ч,ENE010100_20260809-013935 (2).xlsx,
2025-03-01,НБС ENE010100 электроэнергия помесячно,Export,41608.3,МВт·ч,ENE010100_20260809-013935 (2).xlsx,
2025-04-01,НБС ENE010100 электроэнергия помесячно,Export,27840.5,МВт·ч,ENE010100_20260809-013935 (2).xlsx,
2025-05-01,НБС ENE010100 электроэнергия помесячно,Export,28489.7,МВт·ч,ENE010100_20260809-013935 (2).xlsx,
2025-06-01,НБС ENE010100 электроэнергия помесячно,Export,25384.8,МВт·ч,ENE010100_20260809-013935 (2).xlsx,
2025-07-01,НБС ENE010100 электроэнергия помесячно,Export,17483.5,МВт·ч,ENE010100_20260809-013935 (2).xlsx,
2025-08-01,НБС ENE010100 электроэнергия помесячно,Export,24375.9,МВт·ч,ENE010100_20260809-013935 (2).xlsx,
2025-09-01,НБС ENE010100 электроэнергия помесячно,Export,40284.9,МВт·ч,ENE010100_20260809-013935 (2).xlsx,
2025-10-01,НБС ENE010100 электроэнергия помесячно,Export,25658.7,МВт·ч,ENE010100_20260809-013935 (2).xlsx,
2025-11-01,НБС ENE010100 электроэнергия помесячно,Export,30468.2,МВт·ч,ENE010100_20260809-013935 (2).xlsx,
2025-12-01,НБС ENE010100 электроэнергия помесячно,Export,25822.1,МВт·ч,ENE010100_20260809-013935 (2).xlsx,
2026-01-01,НБС ENE010100 электроэнергия помесячно,Export,19371.9,МВт·ч,ENE010100_20260809-013935 (2).xlsx,
2026-02-01,НБС ENE010100 электроэнергия помесячно,Export,29072.5,МВт·ч,ENE010100_20260809-013935 (2).xlsx,
2026-03-01,НБС ENE010100 электроэнергия помесячно,Export,46320.9,МВт·ч,ENE010100_20260809-013935 (2).xlsx,
2026-04-01,НБС ENE010100 электроэнергия помесячно,Export,28002.2,МВт·ч,ENE010100_20260809-013935 (2).xlsx,
2026-05-01,НБС ENE010100 электроэнергия помесячно,Export,36375.5,МВт·ч,ENE010100_20260809-013935 (2).xlsx,
2026-06-01,НБС ENE010100 электроэнергия помесячно,Export,17086.6,МВт·ч,ENE010100_20260809-013935 (2).xlsx,
2015-01-01,НБС ENE010100 электроэнергия помесячно,Consum final brut,416337.7,МВт·ч,ENE010100_20260809-013935 (2).xlsx,
2015-02-01,НБС ENE010100 электроэнергия помесячно,Consum final brut,371113.7,МВт·ч,ENE010100_20260809-013935 (2).xlsx,
2015-03-01,НБС ENE010100 электроэнергия помесячно,Consum final brut,377938.9,МВт·ч,ENE010100_20260809-013935 (2).xlsx,
2015-04-01,НБС ENE010100 электроэнергия помесячно,Consum final brut,334829.5,МВт·ч,ENE010100_20260809-013935 (2).xlsx,
2015-05-01,НБС ENE010100 электроэнергия помесячно,Consum final brut,323999.9,МВт·ч,ENE010100_20260809-013935 (2).xlsx,
2015-06-01,НБС ENE010100 электроэнергия помесячно,Consum final brut,316579.3,МВт·ч,ENE010100_20260809-013935 (2).xlsx,
2015-07-01,НБС ENE010100 электроэнергия помесячно,Consum final brut,340883.0,МВт·ч,ENE010100_20260809-013935 (2).xlsx,
2015-08-01,НБС ENE010100 электроэнергия помесячно,Consum final brut,325485.5,МВт·ч,ENE010100_20260809-013935 (2).xlsx,
2015-09-01,НБС ENE010100 электроэнергия помесячно,Consum final brut,322338.2,МВт·ч,ENE010100_20260809-013935 (2).xlsx,
2015-10-01,НБС ENE010100 электроэнергия помесячно,Consum final brut,364482.5,МВт·ч,ENE010100_20260809-013935 (2).xlsx,
2015-11-01,НБС ENE010100 электроэнергия помесячно,Consum final brut,364821.1,МВт·ч,ENE010100_20260809-013935 (2).xlsx,
2015-12-01,НБС ENE010100 электроэнергия помесячно,Consum final brut,397315.6,МВт·ч,ENE010100_20260809-013935 (2).xlsx,
2016-01-01,НБС ENE010100 электроэнергия помесячно,Consum final brut,402219.9,МВт·ч,ENE010100_20260809-013935 (2).xlsx,
2016-02-01,НБС ENE010100 электроэнергия помесячно,Consum final brut,341963.0,МВт·ч,ENE010100_20260809-013935 (2).xlsx,
2016-03-01,НБС ENE010100 электроэнергия помесячно,Consum final brut,355757.1,МВт·ч,ENE010100_20260809-013935 (2).xlsx,
2016-04-01,НБС ENE010100 электроэнергия помесячно,Consum final brut,310603.9,МВт·ч,ENE010100_20260809-013935 (2).xlsx,
2016-05-01,НБС ENE010100 электроэнергия помесячно,Consum final brut,307241.1,МВт·ч,ENE010100_20260809-013935 (2).xlsx,
2016-06-01,НБС ENE010100 электроэнергия помесячно,Consum final brut,309047.3,МВт·ч,ENE010100_20260809-013935 (2).xlsx,
2016-07-01,НБС ENE010100 электроэнергия помесячно,Consum final brut,330887.3,МВт·ч,ENE010100_20260809-013935 (2).xlsx,
2016-08-01,НБС ENE010100 электроэнергия помесячно,Consum final brut,335448.3,МВт·ч,ENE010100_20260809-013935 (2).xlsx,
2016-09-01,НБС ENE010100 электроэнергия помесячно,Consum final brut,329434.5,МВт·ч,ENE010100_20260809-013935 (2).xlsx,
2016-10-01,НБС ENE010100 электроэнергия помесячно,Consum final brut,374558.4,МВт·ч,ENE010100_20260809-013935 (2).xlsx,
2016-11-01,НБС ENE010100 электроэнергия помесячно,Consum final brut,394466.0,МВт·ч,ENE010100_20260809-013935 (2).xlsx,
2016-12-01,НБС ENE010100 электроэнергия помесячно,Consum final brut,427358.8,МВт·ч,ENE010100_20260809-013935 (2).xlsx,
2017-01-01,НБС ENE010100 электроэнергия помесячно,Consum final brut,428417.4,МВт·ч,ENE010100_20260809-013935 (2).xlsx,
2017-02-01,НБС ENE010100 электроэнергия помесячно,Consum final brut,373319.9,МВт·ч,ENE010100_20260809-013935 (2).xlsx,
2017-03-01,НБС ENE010100 электроэнергия помесячно,Consum final brut,358101.0,МВт·ч,ENE010100_20260809-013935 (2).xlsx,
2017-04-01,НБС ENE010100 электроэнергия помесячно,Consum final brut,323619.0,МВт·ч,ENE010100_20260809-013935 (2).xlsx,
2017-05-01,НБС ENE010100 электроэнергия помесячно,Consum final brut,311976.0,МВт·ч,ENE010100_20260809-013935 (2).xlsx,
2017-06-01,НБС ENE010100 электроэнергия помесячно,Consum final brut,317699.3,МВт·ч,ENE010100_20260809-013935 (2).xlsx,
2017-07-01,НБС ENE010100 электроэнергия помесячно,Consum final brut,332279.4,МВт·ч,ENE010100_20260809-013935 (2).xlsx,
2017-08-01,НБС ENE010100 электроэнергия помесячно,Consum final brut,345883.5,МВт·ч,ENE010100_20260809-013935 (2).xlsx,
2017-09-01,НБС ENE010100 электроэнергия помесячно,Consum final brut,368144.6,МВт·ч,ENE010100_20260809-013935 (2).xlsx,
2017-10-01,НБС ENE010100 электроэнергия помесячно,Consum final brut,377255.7,МВт·ч,ENE010100_20260809-013935 (2).xlsx,
2017-11-01,НБС ENE010100 электроэнергия помесячно,Consum final brut,389111.7,МВт·ч,ENE010100_20260809-013935 (2).xlsx,
2017-12-01,НБС ENE010100 электроэнергия помесячно,Consum final brut,416400.5,МВт·ч,ENE010100_20260809-013935 (2).xlsx,
2018-01-01,НБС ENE010100 электроэнергия помесячно,Consum final brut,416349.2,МВт·ч,ENE010100_20260809-013935 (2).xlsx,
2018-02-01,НБС ENE010100 электроэнергия помесячно,Consum final brut,385492.3,МВт·ч,ENE010100_20260809-013935 (2).xlsx,
2018-03-01,НБС ENE010100 электроэнергия помесячно,Consum final brut,414994.4,МВт·ч,ENE010100_20260809-013935 (2).xlsx,
2018-04-01,НБС ENE010100 электроэнергия помесячно,Consum final brut,355599.1,МВт·ч,ENE010100_20260809-013935 (2).xlsx,
2018-05-01,НБС ENE010100 электроэнергия помесячно,Consum final brut,372965.9,МВт·ч,ENE010100_20260809-013935 (2).xlsx,
2018-06-01,НБС ENE010100 электроэнергия помесячно,Consum final brut,347017.6,МВт·ч,ENE010100_20260809-013935 (2).xlsx,
2018-07-01,НБС ENE010100 электроэнергия помесячно,Consum final brut,342869.9,МВт·ч,ENE010100_20260809-013935 (2).xlsx,
2018-08-01,НБС ENE010100 электроэнергия помесячно,Consum final brut,364827.7,МВт·ч,ENE010100_20260809-013935 (2).xlsx,
2018-09-01,НБС ENE010100 электроэнергия помесячно,Consum final brut,340057.0,МВт·ч,ENE010100_20260809-013935 (2).xlsx,
2018-10-01,НБС ENE010100 электроэнергия помесячно,Consum final brut,408252.5,МВт·ч,ENE010100_20260809-013935 (2).xlsx,
2018-11-01,НБС ENE010100 электроэнергия помесячно,Consum final brut,520014.9,МВт·ч,ENE010100_20260809-013935 (2).xlsx,
2018-12-01,НБС ENE010100 электроэнергия помесячно,Consum final brut,583245.2,МВт·ч,ENE010100_20260809-013935 (2).xlsx,
2019-01-01,НБС ENE010100 электроэнергия помесячно,Consum final brut,392190.0,МВт·ч,ENE010100_20260809-013935 (2).xlsx,
2019-02-01,НБС ENE010100 электроэнергия помесячно,Consum final brut,367395.2,МВт·ч,ENE010100_20260809-013935 (2).xlsx,
2019-03-01,НБС ENE010100 электроэнергия помесячно,Consum final brut,374627.9,МВт·ч,ENE010100_20260809-013935 (2).xlsx,
2019-04-01,НБС ENE010100 электроэнергия помесячно,Consum final brut,353034.3,МВт·ч,ENE010100_20260809-013935 (2).xlsx,
2019-05-01,НБС ENE010100 электроэнергия помесячно,Consum final brut,327473.9,МВт·ч,ENE010100_20260809-013935 (2).xlsx,
2019-06-01,НБС ENE010100 электроэнергия помесячно,Consum final brut,339872.4,МВт·ч,ENE010100_20260809-013935 (2).xlsx,
2019-07-01,НБС ENE010100 электроэнергия помесячно,Consum final brut,337541.8,МВт·ч,ENE010100_20260809-013935 (2).xlsx,
2019-08-01,НБС ENE010100 электроэнергия помесячно,Consum final brut,354939.7,МВт·ч,ENE010100_20260809-013935 (2).xlsx,
2019-09-01,НБС ENE010100 электроэнергия помесячно,Consum final brut,343100.0,МВт·ч,ENE010100_20260809-013935 (2).xlsx,
2019-10-01,НБС ENE010100 электроэнергия помесячно,Consum final brut,366296.8,МВт·ч,ENE010100_20260809-013935 (2).xlsx,
2019-11-01,НБС ENE010100 электроэнергия помесячно,Consum final brut,379256.0,МВт·ч,ENE010100_20260809-013935 (2).xlsx,
2019-12-01,НБС ENE010100 электроэнергия помесячно,Consum final brut,420640.3,МВт·ч,ENE010100_20260809-013935 (2).xlsx,
2020-01-01,НБС ENE010100 электроэнергия помесячно,Consum final brut,408577.2,МВт·ч,ENE010100_20260809-013935 (2).xlsx,
2020-02-01,НБС ENE010100 электроэнергия помесячно,Consum final brut,368280.8,МВт·ч,ENE010100_20260809-013935 (2).xlsx,
2020-03-01,НБС ENE010100 электроэнергия помесячно,Consum final brut,359328.8,МВт·ч,ENE010100_20260809-013935 (2).xlsx,
2020-04-01,НБС ENE010100 электроэнергия помесячно,Consum final brut,313911.0,МВт·ч,ENE010100_20260809-013935 (2).xlsx,
2020-05-01,НБС ENE010100 электроэнергия помесячно,Consum final brut,310334.8,МВт·ч,ENE010100_20260809-013935 (2).xlsx,
2020-06-01,НБС ENE010100 электроэнергия помесячно,Consum final brut,321244.1,МВт·ч,ENE010100_20260809-013935 (2).xlsx,
2020-07-01,НБС ENE010100 электроэнергия помесячно,Consum final brut,354514.8,МВт·ч,ENE010100_20260809-013935 (2).xlsx,
2020-08-01,НБС ENE010100 электроэнергия помесячно,Consum final brut,356886.7,МВт·ч,ENE010100_20260809-013935 (2).xlsx,
2020-09-01,НБС ENE010100 электроэнергия помесячно,Consum final brut,402899.1,МВт·ч,ENE010100_20260809-013935 (2).xlsx,
2020-10-01,НБС ENE010100 электроэнергия помесячно,Consum final brut,557497.9,МВт·ч,ENE010100_20260809-013935 (2).xlsx,
2020-11-01,НБС ENE010100 электроэнергия помесячно,Consum final brut,405685.0,МВт·ч,ENE010100_20260809-013935 (2).xlsx,
2020-12-01,НБС ENE010100 электроэнергия помесячно,Consum final brut,443305.7,МВт·ч,ENE010100_20260809-013935 (2).xlsx,
2021-01-01,НБС ENE010100 электроэнергия помесячно,Consum final brut,422947.4,МВт·ч,ENE010100_20260809-013935 (2).xlsx,
2021-02-01,НБС ENE010100 электроэнергия помесячно,Consum final brut,400250.3,МВт·ч,ENE010100_20260809-013935 (2).xlsx,
2021-03-01,НБС ENE010100 электроэнергия помесячно,Consum final brut,410165.7,МВт·ч,ENE010100_20260809-013935 (2).xlsx,
2021-04-01,НБС ENE010100 электроэнергия помесячно,Consum final brut,351361.8,МВт·ч,ENE010100_20260809-013935 (2).xlsx,
2021-05-01,НБС ENE010100 электроэнергия помесячно,Consum final brut,274102.6,МВт·ч,ENE010100_20260809-013935 (2).xlsx,
2021-06-01,НБС ENE010100 электроэнергия помесячно,Consum final brut,308128.3,МВт·ч,ENE010100_20260809-013935 (2).xlsx,
2021-07-01,НБС ENE010100 электроэнергия помесячно,Consum final brut,327900.1,МВт·ч,ENE010100_20260809-013935 (2).xlsx,
2021-08-01,НБС ENE010100 электроэнергия помесячно,Consum final brut,332765.8,МВт·ч,ENE010100_20260809-013935 (2).xlsx,
2021-09-01,НБС ENE010100 электроэнергия помесячно,Consum final brut,298688.6,МВт·ч,ENE010100_20260809-013935 (2).xlsx,
2021-10-01,НБС ENE010100 электроэнергия помесячно,Consum final brut,346088.0,МВт·ч,ENE010100_20260809-013935 (2).xlsx,
2021-11-01,НБС ENE010100 электроэнергия помесячно,Consum final brut,362194.1,МВт·ч,ENE010100_20260809-013935 (2).xlsx,
2021-12-01,НБС ENE010100 электроэнергия помесячно,Consum final brut,377323.5,МВт·ч,ENE010100_20260809-013935 (2).xlsx,
2022-01-01,НБС ENE010100 электроэнергия помесячно,Consum final brut,403113.4,МВт·ч,ENE010100_20260809-013935 (2).xlsx,
2022-02-01,НБС ENE010100 электроэнергия помесячно,Consum final brut,366434.7,МВт·ч,ENE010100_20260809-013935 (2).xlsx,
2022-03-01,НБС ENE010100 электроэнергия помесячно,Consum final brut,387534.2,МВт·ч,ENE010100_20260809-013935 (2).xlsx,
2022-04-01,НБС ENE010100 электроэнергия помесячно,Consum final brut,328585.4,МВт·ч,ENE010100_20260809-013935 (2).xlsx,
2022-05-01,НБС ENE010100 электроэнергия помесячно,Consum final brut,330327.1,МВт·ч,ENE010100_20260809-013935 (2).xlsx,
2022-06-01,НБС ENE010100 электроэнергия помесячно,Consum final brut,343233.6,МВт·ч,ENE010100_20260809-013935 (2).xlsx,
2022-07-01,НБС ENE010100 электроэнергия помесячно,Consum final brut,353907.8,МВт·ч,ENE010100_20260809-013935 (2).xlsx,
2022-08-01,НБС ENE010100 электроэнергия помесячно,Consum final brut,359124.5,МВт·ч,ENE010100_20260809-013935 (2).xlsx,
2022-09-01,НБС ENE010100 электроэнергия помесячно,Consum final brut,328344.7,МВт·ч,ENE010100_20260809-013935 (2).xlsx,
2022-10-01,НБС ENE010100 электроэнергия помесячно,Consum final brut,346441.3,МВт·ч,ENE010100_20260809-013935 (2).xlsx,
2022-11-01,НБС ENE010100 электроэнергия помесячно,Consum final brut,385769.3,МВт·ч,ENE010100_20260809-013935 (2).xlsx,
2022-12-01,НБС ENE010100 электроэнергия помесячно,Consum final brut,411009.9,МВт·ч,ENE010100_20260809-013935 (2).xlsx,
2023-01-01,НБС ENE010100 электроэнергия помесячно,Consum final brut,390992.9,МВт·ч,ENE010100_20260809-013935 (2).xlsx,
2023-02-01,НБС ENE010100 электроэнергия помесячно,Consum final brut,351173.9,МВт·ч,ENE010100_20260809-013935 (2).xlsx,
2023-03-01,НБС ENE010100 электроэнергия помесячно,Consum final brut,360609.8,МВт·ч,ENE010100_20260809-013935 (2).xlsx,
2023-04-01,НБС ENE010100 электроэнергия помесячно,Consum final brut,333032.2,МВт·ч,ENE010100_20260809-013935 (2).xlsx,
2023-05-01,НБС ENE010100 электроэнергия помесячно,Consum final brut,312307.8,МВт·ч,ENE010100_20260809-013935 (2).xlsx,
2023-06-01,НБС ENE010100 электроэнергия помесячно,Consum final brut,312952.2,МВт·ч,ENE010100_20260809-013935 (2).xlsx,
2023-07-01,НБС ENE010100 электроэнергия помесячно,Consum final brut,321752.2,МВт·ч,ENE010100_20260809-013935 (2).xlsx,
2023-08-01,НБС ENE010100 электроэнергия помесячно,Consum final brut,350758.2,МВт·ч,ENE010100_20260809-013935 (2).xlsx,
2023-09-01,НБС ENE010100 электроэнергия помесячно,Consum final brut,316940.2,МВт·ч,ENE010100_20260809-013935 (2).xlsx,
2023-10-01,НБС ENE010100 электроэнергия помесячно,Consum final brut,331144.1,МВт·ч,ENE010100_20260809-013935 (2).xlsx,
2023-11-01,НБС ENE010100 электроэнергия помесячно,Consum final brut,369177.9,МВт·ч,ENE010100_20260809-013935 (2).xlsx,
2023-12-01,НБС ENE010100 электроэнергия помесячно,Consum final brut,427680.6,МВт·ч,ENE010100_20260809-013935 (2).xlsx,
2024-01-01,НБС ENE010100 электроэнергия помесячно,Consum final brut,433257.5,МВт·ч,ENE010100_20260809-013935 (2).xlsx,
2024-02-01,НБС ENE010100 электроэнергия помесячно,Consum final brut,374155.7,МВт·ч,ENE010100_20260809-013935 (2).xlsx,
2024-03-01,НБС ENE010100 электроэнергия помесячно,Consum final brut,391000.9,МВт·ч,ENE010100_20260809-013935 (2).xlsx,
2024-04-01,НБС ENE010100 электроэнергия помесячно,Consum final brut,309103.2,МВт·ч,ENE010100_20260809-013935 (2).xlsx,
2024-05-01,НБС ENE010100 электроэнергия помесячно,Consum final brut,295988.8,МВт·ч,ENE010100_20260809-013935 (2).xlsx,
2024-06-01,НБС ENE010100 электроэнергия помесячно,Consum final brut,319440.2,МВт·ч,ENE010100_20260809-013935 (2).xlsx,
2024-07-01,НБС ENE010100 электроэнергия помесячно,Consum final brut,363416.1,МВт·ч,ENE010100_20260809-013935 (2).xlsx,
2024-08-01,НБС ENE010100 электроэнергия помесячно,Consum final brut,345015.6,МВт·ч,ENE010100_20260809-013935 (2).xlsx,
2024-09-01,НБС ENE010100 электроэнергия помесячно,Consum final brut,310667.3,МВт·ч,ENE010100_20260809-013935 (2).xlsx,
2024-10-01,НБС ENE010100 электроэнергия помесячно,Consum final brut,354259.7,МВт·ч,ENE010100_20260809-013935 (2).xlsx,
2024-11-01,НБС ENE010100 электроэнергия помесячно,Consum final brut,417071.5,МВт·ч,ENE010100_20260809-013935 (2).xlsx,
2024-12-01,НБС ENE010100 электроэнергия помесячно,Consum final brut,455813.6,МВт·ч,ENE010100_20260809-013935 (2).xlsx,
2025-01-01,НБС ENE010100 электроэнергия помесячно,Consum final brut,415522.7,МВт·ч,ENE010100_20260809-013935 (2).xlsx,
2025-02-01,НБС ENE010100 электроэнергия помесячно,Consum final brut,396890.8,МВт·ч,ENE010100_20260809-013935 (2).xlsx,
2025-03-01,НБС ENE010100 электроэнергия помесячно,Consum final brut,356561.0,МВт·ч,ENE010100_20260809-013935 (2).xlsx,
2025-04-01,НБС ENE010100 электроэнергия помесячно,Consum final brut,298170.1,МВт·ч,ENE010100_20260809-013935 (2).xlsx,
2025-05-01,НБС ENE010100 электроэнергия помесячно,Consum final brut,282672.1,МВт·ч,ENE010100_20260809-013935 (2).xlsx,
2025-06-01,НБС ENE010100 электроэнергия помесячно,Consum final brut,254467.4,МВт·ч,ENE010100_20260809-013935 (2).xlsx,
2025-07-01,НБС ENE010100 электроэнергия помесячно,Consum final brut,306342.5,МВт·ч,ENE010100_20260809-013935 (2).xlsx,
2025-08-01,НБС ENE010100 электроэнергия помесячно,Consum final brut,285301.2,МВт·ч,ENE010100_20260809-013935 (2).xlsx,
2025-09-01,НБС ENE010100 электроэнергия помесячно,Consum final brut,274671.6,МВт·ч,ENE010100_20260809-013935 (2).xlsx,
2025-10-01,НБС ENE010100 электроэнергия помесячно,Consum final brut,375041.6,МВт·ч,ENE010100_20260809-013935 (2).xlsx,
2025-11-01,НБС ENE010100 электроэнергия помесячно,Consum final brut,407804.9,МВт·ч,ENE010100_20260809-013935 (2).xlsx,
2025-12-01,НБС ENE010100 электроэнергия помесячно,Consum final brut,458517.2,МВт·ч,ENE010100_20260809-013935 (2).xlsx,
2026-01-01,НБС ENE010100 электроэнергия помесячно,Consum final brut,496181.1,МВт·ч,ENE010100_20260809-013935 (2).xlsx,
2026-02-01,НБС ENE010100 электроэнергия помесячно,Consum final brut,435667.5,МВт·ч,ENE010100_20260809-013935 (2).xlsx,
2026-03-01,НБС ENE010100 электроэнергия помесячно,Consum final brut,325587.2,МВт·ч,ENE010100_20260809-013935 (2).xlsx,
2026-04-01,НБС ENE010100 электроэнергия помесячно,Consum final brut,284652.1,МВт·ч,ENE010100_20260809-013935 (2).xlsx,
2026-05-01,НБС ENE010100 электроэнергия помесячно,Consum final brut,236484.5,МВт·ч,ENE010100_20260809-013935 (2).xlsx,
2026-06-01,НБС ENE010100 электроэнергия помесячно,Consum final brut,308995.2,МВт·ч,ENE010100_20260809-013935 (2).xlsx,
2015-01-01,НБС ENE010100 электроэнергия помесячно,din care: consumat în sectorul rezidential,175781.0,МВт·ч,ENE010100_20260809-013935 (2).xlsx,
2015-02-01,НБС ENE010100 электроэнергия помесячно,din care: consumat în sectorul rezidential,145503.0,МВт·ч,ENE010100_20260809-013935 (2).xlsx,
2015-03-01,НБС ENE010100 электроэнергия помесячно,din care: consumat în sectorul rezidential,144522.0,МВт·ч,ENE010100_20260809-013935 (2).xlsx,
2015-04-01,НБС ENE010100 электроэнергия помесячно,din care: consumat în sectorul rezidential,139196.0,МВт·ч,ENE010100_20260809-013935 (2).xlsx,
2015-05-01,НБС ENE010100 электроэнергия помесячно,din care: consumat în sectorul rezidential,131115.0,МВт·ч,ENE010100_20260809-013935 (2).xlsx,
2015-06-01,НБС ENE010100 электроэнергия помесячно,din care: consumat în sectorul rezidential,114167.0,МВт·ч,ENE010100_20260809-013935 (2).xlsx,
2015-07-01,НБС ENE010100 электроэнергия помесячно,din care: consumat în sectorul rezidential,121252.0,МВт·ч,ENE010100_20260809-013935 (2).xlsx,
2015-08-01,НБС ENE010100 электроэнергия помесячно,din care: consumat în sectorul rezidential,150033.0,МВт·ч,ENE010100_20260809-013935 (2).xlsx,
2015-09-01,НБС ENE010100 электроэнергия помесячно,din care: consumat în sectorul rezidential,139088.0,МВт·ч,ENE010100_20260809-013935 (2).xlsx,
2015-10-01,НБС ENE010100 электроэнергия помесячно,din care: consumat în sectorul rezidential,132200.0,МВт·ч,ENE010100_20260809-013935 (2).xlsx,
2015-11-01,НБС ENE010100 электроэнергия помесячно,din care: consumat în sectorul rezidential,141181.0,МВт·ч,ENE010100_20260809-013935 (2).xlsx,
2015-12-01,НБС ENE010100 электроэнергия помесячно,din care: consumat în sectorul rezidential,136391.0,МВт·ч,ENE010100_20260809-013935 (2).xlsx,
2016-01-01,НБС ENE010100 электроэнергия помесячно,din care: consumat în sectorul rezidential,169643.9,МВт·ч,ENE010100_20260809-013935 (2).xlsx,
2016-02-01,НБС ENE010100 электроэнергия помесячно,din care: consumat în sectorul rezidential,140184.0,МВт·ч,ENE010100_20260809-013935 (2).xlsx,
2016-03-01,НБС ENE010100 электроэнергия помесячно,din care: consumat în sectorul rezidential,139783.0,МВт·ч,ENE010100_20260809-013935 (2).xlsx,
2016-04-01,НБС ENE010100 электроэнергия помесячно,din care: consumat în sectorul rezidential,126768.8,МВт·ч,ENE010100_20260809-013935 (2).xlsx,
2016-05-01,НБС ENE010100 электроэнергия помесячно,din care: consumat în sectorul rezidential,130216.2,МВт·ч,ENE010100_20260809-013935 (2).xlsx,
2016-06-01,НБС ENE010100 электроэнергия помесячно,din care: consumat în sectorul rezidential,120989.7,МВт·ч,ENE010100_20260809-013935 (2).xlsx,
2016-07-01,НБС ENE010100 электроэнергия помесячно,din care: consumat în sectorul rezidential,122976.0,МВт·ч,ENE010100_20260809-013935 (2).xlsx,
2016-08-01,НБС ENE010100 электроэнергия помесячно,din care: consumat în sectorul rezidential,125386.0,МВт·ч,ENE010100_20260809-013935 (2).xlsx,
2016-09-01,НБС ENE010100 электроэнергия помесячно,din care: consumat în sectorul rezidential,133283.8,МВт·ч,ENE010100_20260809-013935 (2).xlsx,
2016-10-01,НБС ENE010100 электроэнергия помесячно,din care: consumat în sectorul rezidential,132242.3,МВт·ч,ENE010100_20260809-013935 (2).xlsx,
2016-11-01,НБС ENE010100 электроэнергия помесячно,din care: consumat în sectorul rezidential,145461.3,МВт·ч,ENE010100_20260809-013935 (2).xlsx,
2016-12-01,НБС ENE010100 электроэнергия помесячно,din care: consumat în sectorul rezidential,146850.4,МВт·ч,ENE010100_20260809-013935 (2).xlsx,
2017-01-01,НБС ENE010100 электроэнергия помесячно,din care: consumat în sectorul rezidential,166092.8,МВт·ч,ENE010100_20260809-013935 (2).xlsx,
2017-02-01,НБС ENE010100 электроэнергия помесячно,din care: consumat în sectorul rezidential,147031.2,МВт·ч,ENE010100_20260809-013935 (2).xlsx,
2017-03-01,НБС ENE010100 электроэнергия помесячно,din care: consumat în sectorul rezidential,142911.1,МВт·ч,ENE010100_20260809-013935 (2).xlsx,
2017-04-01,НБС ENE010100 электроэнергия помесячно,din care: consumat în sectorul rezidential,125636.0,МВт·ч,ENE010100_20260809-013935 (2).xlsx,
2017-05-01,НБС ENE010100 электроэнергия помесячно,din care: consumat în sectorul rezidential,137763.5,МВт·ч,ENE010100_20260809-013935 (2).xlsx,
2017-06-01,НБС ENE010100 электроэнергия помесячно,din care: consumat în sectorul rezidential,121819.8,МВт·ч,ENE010100_20260809-013935 (2).xlsx,
2017-07-01,НБС ENE010100 электроэнергия помесячно,din care: consumat în sectorul rezidential,119316.4,МВт·ч,ENE010100_20260809-013935 (2).xlsx,
2017-08-01,НБС ENE010100 электроэнергия помесячно,din care: consumat în sectorul rezidential,128881.3,МВт·ч,ENE010100_20260809-013935 (2).xlsx,
2017-09-01,НБС ENE010100 электроэнергия помесячно,din care: consumat în sectorul rezidential,130286.9,МВт·ч,ENE010100_20260809-013935 (2).xlsx,
2017-10-01,НБС ENE010100 электроэнергия помесячно,din care: consumat în sectorul rezidential,129014.9,МВт·ч,ENE010100_20260809-013935 (2).xlsx,
2017-11-01,НБС ENE010100 электроэнергия помесячно,din care: consumat în sectorul rezidential,143030.5,МВт·ч,ENE010100_20260809-013935 (2).xlsx,
2017-12-01,НБС ENE010100 электроэнергия помесячно,din care: consumat în sectorul rezidential,144110.3,МВт·ч,ENE010100_20260809-013935 (2).xlsx,
2018-01-01,НБС ENE010100 электроэнергия помесячно,din care: consumat în sectorul rezidential,163174.0,МВт·ч,ENE010100_20260809-013935 (2).xlsx,
2018-02-01,НБС ENE010100 электроэнергия помесячно,din care: consumat în sectorul rezidential,143337.4,МВт·ч,ENE010100_20260809-013935 (2).xlsx,
2018-03-01,НБС ENE010100 электроэнергия помесячно,din care: consumat în sectorul rezidential,148972.0,МВт·ч,ENE010100_20260809-013935 (2).xlsx,
2018-04-01,НБС ENE010100 электроэнергия помесячно,din care: consumat în sectorul rezidential,129358.9,МВт·ч,ENE010100_20260809-013935 (2).xlsx,
2018-05-01,НБС ENE010100 электроэнергия помесячно,din care: consumat în sectorul rezidential,133346.4,МВт·ч,ENE010100_20260809-013935 (2).xlsx,
2018-06-01,НБС ENE010100 электроэнергия помесячно,din care: consumat în sectorul rezidential,123341.5,МВт·ч,ENE010100_20260809-013935 (2).xlsx,
2018-07-01,НБС ENE010100 электроэнергия помесячно,din care: consumat în sectorul rezidential,120711.0,МВт·ч,ENE010100_20260809-013935 (2).xlsx,
2018-08-01,НБС ENE010100 электроэнергия помесячно,din care: consumat în sectorul rezidential,127389.4,МВт·ч,ENE010100_20260809-013935 (2).xlsx,
2018-09-01,НБС ENE010100 электроэнергия помесячно,din care: consumat în sectorul rezidential,130483.7,МВт·ч,ENE010100_20260809-013935 (2).xlsx,
2018-10-01,НБС ENE010100 электроэнергия помесячно,din care: consumat în sectorul rezidential,130753.0,МВт·ч,ENE010100_20260809-013935 (2).xlsx,
2018-11-01,НБС ENE010100 электроэнергия помесячно,din care: consumat în sectorul rezidential,144528.8,МВт·ч,ENE010100_20260809-013935 (2).xlsx,
2018-12-01,НБС ENE010100 электроэнергия помесячно,din care: consumat în sectorul rezidential,146442.7,МВт·ч,ENE010100_20260809-013935 (2).xlsx,
2019-01-01,НБС ENE010100 электроэнергия помесячно,din care: consumat în sectorul rezidential,172077.3,МВт·ч,ENE010100_20260809-013935 (2).xlsx,
2019-02-01,НБС ENE010100 электроэнергия помесячно,din care: consumat în sectorul rezidential,148250.7,МВт·ч,ENE010100_20260809-013935 (2).xlsx,
2019-03-01,НБС ENE010100 электроэнергия помесячно,din care: consumat în sectorul rezidential,139361.6,МВт·ч,ENE010100_20260809-013935 (2).xlsx,
2019-04-01,НБС ENE010100 электроэнергия помесячно,din care: consumat în sectorul rezidential,134742.4,МВт·ч,ENE010100_20260809-013935 (2).xlsx,
2019-05-01,НБС ENE010100 электроэнергия помесячно,din care: consumat în sectorul rezidential,152761.3,МВт·ч,ENE010100_20260809-013935 (2).xlsx,
2019-06-01,НБС ENE010100 электроэнергия помесячно,din care: consumat în sectorul rezidential,123664.6,МВт·ч,ENE010100_20260809-013935 (2).xlsx,
2019-07-01,НБС ENE010100 электроэнергия помесячно,din care: consumat în sectorul rezidential,127563.4,МВт·ч,ENE010100_20260809-013935 (2).xlsx,
2019-08-01,НБС ENE010100 электроэнергия помесячно,din care: consumat în sectorul rezidential,130499.5,МВт·ч,ENE010100_20260809-013935 (2).xlsx,
2019-09-01,НБС ENE010100 электроэнергия помесячно,din care: consumat în sectorul rezidential,129705.5,МВт·ч,ENE010100_20260809-013935 (2).xlsx,
2019-10-01,НБС ENE010100 электроэнергия помесячно,din care: consumat în sectorul rezidential,129792.0,МВт·ч,ENE010100_20260809-013935 (2).xlsx,
2019-11-01,НБС ENE010100 электроэнергия помесячно,din care: consumat în sectorul rezidential,139073.6,МВт·ч,ENE010100_20260809-013935 (2).xlsx,
2019-12-01,НБС ENE010100 электроэнергия помесячно,din care: consumat în sectorul rezidential,143327.9,МВт·ч,ENE010100_20260809-013935 (2).xlsx,
2020-01-01,НБС ENE010100 электроэнергия помесячно,din care: consumat în sectorul rezidential,175413.7,МВт·ч,ENE010100_20260809-013935 (2).xlsx,
2020-02-01,НБС ENE010100 электроэнергия помесячно,din care: consumat în sectorul rezidential,143245.5,МВт·ч,ENE010100_20260809-013935 (2).xlsx,
2020-03-01,НБС ENE010100 электроэнергия помесячно,din care: consumat în sectorul rezidential,141782.6,МВт·ч,ENE010100_20260809-013935 (2).xlsx,
2020-04-01,НБС ENE010100 электроэнергия помесячно,din care: consumat în sectorul rezidential,138102.0,МВт·ч,ENE010100_20260809-013935 (2).xlsx,
2020-05-01,НБС ENE010100 электроэнергия помесячно,din care: consumat în sectorul rezidential,150033.2,МВт·ч,ENE010100_20260809-013935 (2).xlsx,
2020-06-01,НБС ENE010100 электроэнергия помесячно,din care: consumat în sectorul rezidential,131279.1,МВт·ч,ENE010100_20260809-013935 (2).xlsx,
2020-07-01,НБС ENE010100 электроэнергия помесячно,din care: consumat în sectorul rezidential,135606.7,МВт·ч,ENE010100_20260809-013935 (2).xlsx,
2020-08-01,НБС ENE010100 электроэнергия помесячно,din care: consumat în sectorul rezidential,134929.9,МВт·ч,ENE010100_20260809-013935 (2).xlsx,
2020-09-01,НБС ENE010100 электроэнергия помесячно,din care: consumat în sectorul rezidential,127992.3,МВт·ч,ENE010100_20260809-013935 (2).xlsx,
2020-10-01,НБС ENE010100 электроэнергия помесячно,din care: consumat în sectorul rezidential,133223.3,МВт·ч,ENE010100_20260809-013935 (2).xlsx,
2020-11-01,НБС ENE010100 электроэнергия помесячно,din care: consumat în sectorul rezidential,148189.0,МВт·ч,ENE010100_20260809-013935 (2).xlsx,
2020-12-01,НБС ENE010100 электроэнергия помесячно,din care: consumat în sectorul rezidential,169711.5,МВт·ч,ENE010100_20260809-013935 (2).xlsx,
2021-01-01,НБС ENE010100 электроэнергия помесячно,din care: consumat în sectorul rezidential,182030.2,МВт·ч,ENE010100_20260809-013935 (2).xlsx,
2021-02-01,НБС ENE010100 электроэнергия помесячно,din care: consumat în sectorul rezidential,153888.7,МВт·ч,ENE010100_20260809-013935 (2).xlsx,
2021-03-01,НБС ENE010100 электроэнергия помесячно,din care: consumat în sectorul rezidential,160436.7,МВт·ч,ENE010100_20260809-013935 (2).xlsx,
2021-04-01,НБС ENE010100 электроэнергия помесячно,din care: consumat în sectorul rezidential,154590.5,МВт·ч,ENE010100_20260809-013935 (2).xlsx,
2021-05-01,НБС ENE010100 электроэнергия помесячно,din care: consumat în sectorul rezidential,150496.9,МВт·ч,ENE010100_20260809-013935 (2).xlsx,
2021-06-01,НБС ENE010100 электроэнергия помесячно,din care: consumat în sectorul rezidential,133431.1,МВт·ч,ENE010100_20260809-013935 (2).xlsx,
2021-07-01,НБС ENE010100 электроэнергия помесячно,din care: consumat în sectorul rezidential,139749.5,МВт·ч,ENE010100_20260809-013935 (2).xlsx,
2021-08-01,НБС ENE010100 электроэнергия помесячно,din care: consumat în sectorul rezidential,139783.1,МВт·ч,ENE010100_20260809-013935 (2).xlsx,
2021-09-01,НБС ENE010100 электроэнергия помесячно,din care: consumat în sectorul rezidential,142377.6,МВт·ч,ENE010100_20260809-013935 (2).xlsx,
2021-10-01,НБС ENE010100 электроэнергия помесячно,din care: consumat în sectorul rezidential,149682.7,МВт·ч,ENE010100_20260809-013935 (2).xlsx,
2021-11-01,НБС ENE010100 электроэнергия помесячно,din care: consumat în sectorul rezidential,153890.3,МВт·ч,ENE010100_20260809-013935 (2).xlsx,
2021-12-01,НБС ENE010100 электроэнергия помесячно,din care: consumat în sectorul rezidential,164888.5,МВт·ч,ENE010100_20260809-013935 (2).xlsx,
2022-01-01,НБС ENE010100 электроэнергия помесячно,din care: consumat în sectorul rezidential,183054.0,МВт·ч,ENE010100_20260809-013935 (2).xlsx,
2022-02-01,НБС ENE010100 электроэнергия помесячно,din care: consumat în sectorul rezidential,158264.0,МВт·ч,ENE010100_20260809-013935 (2).xlsx,
2022-03-01,НБС ENE010100 электроэнергия помесячно,din care: consumat în sectorul rezidential,159927.0,МВт·ч,ENE010100_20260809-013935 (2).xlsx,
2022-04-01,НБС ENE010100 электроэнергия помесячно,din care: consumat în sectorul rezidential,147560.0,МВт·ч,ENE010100_20260809-013935 (2).xlsx,
2022-05-01,НБС ENE010100 электроэнергия помесячно,din care: consumat în sectorul rezidential,145802.0,МВт·ч,ENE010100_20260809-013935 (2).xlsx,
2022-06-01,НБС ENE010100 электроэнергия помесячно,din care: consumat în sectorul rezidential,126262.0,МВт·ч,ENE010100_20260809-013935 (2).xlsx,
2022-07-01,НБС ENE010100 электроэнергия помесячно,din care: consumat în sectorul rezidential,131467.0,МВт·ч,ENE010100_20260809-013935 (2).xlsx,
2022-08-01,НБС ENE010100 электроэнергия помесячно,din care: consumat în sectorul rezidential,132023.0,МВт·ч,ENE010100_20260809-013935 (2).xlsx,
2022-09-01,НБС ENE010100 электроэнергия помесячно,din care: consumat în sectorul rezidential,135049.0,МВт·ч,ENE010100_20260809-013935 (2).xlsx,
2022-10-01,НБС ENE010100 электроэнергия помесячно,din care: consumat în sectorul rezidential,133734.0,МВт·ч,ENE010100_20260809-013935 (2).xlsx,
2022-11-01,НБС ENE010100 электроэнергия помесячно,din care: consumat în sectorul rezidential,137233.0,МВт·ч,ENE010100_20260809-013935 (2).xlsx,
2022-12-01,НБС ENE010100 электроэнергия помесячно,din care: consumat în sectorul rezidential,137177.0,МВт·ч,ENE010100_20260809-013935 (2).xlsx,
2023-01-01,НБС ENE010100 электроэнергия помесячно,din care: consumat în sectorul rezidential,160395.0,МВт·ч,ENE010100_20260809-013935 (2).xlsx,
2023-02-01,НБС ENE010100 электроэнергия помесячно,din care: consumat în sectorul rezidential,139446.0,МВт·ч,ENE010100_20260809-013935 (2).xlsx,
2023-03-01,НБС ENE010100 электроэнергия помесячно,din care: consumat în sectorul rezidential,136966.0,МВт·ч,ENE010100_20260809-013935 (2).xlsx,
2023-04-01,НБС ENE010100 электроэнергия помесячно,din care: consumat în sectorul rezidential,136611.0,МВт·ч,ENE010100_20260809-013935 (2).xlsx,
2023-05-01,НБС ENE010100 электроэнергия помесячно,din care: consumat în sectorul rezidential,137268.0,МВт·ч,ENE010100_20260809-013935 (2).xlsx,
2023-06-01,НБС ENE010100 электроэнергия помесячно,din care: consumat în sectorul rezidential,126004.0,МВт·ч,ENE010100_20260809-013935 (2).xlsx,
2023-07-01,НБС ENE010100 электроэнергия помесячно,din care: consumat în sectorul rezidential,125860.0,МВт·ч,ENE010100_20260809-013935 (2).xlsx,
2023-08-01,НБС ENE010100 электроэнергия помесячно,din care: consumat în sectorul rezidential,133777.0,МВт·ч,ENE010100_20260809-013935 (2).xlsx,
2023-09-01,НБС ENE010100 электроэнергия помесячно,din care: consumat în sectorul rezidential,139909.0,МВт·ч,ENE010100_20260809-013935 (2).xlsx,
2023-10-01,НБС ENE010100 электроэнергия помесячно,din care: consumat în sectorul rezidential,126292.0,МВт·ч,ENE010100_20260809-013935 (2).xlsx,
2023-11-01,НБС ENE010100 электроэнергия помесячно,din care: consumat în sectorul rezidential,138959.0,МВт·ч,ENE010100_20260809-013935 (2).xlsx,
2023-12-01,НБС ENE010100 электроэнергия помесячно,din care: consumat în sectorul rezidential,157183.0,МВт·ч,ENE010100_20260809-013935 (2).xlsx,
2024-01-01,НБС ENE010100 электроэнергия помесячно,din care: consumat în sectorul rezidential,176747.0,МВт·ч,ENE010100_20260809-013935 (2).xlsx,
2024-02-01,НБС ENE010100 электроэнергия помесячно,din care: consumat în sectorul rezidential,155513.0,МВт·ч,ENE010100_20260809-013935 (2).xlsx,
2024-03-01,НБС ENE010100 электроэнергия помесячно,din care: consumat în sectorul rezidential,151068.0,МВт·ч,ENE010100_20260809-013935 (2).xlsx,
2024-04-01,НБС ENE010100 электроэнергия помесячно,din care: consumat în sectorul rezidential,136675.0,МВт·ч,ENE010100_20260809-013935 (2).xlsx,
2024-05-01,НБС ENE010100 электроэнергия помесячно,din care: consumat în sectorul rezidential,139908.0,МВт·ч,ENE010100_20260809-013935 (2).xlsx,
2024-06-01,НБС ENE010100 электроэнергия помесячно,din care: consumat în sectorul rezidential,139984.0,МВт·ч,ENE010100_20260809-013935 (2).xlsx,
2024-07-01,НБС ENE010100 электроэнергия помесячно,din care: consumat în sectorul rezidential,143059.0,МВт·ч,ENE010100_20260809-013935 (2).xlsx,
2024-08-01,НБС ENE010100 электроэнергия помесячно,din care: consumat în sectorul rezidential,152231.0,МВт·ч,ENE010100_20260809-013935 (2).xlsx,
2024-09-01,НБС ENE010100 электроэнергия помесячно,din care: consumat în sectorul rezidential,144713.0,МВт·ч,ENE010100_20260809-013935 (2).xlsx,
2024-10-01,НБС ENE010100 электроэнергия помесячно,din care: consumat în sectorul rezidential,141960.0,МВт·ч,ENE010100_20260809-013935 (2).xlsx,
2024-11-01,НБС ENE010100 электроэнергия помесячно,din care: consumat în sectorul rezidential,161428.0,МВт·ч,ENE010100_20260809-013935 (2).xlsx,
2024-12-01,НБС ENE010100 электроэнергия помесячно,din care: consumat în sectorul rezidential,160508.0,МВт·ч,ENE010100_20260809-013935 (2).xlsx,
2025-01-01,НБС ENE010100 электроэнергия помесячно,din care: consumat în sectorul rezidential,194767.0,МВт·ч,ENE010100_20260809-013935 (2).xlsx,
2025-02-01,НБС ENE010100 электроэнергия помесячно,din care: consumat în sectorul rezidential,158330.0,МВт·ч,ENE010100_20260809-013935 (2).xlsx,
2025-03-01,НБС ENE010100 электроэнергия помесячно,din care: consumat în sectorul rezidential,152310.0,МВт·ч,ENE010100_20260809-013935 (2).xlsx,
2025-04-01,НБС ENE010100 электроэнергия помесячно,din care: consumat în sectorul rezidential,150476.0,МВт·ч,ENE010100_20260809-013935 (2).xlsx,
2025-05-01,НБС ENE010100 электроэнергия помесячно,din care: consumat în sectorul rezidential,146716.0,МВт·ч,ENE010100_20260809-013935 (2).xlsx,
2025-06-01,НБС ENE010100 электроэнергия помесячно,din care: consumat în sectorul rezidential,134022.0,МВт·ч,ENE010100_20260809-013935 (2).xlsx,
2025-07-01,НБС ENE010100 электроэнергия помесячно,din care: consumat în sectorul rezidential,140882.0,МВт·ч,ENE010100_20260809-013935 (2).xlsx,
2025-08-01,НБС ENE010100 электроэнергия помесячно,din care: consumat în sectorul rezidential,152137.0,МВт·ч,ENE010100_20260809-013935 (2).xlsx,
2025-09-01,НБС ENE010100 электроэнергия помесячно,din care: consumat în sectorul rezidential,139113.0,МВт·ч,ENE010100_20260809-013935 (2).xlsx,
2025-10-01,НБС ENE010100 электроэнергия помесячно,din care: consumat în sectorul rezidential,154712.0,МВт·ч,ENE010100_20260809-013935 (2).xlsx,
2025-11-01,НБС ENE010100 электроэнергия помесячно,din care: consumat în sectorul rezidential,161282.0,МВт·ч,ENE010100_20260809-013935 (2).xlsx,
2025-12-01,НБС ENE010100 электроэнергия помесячно,din care: consumat în sectorul rezidential,161709.0,МВт·ч,ENE010100_20260809-013935 (2).xlsx,
2026-01-01,НБС ENE010100 электроэнергия помесячно,din care: consumat în sectorul rezidential,204999.0,МВт·ч,ENE010100_20260809-013935 (2).xlsx,
2026-02-01,НБС ENE010100 электроэнергия помесячно,din care: consumat în sectorul rezidential,176030.0,МВт·ч,ENE010100_20260809-013935 (2).xlsx,
2026-03-01,НБС ENE010100 электроэнергия помесячно,din care: consumat în sectorul rezidential,160141.0,МВт·ч,ENE010100_20260809-013935 (2).xlsx,
2026-04-01,НБС ENE010100 электроэнергия помесячно,din care: consumat în sectorul rezidential,159681.0,МВт·ч,ENE010100_20260809-013935 (2).xlsx,
2026-05-01,НБС ENE010100 электроэнергия помесячно,din care: consumat în sectorul rezidential,153634.0,МВт·ч,ENE010100_20260809-013935 (2).xlsx,
2026-06-01,НБС ENE010100 электроэнергия помесячно,din care: consumat în sectorul rezidential,134408.0,МВт·ч,ENE010100_20260809-013935 (2).xlsx,
