дата,ряд,показатель,значение,единица,источник_файл,флаг
2010-01-01,НБС ENE020300 энергобаланс,Productia primara | Total,21911.0,ТДж,ENE020300_20260809-014024.xlsx,
2010-01-01,НБС ENE020300 энергобаланс,Productia primara | Gaz natural,3.0,ТДж,ENE020300_20260809-014024.xlsx,
2010-01-01,НБС ENE020300 энергобаланс,Productia primara | Produse petroliere,465.0,ТДж,ENE020300_20260809-014024.xlsx,
2010-01-01,НБС ENE020300 энергобаланс,Productia primara | Biocombustibili si deseuri,21158.0,ТДж,ENE020300_20260809-014024.xlsx,
2010-01-01,НБС ENE020300 энергобаланс,Productia primara | Energie electrica,285.0,ТДж,ENE020300_20260809-014024.xlsx,
2011-01-01,НБС ENE020300 энергобаланс,Productia primara | Total,23274.0,ТДж,ENE020300_20260809-014024.xlsx,
2011-01-01,НБС ENE020300 энергобаланс,Productia primara | Gaz natural,2.0,ТДж,ENE020300_20260809-014024.xlsx,
2011-01-01,НБС ENE020300 энергобаланс,Productia primara | Produse petroliere,526.0,ТДж,ENE020300_20260809-014024.xlsx,
2011-01-01,НБС ENE020300 энергобаланс,Productia primara | Biocombustibili si deseuri,22471.0,ТДж,ENE020300_20260809-014024.xlsx,
2011-01-01,НБС ENE020300 энергобаланс,Productia primara | Energie electrica,275.0,ТДж,ENE020300_20260809-014024.xlsx,
2012-01-01,НБС ENE020300 энергобаланс,Productia primara | Total,24884.0,ТДж,ENE020300_20260809-014024.xlsx,
2012-01-01,НБС ENE020300 энергобаланс,Productia primara | Gaz natural,4.0,ТДж,ENE020300_20260809-014024.xlsx,
2012-01-01,НБС ENE020300 энергобаланс,Productia primara | Produse petroliere,473.0,ТДж,ENE020300_20260809-014024.xlsx,
2012-01-01,НБС ENE020300 энергобаланс,Productia primara | Biocombustibili si deseuri,24285.0,ТДж,ENE020300_20260809-014024.xlsx,
2012-01-01,НБС ENE020300 энергобаланс,Productia primara | Energie electrica,122.0,ТДж,ENE020300_20260809-014024.xlsx,
2013-01-01,НБС ENE020300 энергобаланс,Productia primara | Total,25085.0,ТДж,ENE020300_20260809-014024.xlsx,
2013-01-01,НБС ENE020300 энергобаланс,Productia primara | Gaz natural,4.0,ТДж,ENE020300_20260809-014024.xlsx,
2013-01-01,НБС ENE020300 энергобаланс,Productia primara | Produse petroliere,404.0,ТДж,ENE020300_20260809-014024.xlsx,
2013-01-01,НБС ENE020300 энергобаланс,Productia primara | Biocombustibili si deseuri,24509.0,ТДж,ENE020300_20260809-014024.xlsx,
2013-01-01,НБС ENE020300 энергобаланс,Productia primara | Energie electrica,168.0,ТДж,ENE020300_20260809-014024.xlsx,
2014-01-01,НБС ENE020300 энергобаланс,Productia primara | Total,27444.0,ТДж,ENE020300_20260809-014024.xlsx,
2014-01-01,НБС ENE020300 энергобаланс,Productia primara | Gaz natural,3.0,ТДж,ENE020300_20260809-014024.xlsx,
2014-01-01,НБС ENE020300 энергобаланс,Productia primara | Produse petroliere,341.0,ТДж,ENE020300_20260809-014024.xlsx,
2014-01-01,НБС ENE020300 энергобаланс,Productia primara | Biocombustibili si deseuri,26879.0,ТДж,ENE020300_20260809-014024.xlsx,
2014-01-01,НБС ENE020300 энергобаланс,Productia primara | Energie electrica,221.0,ТДж,ENE020300_20260809-014024.xlsx,
2015-01-01,НБС ENE020300 энергобаланс,Productia primara | Total,27482.0,ТДж,ENE020300_20260809-014024.xlsx,
2015-01-01,НБС ENE020300 энергобаланс,Productia primara | Gaz natural,3.0,ТДж,ENE020300_20260809-014024.xlsx,
2015-01-01,НБС ENE020300 энергобаланс,Productia primara | Produse petroliere,285.0,ТДж,ENE020300_20260809-014024.xlsx,
2015-01-01,НБС ENE020300 энергобаланс,Productia primara | Biocombustibili si deseuri,27001.0,ТДж,ENE020300_20260809-014024.xlsx,
2015-01-01,НБС ENE020300 энергобаланс,Productia primara | Energie electrica,193.0,ТДж,ENE020300_20260809-014024.xlsx,
2016-01-01,НБС ENE020300 энергобаланс,Productia primara | Total,29584.0,ТДж,ENE020300_20260809-014024.xlsx,
2016-01-01,НБС ENE020300 энергобаланс,Productia primara | Gaz natural,4.0,ТДж,ENE020300_20260809-014024.xlsx,
2016-01-01,НБС ENE020300 энергобаланс,Productia primara | Produse petroliere,273.0,ТДж,ENE020300_20260809-014024.xlsx,
2016-01-01,НБС ENE020300 энергобаланс,Productia primara | Biocombustibili si deseuri,29149.0,ТДж,ENE020300_20260809-014024.xlsx,
2016-01-01,НБС ENE020300 энергобаланс,Productia primara | Energie electrica,158.0,ТДж,ENE020300_20260809-014024.xlsx,
2017-01-01,НБС ENE020300 энергобаланс,Productia primara | Total,32315.0,ТДж,ENE020300_20260809-014024.xlsx,
2017-01-01,НБС ENE020300 энергобаланс,Productia primara | Gaz natural,4.0,ТДж,ENE020300_20260809-014024.xlsx,
2017-01-01,НБС ENE020300 энергобаланс,Productia primara | Produse petroliere,222.0,ТДж,ENE020300_20260809-014024.xlsx,
2017-01-01,НБС ENE020300 энергобаланс,Productia primara | Biocombustibili si deseuri,31885.0,ТДж,ENE020300_20260809-014024.xlsx,
2017-01-01,НБС ENE020300 энергобаланс,Productia primara | Energie electrica,204.0,ТДж,ENE020300_20260809-014024.xlsx,
2018-01-01,НБС ENE020300 энергобаланс,Productia primara | Total,33409.0,ТДж,ENE020300_20260809-014024.xlsx,
2018-01-01,НБС ENE020300 энергобаланс,Productia primara | Gaz natural,4.0,ТДж,ENE020300_20260809-014024.xlsx,
2018-01-01,НБС ENE020300 энергобаланс,Productia primara | Produse petroliere,218.0,ТДж,ENE020300_20260809-014024.xlsx,
2018-01-01,НБС ENE020300 энергобаланс,Productia primara | Biocombustibili si deseuri,32934.0,ТДж,ENE020300_20260809-014024.xlsx,
2018-01-01,НБС ENE020300 энергобаланс,Productia primara | Energie electrica,253.0,ТДж,ENE020300_20260809-014024.xlsx,
2019-01-01,НБС ENE020300 энергобаланс,Productia primara | Total,27954.0,ТДж,ENE020300_20260809-014024.xlsx,
2019-01-01,НБС ENE020300 энергобаланс,Productia primara | Gaz natural,3.0,ТДж,ENE020300_20260809-014024.xlsx,
2019-01-01,НБС ENE020300 энергобаланс,Productia primara | Produse petroliere,203.0,ТДж,ENE020300_20260809-014024.xlsx,
2019-01-01,НБС ENE020300 энергобаланс,Productia primara | Biocombustibili si deseuri,27346.0,ТДж,ENE020300_20260809-014024.xlsx,
2019-01-01,НБС ENE020300 энергобаланс,Productia primara | Energie electrica,402.0,ТДж,ENE020300_20260809-014024.xlsx,
2020-01-01,НБС ENE020300 энергобаланс,Productia primara | Total,28541.0,ТДж,ENE020300_20260809-014024.xlsx,
2020-01-01,НБС ENE020300 энергобаланс,Productia primara | Gaz natural,0.0,ТДж,ENE020300_20260809-014024.xlsx,
2020-01-01,НБС ENE020300 энергобаланс,Productia primara | Produse petroliere,227.0,ТДж,ENE020300_20260809-014024.xlsx,
2020-01-01,НБС ENE020300 энергобаланс,Productia primara | Biocombustibili si deseuri,27946.0,ТДж,ENE020300_20260809-014024.xlsx,
2020-01-01,НБС ENE020300 энергобаланс,Productia primara | Energie electrica,368.0,ТДж,ENE020300_20260809-014024.xlsx,
2021-01-01,НБС ENE020300 энергобаланс,Productia primara | Total,31888.0,ТДж,ENE020300_20260809-014024.xlsx,
2021-01-01,НБС ENE020300 энергобаланс,Productia primara | Gaz natural,2.0,ТДж,ENE020300_20260809-014024.xlsx,
2021-01-01,НБС ENE020300 энергобаланс,Productia primara | Produse petroliere,208.0,ТДж,ENE020300_20260809-014024.xlsx,
2021-01-01,НБС ENE020300 энергобаланс,Productia primara | Biocombustibili si deseuri,31120.0,ТДж,ENE020300_20260809-014024.xlsx,
2021-01-01,НБС ENE020300 энергобаланс,Productia primara | Energie electrica,558.0,ТДж,ENE020300_20260809-014024.xlsx,
2022-01-01,НБС ENE020300 энергобаланс,Productia primara | Total,21989.0,ТДж,ENE020300_20260809-014024.xlsx,
2022-01-01,НБС ENE020300 энергобаланс,Productia primara | Gaz natural,3.0,ТДж,ENE020300_20260809-014024.xlsx,
2022-01-01,НБС ENE020300 энергобаланс,Productia primara | Produse petroliere,199.0,ТДж,ENE020300_20260809-014024.xlsx,
2022-01-01,НБС ENE020300 энергобаланс,Productia primara | Biocombustibili si deseuri,20943.0,ТДж,ENE020300_20260809-014024.xlsx,
2022-01-01,НБС ENE020300 энергобаланс,Productia primara | Energie electrica,844.0,ТДж,ENE020300_20260809-014024.xlsx,
2023-01-01,НБС ENE020300 энергобаланс,Productia primara | Total,24518.0,ТДж,ENE020300_20260809-014024.xlsx,
2023-01-01,НБС ENE020300 энергобаланс,Productia primara | Gaz natural,3.0,ТДж,ENE020300_20260809-014024.xlsx,
2023-01-01,НБС ENE020300 энергобаланс,Productia primara | Produse petroliere,185.0,ТДж,ENE020300_20260809-014024.xlsx,
2023-01-01,НБС ENE020300 энергобаланс,Productia primara | Biocombustibili si deseuri,22800.0,ТДж,ENE020300_20260809-014024.xlsx,
2023-01-01,НБС ENE020300 энергобаланс,Productia primara | Energie electrica,1529.0,ТДж,ENE020300_20260809-014024.xlsx,
2024-01-01,НБС ENE020300 энергобаланс,Productia primara | Total,23350.0,ТДж,ENE020300_20260809-014024.xlsx,
2024-01-01,НБС ENE020300 энергобаланс,Productia primara | Gaz natural,3.0,ТДж,ENE020300_20260809-014024.xlsx,
2024-01-01,НБС ENE020300 энергобаланс,Productia primara | Produse petroliere,96.0,ТДж,ENE020300_20260809-014024.xlsx,
2024-01-01,НБС ENE020300 энергобаланс,Productia primara | Biocombustibili si deseuri,20906.0,ТДж,ENE020300_20260809-014024.xlsx,
2024-01-01,НБС ENE020300 энергобаланс,Productia primara | Energie electrica,2345.0,ТДж,ENE020300_20260809-014024.xlsx,
2010-01-01,НБС ENE020300 энергобаланс,Intrari din alte surse | Total,10827.0,ТДж,ENE020300_20260809-014024.xlsx,
2010-01-01,НБС ENE020300 энергобаланс,Intrari din alte surse | Energie electrica,10827.0,ТДж,ENE020300_20260809-014024.xlsx,
2011-01-01,НБС ENE020300 энергобаланс,Intrari din alte surse | Total,8923.0,ТДж,ENE020300_20260809-014024.xlsx,
2011-01-01,НБС ENE020300 энергобаланс,Intrari din alte surse | Energie electrica,8923.0,ТДж,ENE020300_20260809-014024.xlsx,
2012-01-01,НБС ENE020300 энергобаланс,Intrari din alte surse | Total,8755.0,ТДж,ENE020300_20260809-014024.xlsx,
2012-01-01,НБС ENE020300 энергобаланс,Intrari din alte surse | Energie electrica,8755.0,ТДж,ENE020300_20260809-014024.xlsx,
2013-01-01,НБС ENE020300 энергобаланс,Intrari din alte surse | Total,6748.0,ТДж,ENE020300_20260809-014024.xlsx,
2013-01-01,НБС ENE020300 энергобаланс,Intrari din alte surse | Energie electrica,6748.0,ТДж,ENE020300_20260809-014024.xlsx,
2014-01-01,НБС ENE020300 энергобаланс,Intrari din alte surse | Total,9396.0,ТДж,ENE020300_20260809-014024.xlsx,
2014-01-01,НБС ENE020300 энергобаланс,Intrari din alte surse | Gaz natural,0.0,ТДж,ENE020300_20260809-014024.xlsx,
2014-01-01,НБС ENE020300 энергобаланс,Intrari din alte surse | Energie electrica,9396.0,ТДж,ENE020300_20260809-014024.xlsx,
2015-01-01,НБС ENE020300 энергобаланс,Intrari din alte surse | Total,11879.0,ТДж,ENE020300_20260809-014024.xlsx,
2015-01-01,НБС ENE020300 энергобаланс,Intrari din alte surse | Energie electrica,11879.0,ТДж,ENE020300_20260809-014024.xlsx,
2016-01-01,НБС ENE020300 энергобаланс,Intrari din alte surse | Total,11967.0,ТДж,ENE020300_20260809-014024.xlsx,
2016-01-01,НБС ENE020300 энергобаланс,Intrari din alte surse | Energie electrica,11967.0,ТДж,ENE020300_20260809-014024.xlsx,
2017-01-01,НБС ENE020300 энергобаланс,Intrari din alte surse | Total,8208.0,ТДж,ENE020300_20260809-014024.xlsx,
2017-01-01,НБС ENE020300 энергобаланс,Intrari din alte surse | Energie electrica,8208.0,ТДж,ENE020300_20260809-014024.xlsx,
2018-01-01,НБС ENE020300 энергобаланс,Intrari din alte surse | Total,9166.0,ТДж,ENE020300_20260809-014024.xlsx,
2018-01-01,НБС ENE020300 энергобаланс,Intrari din alte surse | Energie electrica,9166.0,ТДж,ENE020300_20260809-014024.xlsx,
2019-01-01,НБС ENE020300 энергобаланс,Intrari din alte surse | Total,10293.0,ТДж,ENE020300_20260809-014024.xlsx,
2019-01-01,НБС ENE020300 энергобаланс,Intrari din alte surse | Energie electrica,10293.0,ТДж,ENE020300_20260809-014024.xlsx,
2020-01-01,НБС ENE020300 энергобаланс,Intrari din alte surse | Total,11714.0,ТДж,ENE020300_20260809-014024.xlsx,
2020-01-01,НБС ENE020300 энергобаланс,Intrari din alte surse | Energie electrica,11714.0,ТДж,ENE020300_20260809-014024.xlsx,
2021-01-01,НБС ENE020300 энергобаланс,Intrari din alte surse | Total,12414.0,ТДж,ENE020300_20260809-014024.xlsx,
2021-01-01,НБС ENE020300 энергобаланс,Intrari din alte surse | Energie electrica,12414.0,ТДж,ENE020300_20260809-014024.xlsx,
2022-01-01,НБС ENE020300 энергобаланс,Intrari din alte surse | Total,9738.0,ТДж,ENE020300_20260809-014024.xlsx,
2022-01-01,НБС ENE020300 энергобаланс,Intrari din alte surse | Energie electrica,9738.0,ТДж,ENE020300_20260809-014024.xlsx,
2023-01-01,НБС ENE020300 энергобаланс,Intrari din alte surse | Total,11812.0,ТДж,ENE020300_20260809-014024.xlsx,
2023-01-01,НБС ENE020300 энергобаланс,Intrari din alte surse | Energie electrica,11812.0,ТДж,ENE020300_20260809-014024.xlsx,
2024-01-01,НБС ENE020300 энергобаланс,Intrari din alte surse | Total,11145.0,ТДж,ENE020300_20260809-014024.xlsx,
2024-01-01,НБС ENE020300 энергобаланс,Intrari din alte surse | Energie electrica,11145.0,ТДж,ENE020300_20260809-014024.xlsx,
2010-01-01,НБС ENE020300 энергобаланс,Import | Total,76062.0,ТДж,ENE020300_20260809-014024.xlsx,
2010-01-01,НБС ENE020300 энергобаланс,Import | Carbune,4709.0,ТДж,ENE020300_20260809-014024.xlsx,
2010-01-01,НБС ENE020300 энергобаланс,Import | Gaz natural,40218.0,ТДж,ENE020300_20260809-014024.xlsx,
2010-01-01,НБС ENE020300 энергобаланс,Import | Produse petroliere,31029.0,ТДж,ENE020300_20260809-014024.xlsx,
2010-01-01,НБС ENE020300 энергобаланс,Import | Biocombustibili si deseuri,16.0,ТДж,ENE020300_20260809-014024.xlsx,
2010-01-01,НБС ENE020300 энергобаланс,Import | Energie electrica,90.0,ТДж,ENE020300_20260809-014024.xlsx,
2011-01-01,НБС ENE020300 энергобаланс,Import | Total,81292.0,ТДж,ENE020300_20260809-014024.xlsx,
2011-01-01,НБС ENE020300 энергобаланс,Import | Carbune,5252.0,ТДж,ENE020300_20260809-014024.xlsx,
2011-01-01,НБС ENE020300 энергобаланс,Import | Gaz natural,39011.0,ТДж,ENE020300_20260809-014024.xlsx,
2011-01-01,НБС ENE020300 энергобаланс,Import | Produse petroliere,34618.0,ТДж,ENE020300_20260809-014024.xlsx,
2011-01-01,НБС ENE020300 энергобаланс,Import | Biocombustibili si deseuri,13.0,ТДж,ENE020300_20260809-014024.xlsx,
2011-01-01,НБС ENE020300 энергобаланс,Import | Energie electrica,2398.0,ТДж,ENE020300_20260809-014024.xlsx,
2012-01-01,НБС ENE020300 энергобаланс,Import | Total,76881.0,ТДж,ENE020300_20260809-014024.xlsx,
2012-01-01,НБС ENE020300 энергобаланс,Import | Carbune,4745.0,ТДж,ENE020300_20260809-014024.xlsx,
2012-01-01,НБС ENE020300 энергобаланс,Import | Gaz natural,37091.0,ТДж,ENE020300_20260809-014024.xlsx,
2012-01-01,НБС ENE020300 энергобаланс,Import | Produse petroliere,31984.0,ТДж,ENE020300_20260809-014024.xlsx,
2012-01-01,НБС ENE020300 энергобаланс,Import | Biocombustibili si deseuri,14.0,ТДж,ENE020300_20260809-014024.xlsx,
2012-01-01,НБС ENE020300 энергобаланс,Import | Energie electrica,3047.0,ТДж,ENE020300_20260809-014024.xlsx,
2013-01-01,НБС ENE020300 энергобаланс,Import | Total,80605.0,ТДж,ENE020300_20260809-014024.xlsx,
2013-01-01,НБС ENE020300 энергобаланс,Import | Carbune,6486.0,ТДж,ENE020300_20260809-014024.xlsx,
2013-01-01,НБС ENE020300 энергобаланс,Import | Gaz natural,34921.0,ТДж,ENE020300_20260809-014024.xlsx,
2013-01-01,НБС ENE020300 энергобаланс,Import | Produse petroliere,33938.0,ТДж,ENE020300_20260809-014024.xlsx,
2013-01-01,НБС ENE020300 энергобаланс,Import | Biocombustibili si deseuri,15.0,ТДж,ENE020300_20260809-014024.xlsx,
2013-01-01,НБС ENE020300 энергобаланс,Import | Energie electrica,5245.0,ТДж,ENE020300_20260809-014024.xlsx,
2014-01-01,НБС ENE020300 энергобаланс,Import | Total,75622.0,ТДж,ENE020300_20260809-014024.xlsx,
2014-01-01,НБС ENE020300 энергобаланс,Import | Carbune,3714.0,ТДж,ENE020300_20260809-014024.xlsx,
2014-01-01,НБС ENE020300 энергобаланс,Import | Gaz natural,35655.0,ТДж,ENE020300_20260809-014024.xlsx,
2014-01-01,НБС ENE020300 энергобаланс,Import | Produse petroliere,33571.0,ТДж,ENE020300_20260809-014024.xlsx,
2014-01-01,НБС ENE020300 энергобаланс,Import | Biocombustibili si deseuri,49.0,ТДж,ENE020300_20260809-014024.xlsx,
2014-01-01,НБС ENE020300 энергобаланс,Import | Energie electrica,2633.0,ТДж,ENE020300_20260809-014024.xlsx,
2015-01-01,НБС ENE020300 энергобаланс,Import | Total,74076.0,ТДж,ENE020300_20260809-014024.xlsx,
2015-01-01,НБС ENE020300 энергобаланс,Import | Carbune,4114.0,ТДж,ENE020300_20260809-014024.xlsx,
2015-01-01,НБС ENE020300 энергобаланс,Import | Gaz natural,34146.0,ТДж,ENE020300_20260809-014024.xlsx,
2015-01-01,НБС ENE020300 энергобаланс,Import | Produse petroliere,35712.0,ТДж,ENE020300_20260809-014024.xlsx,
2015-01-01,НБС ENE020300 энергобаланс,Import | Biocombustibili si deseuri,42.0,ТДж,ENE020300_20260809-014024.xlsx,
2015-01-01,НБС ENE020300 энергобаланс,Import | Energie electrica,62.0,ТДж,ENE020300_20260809-014024.xlsx,
2016-01-01,НБС ENE020300 энергобаланс,Import | Total,76320.0,ТДж,ENE020300_20260809-014024.xlsx,
2016-01-01,НБС ENE020300 энергобаланс,Import | Carbune,2519.0,ТДж,ENE020300_20260809-014024.xlsx,
2016-01-01,НБС ENE020300 энергобаланс,Import | Gaz natural,35159.0,ТДж,ENE020300_20260809-014024.xlsx,
2016-01-01,НБС ENE020300 энергобаланс,Import | Produse petroliere,38623.0,ТДж,ENE020300_20260809-014024.xlsx,
2016-01-01,НБС ENE020300 энергобаланс,Import | Biocombustibili si deseuri,6.0,ТДж,ENE020300_20260809-014024.xlsx,
2016-01-01,НБС ENE020300 энергобаланс,Import | Energie electrica,13.0,ТДж,ENE020300_20260809-014024.xlsx,
2017-01-01,НБС ENE020300 энергобаланс,Import | Total,84351.0,ТДж,ENE020300_20260809-014024.xlsx,
2017-01-01,НБС ENE020300 энергобаланс,Import | Carbune,5017.0,ТДж,ENE020300_20260809-014024.xlsx,
2017-01-01,НБС ENE020300 энергобаланс,Import | Gaz natural,35006.0,ТДж,ENE020300_20260809-014024.xlsx,
2017-01-01,НБС ENE020300 энергобаланс,Import | Produse petroliere,40157.0,ТДж,ENE020300_20260809-014024.xlsx,
2017-01-01,НБС ENE020300 энергобаланс,Import | Biocombustibili si deseuri,85.0,ТДж,ENE020300_20260809-014024.xlsx,
2017-01-01,НБС ENE020300 энергобаланс,Import | Energie electrica,4086.0,ТДж,ENE020300_20260809-014024.xlsx,
2018-01-01,НБС ENE020300 энергобаланс,Import | Total,88433.0,ТДж,ENE020300_20260809-014024.xlsx,
2018-01-01,НБС ENE020300 энергобаланс,Import | Carbune,3579.0,ТДж,ENE020300_20260809-014024.xlsx,
2018-01-01,НБС ENE020300 энергобаланс,Import | Gaz natural,38250.0,ТДж,ENE020300_20260809-014024.xlsx,
2018-01-01,НБС ENE020300 энергобаланс,Import | Produse petroliere,43074.0,ТДж,ENE020300_20260809-014024.xlsx,
2018-01-01,НБС ENE020300 энергобаланс,Import | Biocombustibili si deseuri,86.0,ТДж,ENE020300_20260809-014024.xlsx,
2018-01-01,НБС ENE020300 энергобаланс,Import | Energie electrica,3444.0,ТДж,ENE020300_20260809-014024.xlsx,
2019-01-01,НБС ENE020300 энергобаланс,Import | Total,85164.0,ТДж,ENE020300_20260809-014024.xlsx,
2019-01-01,НБС ENE020300 энергобаланс,Import | Carbune,3850.0,ТДж,ENE020300_20260809-014024.xlsx,
2019-01-01,НБС ENE020300 энергобаланс,Import | Gaz natural,35812.0,ТДж,ENE020300_20260809-014024.xlsx,
2019-01-01,НБС ENE020300 энергобаланс,Import | Produse petroliere,43124.0,ТДж,ENE020300_20260809-014024.xlsx,
2019-01-01,НБС ENE020300 энергобаланс,Import | Biocombustibili si deseuri,57.0,ТДж,ENE020300_20260809-014024.xlsx,
2019-01-01,НБС ENE020300 энергобаланс,Import | Energie electrica,2321.0,ТДж,ENE020300_20260809-014024.xlsx,
2020-01-01,НБС ENE020300 энергобаланс,Import | Total,81093.0,ТДж,ENE020300_20260809-014024.xlsx,
2020-01-01,НБС ENE020300 энергобаланс,Import | Carbune,3356.0,ТДж,ENE020300_20260809-014024.xlsx,
2020-01-01,НБС ENE020300 энергобаланс,Import | Gaz natural,36385.0,ТДж,ENE020300_20260809-014024.xlsx,
2020-01-01,НБС ENE020300 энергобаланс,Import | Produse petroliere,40685.0,ТДж,ENE020300_20260809-014024.xlsx,
2020-01-01,НБС ENE020300 энергобаланс,Import | Biocombustibili si deseuri,65.0,ТДж,ENE020300_20260809-014024.xlsx,
2020-01-01,НБС ENE020300 энергобаланс,Import | Energie electrica,602.0,ТДж,ENE020300_20260809-014024.xlsx,
2021-01-01,НБС ENE020300 энергобаланс,Import | Total,89178.0,ТДж,ENE020300_20260809-014024.xlsx,
2021-01-01,НБС ENE020300 энергобаланс,Import | Carbune,3125.0,ТДж,ENE020300_20260809-014024.xlsx,
2021-01-01,НБС ENE020300 энергобаланс,Import | Gaz natural,41859.0,ТДж,ENE020300_20260809-014024.xlsx,
2021-01-01,НБС ENE020300 энергобаланс,Import | Produse petroliere,43512.0,ТДж,ENE020300_20260809-014024.xlsx,
2021-01-01,НБС ENE020300 энергобаланс,Import | Biocombustibili si deseuri,100.0,ТДж,ENE020300_20260809-014024.xlsx,
2021-01-01,НБС ENE020300 энергобаланс,Import | Energie electrica,582.0,ТДж,ENE020300_20260809-014024.xlsx,
2022-01-01,НБС ENE020300 энергобаланс,Import | Total,93505.0,ТДж,ENE020300_20260809-014024.xlsx,
2022-01-01,НБС ENE020300 энергобаланс,Import | Carbune,3238.0,ТДж,ENE020300_20260809-014024.xlsx,
2022-01-01,НБС ENE020300 энергобаланс,Import | Gaz natural,32647.0,ТДж,ENE020300_20260809-014024.xlsx,
2022-01-01,НБС ENE020300 энергобаланс,Import | Produse petroliere,53716.0,ТДж,ENE020300_20260809-014024.xlsx,
2022-01-01,НБС ENE020300 энергобаланс,Import | Biocombustibili si deseuri,127.0,ТДж,ENE020300_20260809-014024.xlsx,
2022-01-01,НБС ENE020300 энергобаланс,Import | Energie electrica,3777.0,ТДж,ENE020300_20260809-014024.xlsx,
2023-01-01,НБС ENE020300 энергобаланс,Import | Total,76197.0,ТДж,ENE020300_20260809-014024.xlsx,
2023-01-01,НБС ENE020300 энергобаланс,Import | Carbune,2205.0,ТДж,ENE020300_20260809-014024.xlsx,
2023-01-01,НБС ENE020300 энергобаланс,Import | Gaz natural,21646.0,ТДж,ENE020300_20260809-014024.xlsx,
2023-01-01,НБС ENE020300 энергобаланс,Import | Produse petroliere,50670.0,ТДж,ENE020300_20260809-014024.xlsx,
2023-01-01,НБС ENE020300 энергобаланс,Import | Biocombustibili si deseuri,164.0,ТДж,ENE020300_20260809-014024.xlsx,
2023-01-01,НБС ENE020300 энергобаланс,Import | Energie electrica,1512.0,ТДж,ENE020300_20260809-014024.xlsx,
2024-01-01,НБС ENE020300 энергобаланс,Import | Total,82822.0,ТДж,ENE020300_20260809-014024.xlsx,
2024-01-01,НБС ENE020300 энергобаланс,Import | Carbune,2132.0,ТДж,ENE020300_20260809-014024.xlsx,
2024-01-01,НБС ENE020300 энергобаланс,Import | Gaz natural,30754.0,ТДж,ENE020300_20260809-014024.xlsx,
2024-01-01,НБС ENE020300 энергобаланс,Import | Produse petroliere,47057.0,ТДж,ENE020300_20260809-014024.xlsx,
2024-01-01,НБС ENE020300 энергобаланс,Import | Biocombustibili si deseuri,195.0,ТДж,ENE020300_20260809-014024.xlsx,
2024-01-01,НБС ENE020300 энергобаланс,Import | Energie electrica,2684.0,ТДж,ENE020300_20260809-014024.xlsx,
2010-01-01,НБС ENE020300 энергобаланс,Export | Total,581.0,ТДж,ENE020300_20260809-014024.xlsx,
2010-01-01,НБС ENE020300 энергобаланс,Export | Carbune,1.0,ТДж,ENE020300_20260809-014024.xlsx,
2010-01-01,НБС ENE020300 энергобаланс,Export | Produse petroliere,430.0,ТДж,ENE020300_20260809-014024.xlsx,
2010-01-01,НБС ENE020300 энергобаланс,Export | Biocombustibili si deseuri,150.0,ТДж,ENE020300_20260809-014024.xlsx,
2011-01-01,НБС ENE020300 энергобаланс,Export | Total,601.0,ТДж,ENE020300_20260809-014024.xlsx,
2011-01-01,НБС ENE020300 энергобаланс,Export | Produse petroliere,597.0,ТДж,ENE020300_20260809-014024.xlsx,
2011-01-01,НБС ENE020300 энергобаланс,Export | Biocombustibili si deseuri,4.0,ТДж,ENE020300_20260809-014024.xlsx,
2012-01-01,НБС ENE020300 энергобаланс,Export | Total,807.0,ТДж,ENE020300_20260809-014024.xlsx,
2012-01-01,НБС ENE020300 энергобаланс,Export | Produse petroliere,769.0,ТДж,ENE020300_20260809-014024.xlsx,
2012-01-01,НБС ENE020300 энергобаланс,Export | Biocombustibili si deseuri,38.0,ТДж,ENE020300_20260809-014024.xlsx,
2013-01-01,НБС ENE020300 энергобаланс,Export | Total,1410.0,ТДж,ENE020300_20260809-014024.xlsx,
2013-01-01,НБС ENE020300 энергобаланс,Export | Produse petroliere,1378.0,ТДж,ENE020300_20260809-014024.xlsx,
2013-01-01,НБС ENE020300 энергобаланс,Export | Biocombustibili si deseuri,32.0,ТДж,ENE020300_20260809-014024.xlsx,
2014-01-01,НБС ENE020300 энергобаланс,Export | Total,939.0,ТДж,ENE020300_20260809-014024.xlsx,
2014-01-01,НБС ENE020300 энергобаланс,Export | Produse petroliere,785.0,ТДж,ENE020300_20260809-014024.xlsx,
2014-01-01,НБС ENE020300 энергобаланс,Export | Biocombustibili si deseuri,154.0,ТДж,ENE020300_20260809-014024.xlsx,
2015-01-01,НБС ENE020300 энергобаланс,Export | Total,726.0,ТДж,ENE020300_20260809-014024.xlsx,
2015-01-01,НБС ENE020300 энергобаланс,Export | Produse petroliere,627.0,ТДж,ENE020300_20260809-014024.xlsx,
2015-01-01,НБС ENE020300 энергобаланс,Export | Biocombustibili si deseuri,99.0,ТДж,ENE020300_20260809-014024.xlsx,
2016-01-01,НБС ENE020300 энергобаланс,Export | Total,634.0,ТДж,ENE020300_20260809-014024.xlsx,
2016-01-01,НБС ENE020300 энергобаланс,Export | Produse petroliere,629.0,ТДж,ENE020300_20260809-014024.xlsx,
2016-01-01,НБС ENE020300 энергобаланс,Export | Biocombustibili si deseuri,5.0,ТДж,ENE020300_20260809-014024.xlsx,
2016-01-01,НБС ENE020300 энергобаланс,Export | Energie electrica,0.0,ТДж,ENE020300_20260809-014024.xlsx,
2017-01-01,НБС ENE020300 энергобаланс,Export | Total,1403.0,ТДж,ENE020300_20260809-014024.xlsx,
2017-01-01,НБС ENE020300 энергобаланс,Export | Carbune,1.0,ТДж,ENE020300_20260809-014024.xlsx,
2017-01-01,НБС ENE020300 энергобаланс,Export | Produse petroliere,1401.0,ТДж,ENE020300_20260809-014024.xlsx,
2017-01-01,НБС ENE020300 энергобаланс,Export | Biocombustibili si deseuri,1.0,ТДж,ENE020300_20260809-014024.xlsx,
2017-01-01,НБС ENE020300 энергобаланс,Export | Energie electrica,0.0,ТДж,ENE020300_20260809-014024.xlsx,
2018-01-01,НБС ENE020300 энергобаланс,Export | Total,1161.0,ТДж,ENE020300_20260809-014024.xlsx,
2018-01-01,НБС ENE020300 энергобаланс,Export | Produse petroliere,1161.0,ТДж,ENE020300_20260809-014024.xlsx,
2018-01-01,НБС ENE020300 энергобаланс,Export | Energie electrica,0.0,ТДж,ENE020300_20260809-014024.xlsx,
2019-01-01,НБС ENE020300 энергобаланс,Export | Total,413.0,ТДж,ENE020300_20260809-014024.xlsx,
2019-01-01,НБС ENE020300 энергобаланс,Export | Produse petroliere,412.0,ТДж,ENE020300_20260809-014024.xlsx,
2019-01-01,НБС ENE020300 энергобаланс,Export | Biocombustibili si deseuri,1.0,ТДж,ENE020300_20260809-014024.xlsx,
2019-01-01,НБС ENE020300 энергобаланс,Export | Energie electrica,0.0,ТДж,ENE020300_20260809-014024.xlsx,
2020-01-01,НБС ENE020300 энергобаланс,Export | Total,880.0,ТДж,ENE020300_20260809-014024.xlsx,
2020-01-01,НБС ENE020300 энергобаланс,Export | Produse petroliere,826.0,ТДж,ENE020300_20260809-014024.xlsx,
2020-01-01,НБС ENE020300 энергобаланс,Export | Biocombustibili si deseuri,54.0,ТДж,ENE020300_20260809-014024.xlsx,
2020-01-01,НБС ENE020300 энергобаланс,Export | Energie electrica,0.0,ТДж,ENE020300_20260809-014024.xlsx,
2021-01-01,НБС ENE020300 энергобаланс,Export | Total,350.0,ТДж,ENE020300_20260809-014024.xlsx,
2021-01-01,НБС ENE020300 энергобаланс,Export | Produse petroliere,291.0,ТДж,ENE020300_20260809-014024.xlsx,
2021-01-01,НБС ENE020300 энергобаланс,Export | Biocombustibili si deseuri,59.0,ТДж,ENE020300_20260809-014024.xlsx,
2022-01-01,НБС ENE020300 энергобаланс,Export | Total,8188.0,ТДж,ENE020300_20260809-014024.xlsx,
2022-01-01,НБС ENE020300 энергобаланс,Export | Produse petroliere,7747.0,ТДж,ENE020300_20260809-014024.xlsx,
2022-01-01,НБС ENE020300 энергобаланс,Export | Biocombustibili si deseuri,101.0,ТДж,ENE020300_20260809-014024.xlsx,
2022-01-01,НБС ENE020300 энергобаланс,Export | Energie electrica,340.0,ТДж,ENE020300_20260809-014024.xlsx,
2023-01-01,НБС ENE020300 энергобаланс,Export | Total,4281.0,ТДж,ENE020300_20260809-014024.xlsx,
2023-01-01,НБС ENE020300 энергобаланс,Export | Produse petroliere,2834.0,ТДж,ENE020300_20260809-014024.xlsx,
2023-01-01,НБС ENE020300 энергобаланс,Export | Biocombustibili si deseuri,222.0,ТДж,ENE020300_20260809-014024.xlsx,
2023-01-01,НБС ENE020300 энергобаланс,Export | Energie electrica,1225.0,ТДж,ENE020300_20260809-014024.xlsx,
2024-01-01,НБС ENE020300 энергобаланс,Export | Total,2181.0,ТДж,ENE020300_20260809-014024.xlsx,
2024-01-01,НБС ENE020300 энергобаланс,Export | Produse petroliere,415.0,ТДж,ENE020300_20260809-014024.xlsx,
2024-01-01,НБС ENE020300 энергобаланс,Export | Biocombustibili si deseuri,160.0,ТДж,ENE020300_20260809-014024.xlsx,
2024-01-01,НБС ENE020300 энергобаланс,Export | Energie electrica,1606.0,ТДж,ENE020300_20260809-014024.xlsx,
2010-01-01,НБС ENE020300 энергобаланс,Variatia stocurilor | Total,2117.0,ТДж,ENE020300_20260809-014024.xlsx,
2010-01-01,НБС ENE020300 энергобаланс,Variatia stocurilor | Carbune,158.0,ТДж,ENE020300_20260809-014024.xlsx,
2010-01-01,НБС ENE020300 энергобаланс,Variatia stocurilor | Gaz natural,62.0,ТДж,ENE020300_20260809-014024.xlsx,
2010-01-01,НБС ENE020300 энергобаланс,Variatia stocurilor | Produse petroliere,1494.0,ТДж,ENE020300_20260809-014024.xlsx,
2010-01-01,НБС ENE020300 энергобаланс,Variatia stocurilor | Biocombustibili si deseuri,403.0,ТДж,ENE020300_20260809-014024.xlsx,
2011-01-01,НБС ENE020300 энергобаланс,Variatia stocurilor | Total,-592.0,ТДж,ENE020300_20260809-014024.xlsx,
2011-01-01,НБС ENE020300 энергобаланс,Variatia stocurilor | Carbune,-229.0,ТДж,ENE020300_20260809-014024.xlsx,
2011-01-01,НБС ENE020300 энергобаланс,Variatia stocurilor | Gaz natural,-25.0,ТДж,ENE020300_20260809-014024.xlsx,
2011-01-01,НБС ENE020300 энергобаланс,Variatia stocurilor | Produse petroliere,-468.0,ТДж,ENE020300_20260809-014024.xlsx,
2011-01-01,НБС ENE020300 энергобаланс,Variatia stocurilor | Biocombustibili si deseuri,130.0,ТДж,ENE020300_20260809-014024.xlsx,
2012-01-01,НБС ENE020300 энергобаланс,Variatia stocurilor | Total,414.0,ТДж,ENE020300_20260809-014024.xlsx,
2012-01-01,НБС ENE020300 энергобаланс,Variatia stocurilor | Carbune,109.0,ТДж,ENE020300_20260809-014024.xlsx,
2012-01-01,НБС ENE020300 энергобаланс,Variatia stocurilor | Gaz natural,-1.0,ТДж,ENE020300_20260809-014024.xlsx,
2012-01-01,НБС ENE020300 энергобаланс,Variatia stocurilor | Produse petroliere,460.0,ТДж,ENE020300_20260809-014024.xlsx,
2012-01-01,НБС ENE020300 энергобаланс,Variatia stocurilor | Biocombustibili si deseuri,-154.0,ТДж,ENE020300_20260809-014024.xlsx,
2013-01-01,НБС ENE020300 энергобаланс,Variatia stocurilor | Total,-175.0,ТДж,ENE020300_20260809-014024.xlsx,
2013-01-01,НБС ENE020300 энергобаланс,Variatia stocurilor | Carbune,-184.0,ТДж,ENE020300_20260809-014024.xlsx,
2013-01-01,НБС ENE020300 энергобаланс,Variatia stocurilor | Gaz natural,66.0,ТДж,ENE020300_20260809-014024.xlsx,
2013-01-01,НБС ENE020300 энергобаланс,Variatia stocurilor | Produse petroliere,-23.0,ТДж,ENE020300_20260809-014024.xlsx,
2013-01-01,НБС ENE020300 энергобаланс,Variatia stocurilor | Biocombustibili si deseuri,-34.0,ТДж,ENE020300_20260809-014024.xlsx,
2014-01-01,НБС ENE020300 энергобаланс,Variatia stocurilor | Total,524.0,ТДж,ENE020300_20260809-014024.xlsx,
2014-01-01,НБС ENE020300 энергобаланс,Variatia stocurilor | Carbune,297.0,ТДж,ENE020300_20260809-014024.xlsx,
2014-01-01,НБС ENE020300 энергобаланс,Variatia stocurilor | Gaz natural,-44.0,ТДж,ENE020300_20260809-014024.xlsx,
2014-01-01,НБС ENE020300 энергобаланс,Variatia stocurilor | Produse petroliere,617.0,ТДж,ENE020300_20260809-014024.xlsx,
2014-01-01,НБС ENE020300 энергобаланс,Variatia stocurilor | Biocombustibili si deseuri,-346.0,ТДж,ENE020300_20260809-014024.xlsx,
2015-01-01,НБС ENE020300 энергобаланс,Variatia stocurilor | Total,-59.0,ТДж,ENE020300_20260809-014024.xlsx,
2015-01-01,НБС ENE020300 энергобаланс,Variatia stocurilor | Carbune,174.0,ТДж,ENE020300_20260809-014024.xlsx,
2015-01-01,НБС ENE020300 энергобаланс,Variatia stocurilor | Gaz natural,48.0,ТДж,ENE020300_20260809-014024.xlsx,
2015-01-01,НБС ENE020300 энергобаланс,Variatia stocurilor | Produse petroliere,-602.0,ТДж,ENE020300_20260809-014024.xlsx,
2015-01-01,НБС ENE020300 энергобаланс,Variatia stocurilor | Biocombustibili si deseuri,321.0,ТДж,ENE020300_20260809-014024.xlsx,
2016-01-01,НБС ENE020300 энергобаланс,Variatia stocurilor | Total,-75.0,ТДж,ENE020300_20260809-014024.xlsx,
2016-01-01,НБС ENE020300 энергобаланс,Variatia stocurilor | Carbune,621.0,ТДж,ENE020300_20260809-014024.xlsx,
2016-01-01,НБС ENE020300 энергобаланс,Variatia stocurilor | Gaz natural,-58.0,ТДж,ENE020300_20260809-014024.xlsx,
2016-01-01,НБС ENE020300 энергобаланс,Variatia stocurilor | Produse petroliere,-702.0,ТДж,ENE020300_20260809-014024.xlsx,
2016-01-01,НБС ENE020300 энергобаланс,Variatia stocurilor | Biocombustibili si deseuri,64.0,ТДж,ENE020300_20260809-014024.xlsx,
2017-01-01,НБС ENE020300 энергобаланс,Variatia stocurilor | Total,236.0,ТДж,ENE020300_20260809-014024.xlsx,
2017-01-01,НБС ENE020300 энергобаланс,Variatia stocurilor | Carbune,625.0,ТДж,ENE020300_20260809-014024.xlsx,
2017-01-01,НБС ENE020300 энергобаланс,Variatia stocurilor | Gaz natural,-52.0,ТДж,ENE020300_20260809-014024.xlsx,
2017-01-01,НБС ENE020300 энергобаланс,Variatia stocurilor | Produse petroliere,-315.0,ТДж,ENE020300_20260809-014024.xlsx,
2017-01-01,НБС ENE020300 энергобаланс,Variatia stocurilor | Biocombustibili si deseuri,-22.0,ТДж,ENE020300_20260809-014024.xlsx,
2018-01-01,НБС ENE020300 энергобаланс,Variatia stocurilor | Total,453.0,ТДж,ENE020300_20260809-014024.xlsx,
2018-01-01,НБС ENE020300 энергобаланс,Variatia stocurilor | Carbune,242.0,ТДж,ENE020300_20260809-014024.xlsx,
2018-01-01,НБС ENE020300 энергобаланс,Variatia stocurilor | Gaz natural,97.0,ТДж,ENE020300_20260809-014024.xlsx,
2018-01-01,НБС ENE020300 энергобаланс,Variatia stocurilor | Produse petroliere,7.0,ТДж,ENE020300_20260809-014024.xlsx,
2018-01-01,НБС ENE020300 энергобаланс,Variatia stocurilor | Biocombustibili si deseuri,107.0,ТДж,ENE020300_20260809-014024.xlsx,
2019-01-01,НБС ENE020300 энергобаланс,Variatia stocurilor | Total,-1.0,ТДж,ENE020300_20260809-014024.xlsx,
2019-01-01,НБС ENE020300 энергобаланс,Variatia stocurilor | Carbune,-449.0,ТДж,ENE020300_20260809-014024.xlsx,
2019-01-01,НБС ENE020300 энергобаланс,Variatia stocurilor | Gaz natural,-53.0,ТДж,ENE020300_20260809-014024.xlsx,
2019-01-01,НБС ENE020300 энергобаланс,Variatia stocurilor | Produse petroliere,283.0,ТДж,ENE020300_20260809-014024.xlsx,
2019-01-01,НБС ENE020300 энергобаланс,Variatia stocurilor | Biocombustibili si deseuri,218.0,ТДж,ENE020300_20260809-014024.xlsx,
2020-01-01,НБС ENE020300 энергобаланс,Variatia stocurilor | Total,-732.0,ТДж,ENE020300_20260809-014024.xlsx,
2020-01-01,НБС ENE020300 энергобаланс,Variatia stocurilor | Carbune,-98.0,ТДж,ENE020300_20260809-014024.xlsx,
2020-01-01,НБС ENE020300 энергобаланс,Variatia stocurilor | Gaz natural,163.0,ТДж,ENE020300_20260809-014024.xlsx,
2020-01-01,НБС ENE020300 энергобаланс,Variatia stocurilor | Produse petroliere,-452.0,ТДж,ENE020300_20260809-014024.xlsx,
2020-01-01,НБС ENE020300 энергобаланс,Variatia stocurilor | Biocombustibili si deseuri,-345.0,ТДж,ENE020300_20260809-014024.xlsx,
2021-01-01,НБС ENE020300 энергобаланс,Variatia stocurilor | Total,-2472.0,ТДж,ENE020300_20260809-014024.xlsx,
2021-01-01,НБС ENE020300 энергобаланс,Variatia stocurilor | Carbune,712.0,ТДж,ENE020300_20260809-014024.xlsx,
2021-01-01,НБС ENE020300 энергобаланс,Variatia stocurilor | Gaz natural,-79.0,ТДж,ENE020300_20260809-014024.xlsx,
2021-01-01,НБС ENE020300 энергобаланс,Variatia stocurilor | Produse petroliere,1219.0,ТДж,ENE020300_20260809-014024.xlsx,
2021-01-01,НБС ENE020300 энергобаланс,Variatia stocurilor | Biocombustibili si deseuri,-4324.0,ТДж,ENE020300_20260809-014024.xlsx,
2022-01-01,НБС ENE020300 энергобаланс,Variatia stocurilor | Total,-918.0,ТДж,ENE020300_20260809-014024.xlsx,
2022-01-01,НБС ENE020300 энергобаланс,Variatia stocurilor | Carbune,-531.0,ТДж,ENE020300_20260809-014024.xlsx,
2022-01-01,НБС ENE020300 энергобаланс,Variatia stocurilor | Gaz natural,-2876.0,ТДж,ENE020300_20260809-014024.xlsx,
2022-01-01,НБС ENE020300 энергобаланс,Variatia stocurilor | Produse petroliere,419.0,ТДж,ENE020300_20260809-014024.xlsx,
2022-01-01,НБС ENE020300 энергобаланс,Variatia stocurilor | Biocombustibili si deseuri,2070.0,ТДж,ENE020300_20260809-014024.xlsx,
2023-01-01,НБС ENE020300 энергобаланс,Variatia stocurilor | Total,2115.0,ТДж,ENE020300_20260809-014024.xlsx,
2023-01-01,НБС ENE020300 энергобаланс,Variatia stocurilor | Carbune,31.0,ТДж,ENE020300_20260809-014024.xlsx,
2023-01-01,НБС ENE020300 энергобаланс,Variatia stocurilor | Gaz natural,2615.0,ТДж,ENE020300_20260809-014024.xlsx,
2023-01-01,НБС ENE020300 энергобаланс,Variatia stocurilor | Produse petroliere,-656.0,ТДж,ENE020300_20260809-014024.xlsx,
2023-01-01,НБС ENE020300 энергобаланс,Variatia stocurilor | Biocombustibili si deseuri,123.0,ТДж,ENE020300_20260809-014024.xlsx,
2024-01-01,НБС ENE020300 энергобаланс,Variatia stocurilor | Total,-396.0,ТДж,ENE020300_20260809-014024.xlsx,
2024-01-01,НБС ENE020300 энергобаланс,Variatia stocurilor | Carbune,103.0,ТДж,ENE020300_20260809-014024.xlsx,
2024-01-01,НБС ENE020300 энергобаланс,Variatia stocurilor | Gaz natural,18.0,ТДж,ENE020300_20260809-014024.xlsx,
2024-01-01,НБС ENE020300 энергобаланс,Variatia stocurilor | Produse petroliere,-342.0,ТДж,ENE020300_20260809-014024.xlsx,
2024-01-01,НБС ENE020300 энергобаланс,Variatia stocurilor | Biocombustibili si deseuri,-175.0,ТДж,ENE020300_20260809-014024.xlsx,
2010-01-01,НБС ENE020300 энергобаланс,CONSUMUL INTERN BRUT | Total,110336.0,ТДж,ENE020300_20260809-014024.xlsx,
2010-01-01,НБС ENE020300 энергобаланс,CONSUMUL INTERN BRUT | Carbune,4866.0,ТДж,ENE020300_20260809-014024.xlsx,
2010-01-01,НБС ENE020300 энергобаланс,CONSUMUL INTERN BRUT | Gaz natural,40283.0,ТДж,ENE020300_20260809-014024.xlsx,
2010-01-01,НБС ENE020300 энергобаланс,CONSUMUL INTERN BRUT | Produse petroliere,32558.0,ТДж,ENE020300_20260809-014024.xlsx,
2010-01-01,НБС ENE020300 энергобаланс,CONSUMUL INTERN BRUT | Biocombustibili si deseuri,21427.0,ТДж,ENE020300_20260809-014024.xlsx,
2010-01-01,НБС ENE020300 энергобаланс,CONSUMUL INTERN BRUT | Energie electrica,11202.0,ТДж,ENE020300_20260809-014024.xlsx,
2011-01-01,НБС ENE020300 энергобаланс,CONSUMUL INTERN BRUT | Total,112296.0,ТДж,ENE020300_20260809-014024.xlsx,
2011-01-01,НБС ENE020300 энергобаланс,CONSUMUL INTERN BRUT | Carbune,5023.0,ТДж,ENE020300_20260809-014024.xlsx,
2011-01-01,НБС ENE020300 энергобаланс,CONSUMUL INTERN BRUT | Gaz natural,38988.0,ТДж,ENE020300_20260809-014024.xlsx,
2011-01-01,НБС ENE020300 энергобаланс,CONSUMUL INTERN BRUT | Produse petroliere,34079.0,ТДж,ENE020300_20260809-014024.xlsx,
2011-01-01,НБС ENE020300 энергобаланс,CONSUMUL INTERN BRUT | Biocombustibili si deseuri,22610.0,ТДж,ENE020300_20260809-014024.xlsx,
2011-01-01,НБС ENE020300 энергобаланс,CONSUMUL INTERN BRUT | Energie electrica,11596.0,ТДж,ENE020300_20260809-014024.xlsx,
2012-01-01,НБС ENE020300 энергобаланс,CONSUMUL INTERN BRUT | Total,110127.0,ТДж,ENE020300_20260809-014024.xlsx,
2012-01-01,НБС ENE020300 энергобаланс,CONSUMUL INTERN BRUT | Carbune,4854.0,ТДж,ENE020300_20260809-014024.xlsx,
2012-01-01,НБС ENE020300 энергобаланс,CONSUMUL INTERN BRUT | Gaz natural,37094.0,ТДж,ENE020300_20260809-014024.xlsx,
2012-01-01,НБС ENE020300 энергобаланс,CONSUMUL INTERN BRUT | Produse petroliere,32148.0,ТДж,ENE020300_20260809-014024.xlsx,
2012-01-01,НБС ENE020300 энергобаланс,CONSUMUL INTERN BRUT | Biocombustibili si deseuri,24107.0,ТДж,ENE020300_20260809-014024.xlsx,
2012-01-01,НБС ENE020300 энергобаланс,CONSUMUL INTERN BRUT | Energie electrica,11924.0,ТДж,ENE020300_20260809-014024.xlsx,
2013-01-01,НБС ENE020300 энергобаланс,CONSUMUL INTERN BRUT | Total,110853.0,ТДж,ENE020300_20260809-014024.xlsx,
2013-01-01,НБС ENE020300 энергобаланс,CONSUMUL INTERN BRUT | Carbune,6302.0,ТДж,ENE020300_20260809-014024.xlsx,
2013-01-01,НБС ENE020300 энергобаланс,CONSUMUL INTERN BRUT | Gaz natural,34991.0,ТДж,ENE020300_20260809-014024.xlsx,
2013-01-01,НБС ENE020300 энергобаланс,CONSUMUL INTERN BRUT | Produse petroliere,32941.0,ТДж,ENE020300_20260809-014024.xlsx,
2013-01-01,НБС ENE020300 энергобаланс,CONSUMUL INTERN BRUT | Biocombustibili si deseuri,24458.0,ТДж,ENE020300_20260809-014024.xlsx,
2013-01-01,НБС ENE020300 энергобаланс,CONSUMUL INTERN BRUT | Energie electrica,12161.0,ТДж,ENE020300_20260809-014024.xlsx,
2014-01-01,НБС ENE020300 энергобаланс,CONSUMUL INTERN BRUT | Total,112047.0,ТДж,ENE020300_20260809-014024.xlsx,
2014-01-01,НБС ENE020300 энергобаланс,CONSUMUL INTERN BRUT | Carbune,4011.0,ТДж,ENE020300_20260809-014024.xlsx,
2014-01-01,НБС ENE020300 энергобаланс,CONSUMUL INTERN BRUT | Gaz natural,35614.0,ТДж,ENE020300_20260809-014024.xlsx,
2014-01-01,НБС ENE020300 энергобаланс,CONSUMUL INTERN BRUT | Produse petroliere,33744.0,ТДж,ENE020300_20260809-014024.xlsx,
2014-01-01,НБС ENE020300 энергобаланс,CONSUMUL INTERN BRUT | Biocombustibili si deseuri,26428.0,ТДж,ENE020300_20260809-014024.xlsx,
2014-01-01,НБС ENE020300 энергобаланс,CONSUMUL INTERN BRUT | Energie electrica,12250.0,ТДж,ENE020300_20260809-014024.xlsx,
2015-01-01,НБС ENE020300 энергобаланс,CONSUMUL INTERN BRUT | Total,112652.0,ТДж,ENE020300_20260809-014024.xlsx,
2015-01-01,НБС ENE020300 энергобаланс,CONSUMUL INTERN BRUT | Carbune,4288.0,ТДж,ENE020300_20260809-014024.xlsx,
2015-01-01,НБС ENE020300 энергобаланс,CONSUMUL INTERN BRUT | Gaz natural,34197.0,ТДж,ENE020300_20260809-014024.xlsx,
2015-01-01,НБС ENE020300 энергобаланс,CONSUMUL INTERN BRUT | Produse petroliere,34768.0,ТДж,ENE020300_20260809-014024.xlsx,
2015-01-01,НБС ENE020300 энергобаланс,CONSUMUL INTERN BRUT | Biocombustibili si deseuri,27265.0,ТДж,ENE020300_20260809-014024.xlsx,
2015-01-01,НБС ENE020300 энергобаланс,CONSUMUL INTERN BRUT | Energie electrica,12134.0,ТДж,ENE020300_20260809-014024.xlsx,
2016-01-01,НБС ENE020300 энергобаланс,CONSUMUL INTERN BRUT | Total,117162.0,ТДж,ENE020300_20260809-014024.xlsx,
2016-01-01,НБС ENE020300 энергобаланс,CONSUMUL INTERN BRUT | Carbune,3140.0,ТДж,ENE020300_20260809-014024.xlsx,
2016-01-01,НБС ENE020300 энергобаланс,CONSUMUL INTERN BRUT | Gaz natural,35105.0,ТДж,ENE020300_20260809-014024.xlsx,
2016-01-01,НБС ENE020300 энергобаланс,CONSUMUL INTERN BRUT | Produse petroliere,37565.0,ТДж,ENE020300_20260809-014024.xlsx,
2016-01-01,НБС ENE020300 энергобаланс,CONSUMUL INTERN BRUT | Biocombustibili si deseuri,29214.0,ТДж,ENE020300_20260809-014024.xlsx,
2016-01-01,НБС ENE020300 энергобаланс,CONSUMUL INTERN BRUT | Energie electrica,12138.0,ТДж,ENE020300_20260809-014024.xlsx,
2017-01-01,НБС ENE020300 энергобаланс,CONSUMUL INTERN BRUT | Total,123235.0,ТДж,ENE020300_20260809-014024.xlsx,
2017-01-01,НБС ENE020300 энергобаланс,CONSUMUL INTERN BRUT | Carbune,4391.0,ТДж,ENE020300_20260809-014024.xlsx,
2017-01-01,НБС ENE020300 энергобаланс,CONSUMUL INTERN BRUT | Gaz natural,35062.0,ТДж,ENE020300_20260809-014024.xlsx,
2017-01-01,НБС ENE020300 энергобаланс,CONSUMUL INTERN BRUT | Produse petroliere,39293.0,ТДж,ENE020300_20260809-014024.xlsx,
2017-01-01,НБС ENE020300 энергобаланс,CONSUMUL INTERN BRUT | Biocombustibili si deseuri,31991.0,ТДж,ENE020300_20260809-014024.xlsx,
2017-01-01,НБС ENE020300 энергобаланс,CONSUMUL INTERN BRUT | Energie electrica,12498.0,ТДж,ENE020300_20260809-014024.xlsx,
2018-01-01,НБС ENE020300 энергобаланс,CONSUMUL INTERN BRUT | Total,129394.0,ТДж,ENE020300_20260809-014024.xlsx,
2018-01-01,НБС ENE020300 энергобаланс,CONSUMUL INTERN BRUT | Carbune,3337.0,ТДж,ENE020300_20260809-014024.xlsx,
2018-01-01,НБС ENE020300 энергобаланс,CONSUMUL INTERN BRUT | Gaz natural,38157.0,ТДж,ENE020300_20260809-014024.xlsx,
2018-01-01,НБС ENE020300 энергобаланс,CONSUMUL INTERN BRUT | Produse petroliere,42124.0,ТДж,ENE020300_20260809-014024.xlsx,
2018-01-01,НБС ENE020300 энергобаланс,CONSUMUL INTERN BRUT | Biocombustibili si deseuri,32913.0,ТДж,ENE020300_20260809-014024.xlsx,
2018-01-01,НБС ENE020300 энергобаланс,CONSUMUL INTERN BRUT | Energie electrica,12863.0,ТДж,ENE020300_20260809-014024.xlsx,
2019-01-01,НБС ENE020300 энергобаланс,CONSUMUL INTERN BRUT | Total,122999.0,ТДж,ENE020300_20260809-014024.xlsx,
2019-01-01,НБС ENE020300 энергобаланс,CONSUMUL INTERN BRUT | Carbune,4299.0,ТДж,ENE020300_20260809-014024.xlsx,
2019-01-01,НБС ENE020300 энергобаланс,CONSUMUL INTERN BRUT | Gaz natural,35868.0,ТДж,ENE020300_20260809-014024.xlsx,
2019-01-01,НБС ENE020300 энергобаланс,CONSUMUL INTERN BRUT | Produse petroliere,42632.0,ТДж,ENE020300_20260809-014024.xlsx,
2019-01-01,НБС ENE020300 энергобаланс,CONSUMUL INTERN BRUT | Biocombustibili si deseuri,27184.0,ТДж,ENE020300_20260809-014024.xlsx,
2019-01-01,НБС ENE020300 энергобаланс,CONSUMUL INTERN BRUT | Energie electrica,13016.0,ТДж,ENE020300_20260809-014024.xlsx,
2020-01-01,НБС ENE020300 энергобаланс,CONSUMUL INTERN BRUT | Total,119736.0,ТДж,ENE020300_20260809-014024.xlsx,
2020-01-01,НБС ENE020300 энергобаланс,CONSUMUL INTERN BRUT | Carbune,3258.0,ТДж,ENE020300_20260809-014024.xlsx,
2020-01-01,НБС ENE020300 энергобаланс,CONSUMUL INTERN BRUT | Gaz natural,36548.0,ТДж,ENE020300_20260809-014024.xlsx,
2020-01-01,НБС ENE020300 энергобаланс,CONSUMUL INTERN BRUT | Produse petroliere,39634.0,ТДж,ENE020300_20260809-014024.xlsx,
2020-01-01,НБС ENE020300 энергобаланс,CONSUMUL INTERN BRUT | Biocombustibili si deseuri,27612.0,ТДж,ENE020300_20260809-014024.xlsx,
2020-01-01,НБС ENE020300 энергобаланс,CONSUMUL INTERN BRUT | Energie electrica,12684.0,ТДж,ENE020300_20260809-014024.xlsx,
2021-01-01,НБС ENE020300 энергобаланс,CONSUMUL INTERN BRUT | Total,130658.0,ТДж,ENE020300_20260809-014024.xlsx,
2021-01-01,НБС ENE020300 энергобаланс,CONSUMUL INTERN BRUT | Carbune,3837.0,ТДж,ENE020300_20260809-014024.xlsx,
2021-01-01,НБС ENE020300 энергобаланс,CONSUMUL INTERN BRUT | Gaz natural,41782.0,ТДж,ENE020300_20260809-014024.xlsx,
2021-01-01,НБС ENE020300 энергобаланс,CONSUMUL INTERN BRUT | Produse petroliere,44648.0,ТДж,ENE020300_20260809-014024.xlsx,
2021-01-01,НБС ENE020300 энергобаланс,CONSUMUL INTERN BRUT | Biocombustibili si deseuri,26837.0,ТДж,ENE020300_20260809-014024.xlsx,
2021-01-01,НБС ENE020300 энергобаланс,CONSUMUL INTERN BRUT | Energie electrica,13554.0,ТДж,ENE020300_20260809-014024.xlsx,
2022-01-01,НБС ENE020300 энергобаланс,CONSUMUL INTERN BRUT | Total,116126.0,ТДж,ENE020300_20260809-014024.xlsx,
2022-01-01,НБС ENE020300 энергобаланс,CONSUMUL INTERN BRUT | Carbune,2707.0,ТДж,ENE020300_20260809-014024.xlsx,
2022-01-01,НБС ENE020300 энергобаланс,CONSUMUL INTERN BRUT | Gaz natural,29774.0,ТДж,ENE020300_20260809-014024.xlsx,
2022-01-01,НБС ENE020300 энергобаланс,CONSUMUL INTERN BRUT | Produse petroliere,46587.0,ТДж,ENE020300_20260809-014024.xlsx,
2022-01-01,НБС ENE020300 энергобаланс,CONSUMUL INTERN BRUT | Biocombustibili si deseuri,23039.0,ТДж,ENE020300_20260809-014024.xlsx,
2022-01-01,НБС ENE020300 энергобаланс,CONSUMUL INTERN BRUT | Energie electrica,14019.0,ТДж,ENE020300_20260809-014024.xlsx,
2023-01-01,НБС ENE020300 энергобаланс,CONSUMUL INTERN BRUT | Total,110361.0,ТДж,ENE020300_20260809-014024.xlsx,
2023-01-01,НБС ENE020300 энергобаланс,CONSUMUL INTERN BRUT | Carbune,2236.0,ТДж,ENE020300_20260809-014024.xlsx,
2023-01-01,НБС ENE020300 энергобаланс,CONSUMUL INTERN BRUT | Gaz natural,24264.0,ТДж,ENE020300_20260809-014024.xlsx,
2023-01-01,НБС ENE020300 энергобаланс,CONSUMUL INTERN BRUT | Produse petroliere,47365.0,ТДж,ENE020300_20260809-014024.xlsx,
2023-01-01,НБС ENE020300 энергобаланс,CONSUMUL INTERN BRUT | Biocombustibili si deseuri,22865.0,ТДж,ENE020300_20260809-014024.xlsx,
2023-01-01,НБС ENE020300 энергобаланс,CONSUMUL INTERN BRUT | Energie electrica,13628.0,ТДж,ENE020300_20260809-014024.xlsx,
2024-01-01,НБС ENE020300 энергобаланс,CONSUMUL INTERN BRUT | Total,114740.0,ТДж,ENE020300_20260809-014024.xlsx,
2024-01-01,НБС ENE020300 энергобаланс,CONSUMUL INTERN BRUT | Carbune,2235.0,ТДж,ENE020300_20260809-014024.xlsx,
2024-01-01,НБС ENE020300 энергобаланс,CONSUMUL INTERN BRUT | Gaz natural,30775.0,ТДж,ENE020300_20260809-014024.xlsx,
2024-01-01,НБС ENE020300 энергобаланс,CONSUMUL INTERN BRUT | Produse petroliere,46396.0,ТДж,ENE020300_20260809-014024.xlsx,
2024-01-01,НБС ENE020300 энергобаланс,CONSUMUL INTERN BRUT | Biocombustibili si deseuri,20766.0,ТДж,ENE020300_20260809-014024.xlsx,
2024-01-01,НБС ENE020300 энергобаланс,CONSUMUL INTERN BRUT | Energie electrica,14568.0,ТДж,ENE020300_20260809-014024.xlsx,
2010-01-01,НБС ENE020300 энергобаланс,"Transformare, intrari | Total",20760.0,ТДж,ENE020300_20260809-014024.xlsx,
2010-01-01,НБС ENE020300 энергобаланс,"Transformare, intrari | Carbune",96.0,ТДж,ENE020300_20260809-014024.xlsx,
2010-01-01,НБС ENE020300 энергобаланс,"Transformare, intrari | Gaz natural",18220.0,ТДж,ENE020300_20260809-014024.xlsx,
2010-01-01,НБС ENE020300 энергобаланс,"Transformare, intrari | Produse petroliere",1641.0,ТДж,ENE020300_20260809-014024.xlsx,
2010-01-01,НБС ENE020300 энергобаланс,"Transformare, intrari | Biocombustibili si deseuri",518.0,ТДж,ENE020300_20260809-014024.xlsx,
2010-01-01,НБС ENE020300 энергобаланс,"Transformare, intrari | Energie electrica",285.0,ТДж,ENE020300_20260809-014024.xlsx,
2011-01-01,НБС ENE020300 энергобаланс,"Transformare, intrari | Total",19579.0,ТДж,ENE020300_20260809-014024.xlsx,
2011-01-01,НБС ENE020300 энергобаланс,"Transformare, intrari | Carbune",72.0,ТДж,ENE020300_20260809-014024.xlsx,
2011-01-01,НБС ENE020300 энергобаланс,"Transformare, intrari | Gaz natural",17310.0,ТДж,ENE020300_20260809-014024.xlsx,
2011-01-01,НБС ENE020300 энергобаланс,"Transformare, intrari | Produse petroliere",1522.0,ТДж,ENE020300_20260809-014024.xlsx,
2011-01-01,НБС ENE020300 энергобаланс,"Transformare, intrari | Biocombustibili si deseuri",400.0,ТДж,ENE020300_20260809-014024.xlsx,
2011-01-01,НБС ENE020300 энергобаланс,"Transformare, intrari | Energie electrica",275.0,ТДж,ENE020300_20260809-014024.xlsx,
2012-01-01,НБС ENE020300 энергобаланс,"Transformare, intrari | Total",18672.0,ТДж,ENE020300_20260809-014024.xlsx,
2012-01-01,НБС ENE020300 энергобаланс,"Transformare, intrari | Carbune",74.0,ТДж,ENE020300_20260809-014024.xlsx,
2012-01-01,НБС ENE020300 энергобаланс,"Transformare, intrari | Gaz natural",16768.0,ТДж,ENE020300_20260809-014024.xlsx,
2012-01-01,НБС ENE020300 энергобаланс,"Transformare, intrari | Produse petroliere",1452.0,ТДж,ENE020300_20260809-014024.xlsx,
2012-01-01,НБС ENE020300 энергобаланс,"Transformare, intrari | Biocombustibili si deseuri",256.0,ТДж,ENE020300_20260809-014024.xlsx,
2012-01-01,НБС ENE020300 энергобаланс,"Transformare, intrari | Energie electrica",122.0,ТДж,ENE020300_20260809-014024.xlsx,
2013-01-01,НБС ENE020300 энергобаланс,"Transformare, intrari | Total",18289.0,ТДж,ENE020300_20260809-014024.xlsx,
2013-01-01,НБС ENE020300 энергобаланс,"Transformare, intrari | Carbune",348.0,ТДж,ENE020300_20260809-014024.xlsx,
2013-01-01,НБС ENE020300 энергобаланс,"Transformare, intrari | Gaz natural",15938.0,ТДж,ENE020300_20260809-014024.xlsx,
2013-01-01,НБС ENE020300 энергобаланс,"Transformare, intrari | Produse petroliere",1499.0,ТДж,ENE020300_20260809-014024.xlsx,
2013-01-01,НБС ENE020300 энергобаланс,"Transformare, intrari | Biocombustibili si deseuri",336.0,ТДж,ENE020300_20260809-014024.xlsx,
2013-01-01,НБС ENE020300 энергобаланс,"Transformare, intrari | Energie electrica",168.0,ТДж,ENE020300_20260809-014024.xlsx,
2014-01-01,НБС ENE020300 энергобаланс,"Transformare, intrari | Total",18765.0,ТДж,ENE020300_20260809-014024.xlsx,
2014-01-01,НБС ENE020300 энергобаланс,"Transformare, intrari | Carbune",80.0,ТДж,ENE020300_20260809-014024.xlsx,
2014-01-01,НБС ENE020300 энергобаланс,"Transformare, intrari | Gaz natural",16577.0,ТДж,ENE020300_20260809-014024.xlsx,
2014-01-01,НБС ENE020300 энергобаланс,"Transformare, intrari | Produse petroliere",1320.0,ТДж,ENE020300_20260809-014024.xlsx,
2014-01-01,НБС ENE020300 энергобаланс,"Transformare, intrari | Biocombustibili si deseuri",567.0,ТДж,ENE020300_20260809-014024.xlsx,
2014-01-01,НБС ENE020300 энергобаланс,"Transformare, intrari | Energie electrica",221.0,ТДж,ENE020300_20260809-014024.xlsx,
2015-01-01,НБС ENE020300 энергобаланс,"Transformare, intrari | Total",17380.0,ТДж,ENE020300_20260809-014024.xlsx,
2015-01-01,НБС ENE020300 энергобаланс,"Transformare, intrari | Carbune",70.0,ТДж,ENE020300_20260809-014024.xlsx,
2015-01-01,НБС ENE020300 энергобаланс,"Transformare, intrari | Gaz natural",15309.0,ТДж,ENE020300_20260809-014024.xlsx,
2015-01-01,НБС ENE020300 энергобаланс,"Transformare, intrari | Produse petroliere",946.0,ТДж,ENE020300_20260809-014024.xlsx,
2015-01-01,НБС ENE020300 энергобаланс,"Transformare, intrari | Biocombustibili si deseuri",862.0,ТДж,ENE020300_20260809-014024.xlsx,
2015-01-01,НБС ENE020300 энергобаланс,"Transformare, intrari | Energie electrica",193.0,ТДж,ENE020300_20260809-014024.xlsx,
2016-01-01,НБС ENE020300 энергобаланс,"Transformare, intrari | Total",17732.0,ТДж,ENE020300_20260809-014024.xlsx,
2016-01-01,НБС ENE020300 энергобаланс,"Transformare, intrari | Carbune",74.0,ТДж,ENE020300_20260809-014024.xlsx,
2016-01-01,НБС ENE020300 энергобаланс,"Transformare, intrari | Gaz natural",15480.0,ТДж,ENE020300_20260809-014024.xlsx,
2016-01-01,НБС ENE020300 энергобаланс,"Transformare, intrari | Produse petroliere",1208.0,ТДж,ENE020300_20260809-014024.xlsx,
2016-01-01,НБС ENE020300 энергобаланс,"Transformare, intrari | Biocombustibili si deseuri",812.0,ТДж,ENE020300_20260809-014024.xlsx,
2016-01-01,НБС ENE020300 энергобаланс,"Transformare, intrari | Energie electrica",158.0,ТДж,ENE020300_20260809-014024.xlsx,
2017-01-01,НБС ENE020300 энергобаланс,"Transformare, intrari | Total",17165.0,ТДж,ENE020300_20260809-014024.xlsx,
2017-01-01,НБС ENE020300 энергобаланс,"Transformare, intrari | Carbune",74.0,ТДж,ENE020300_20260809-014024.xlsx,
2017-01-01,НБС ENE020300 энергобаланс,"Transformare, intrari | Gaz natural",15039.0,ТДж,ENE020300_20260809-014024.xlsx,
2017-01-01,НБС ENE020300 энергобаланс,"Transformare, intrari | Produse petroliere",1117.0,ТДж,ENE020300_20260809-014024.xlsx,
2017-01-01,НБС ENE020300 энергобаланс,"Transformare, intrari | Biocombustibili si deseuri",731.0,ТДж,ENE020300_20260809-014024.xlsx,
2017-01-01,НБС ENE020300 энергобаланс,"Transformare, intrari | Energie electrica",204.0,ТДж,ENE020300_20260809-014024.xlsx,
2018-01-01,НБС ENE020300 энергобаланс,"Transformare, intrari | Total",18009.0,ТДж,ENE020300_20260809-014024.xlsx,
2018-01-01,НБС ENE020300 энергобаланс,"Transformare, intrari | Carbune",72.0,ТДж,ENE020300_20260809-014024.xlsx,
2018-01-01,НБС ENE020300 энергобаланс,"Transformare, intrari | Gaz natural",15930.0,ТДж,ENE020300_20260809-014024.xlsx,
2018-01-01,НБС ENE020300 энергобаланс,"Transformare, intrari | Produse petroliere",836.0,ТДж,ENE020300_20260809-014024.xlsx,
2018-01-01,НБС ENE020300 энергобаланс,"Transformare, intrari | Biocombustibili si deseuri",918.0,ТДж,ENE020300_20260809-014024.xlsx,
2018-01-01,НБС ENE020300 энергобаланс,"Transformare, intrari | Energie electrica",253.0,ТДж,ENE020300_20260809-014024.xlsx,
2019-01-01,НБС ENE020300 энергобаланс,"Transformare, intrari | Total",16269.0,ТДж,ENE020300_20260809-014024.xlsx,
2019-01-01,НБС ENE020300 энергобаланс,"Transformare, intrari | Carbune",5.0,ТДж,ENE020300_20260809-014024.xlsx,
2019-01-01,НБС ENE020300 энергобаланс,"Transformare, intrari | Gaz natural",14627.0,ТДж,ENE020300_20260809-014024.xlsx,
2019-01-01,НБС ENE020300 энергобаланс,"Transformare, intrari | Produse petroliere",360.0,ТДж,ENE020300_20260809-014024.xlsx,
2019-01-01,НБС ENE020300 энергобаланс,"Transformare, intrari | Biocombustibili si deseuri",875.0,ТДж,ENE020300_20260809-014024.xlsx,
2019-01-01,НБС ENE020300 энергобаланс,"Transformare, intrari | Energie electrica",402.0,ТДж,ENE020300_20260809-014024.xlsx,
2020-01-01,НБС ENE020300 энергобаланс,"Transformare, intrari | Total",16272.0,ТДж,ENE020300_20260809-014024.xlsx,
2020-01-01,НБС ENE020300 энергобаланс,"Transformare, intrari | Carbune",4.0,ТДж,ENE020300_20260809-014024.xlsx,
2020-01-01,НБС ENE020300 энергобаланс,"Transformare, intrari | Gaz natural",14737.0,ТДж,ENE020300_20260809-014024.xlsx,
2020-01-01,НБС ENE020300 энергобаланс,"Transformare, intrari | Produse petroliere",318.0,ТДж,ENE020300_20260809-014024.xlsx,
2020-01-01,НБС ENE020300 энергобаланс,"Transformare, intrari | Biocombustibili si deseuri",845.0,ТДж,ENE020300_20260809-014024.xlsx,
2020-01-01,НБС ENE020300 энергобаланс,"Transformare, intrari | Energie electrica",368.0,ТДж,ENE020300_20260809-014024.xlsx,
2021-01-01,НБС ENE020300 энергобаланс,"Transformare, intrari | Total",17872.0,ТДж,ENE020300_20260809-014024.xlsx,
2021-01-01,НБС ENE020300 энергобаланс,"Transformare, intrari | Carbune",5.0,ТДж,ENE020300_20260809-014024.xlsx,
2021-01-01,НБС ENE020300 энергобаланс,"Transformare, intrari | Gaz natural",15588.0,ТДж,ENE020300_20260809-014024.xlsx,
2021-01-01,НБС ENE020300 энергобаланс,"Transformare, intrari | Produse petroliere",860.0,ТДж,ENE020300_20260809-014024.xlsx,
2021-01-01,НБС ENE020300 энергобаланс,"Transformare, intrari | Biocombustibili si deseuri",861.0,ТДж,ENE020300_20260809-014024.xlsx,
2021-01-01,НБС ENE020300 энергобаланс,"Transformare, intrari | Energie electrica",558.0,ТДж,ENE020300_20260809-014024.xlsx,
2022-01-01,НБС ENE020300 энергобаланс,"Transformare, intrari | Total",15625.0,ТДж,ENE020300_20260809-014024.xlsx,
2022-01-01,НБС ENE020300 энергобаланс,"Transformare, intrari | Carbune",7.0,ТДж,ENE020300_20260809-014024.xlsx,
2022-01-01,НБС ENE020300 энергобаланс,"Transformare, intrari | Gaz natural",10151.0,ТДж,ENE020300_20260809-014024.xlsx,
2022-01-01,НБС ENE020300 энергобаланс,"Transformare, intrari | Produse petroliere",3437.0,ТДж,ENE020300_20260809-014024.xlsx,
2022-01-01,НБС ENE020300 энергобаланс,"Transformare, intrari | Biocombustibili si deseuri",1186.0,ТДж,ENE020300_20260809-014024.xlsx,
2022-01-01,НБС ENE020300 энергобаланс,"Transformare, intrari | Energie electrica",844.0,ТДж,ENE020300_20260809-014024.xlsx,
2023-01-01,НБС ENE020300 энергобаланс,"Transformare, intrari | Total",15495.0,ТДж,ENE020300_20260809-014024.xlsx,
2023-01-01,НБС ENE020300 энергобаланс,"Transformare, intrari | Carbune",4.0,ТДж,ENE020300_20260809-014024.xlsx,
2023-01-01,НБС ENE020300 энергобаланс,"Transformare, intrari | Gaz natural",8374.0,ТДж,ENE020300_20260809-014024.xlsx,
2023-01-01,НБС ENE020300 энергобаланс,"Transformare, intrari | Produse petroliere",4598.0,ТДж,ENE020300_20260809-014024.xlsx,
2023-01-01,НБС ENE020300 энергобаланс,"Transformare, intrari | Biocombustibili si deseuri",990.0,ТДж,ENE020300_20260809-014024.xlsx,
2023-01-01,НБС ENE020300 энергобаланс,"Transformare, intrari | Energie electrica",1529.0,ТДж,ENE020300_20260809-014024.xlsx,
2024-01-01,НБС ENE020300 энергобаланс,"Transformare, intrari | Total",16657.0,ТДж,ENE020300_20260809-014024.xlsx,
2024-01-01,НБС ENE020300 энергобаланс,"Transformare, intrari | Carbune",5.0,ТДж,ENE020300_20260809-014024.xlsx,
2024-01-01,НБС ENE020300 энергобаланс,"Transformare, intrari | Gaz natural",13224.0,ТДж,ENE020300_20260809-014024.xlsx,
2024-01-01,НБС ENE020300 энергобаланс,"Transformare, intrari | Produse petroliere",460.0,ТДж,ENE020300_20260809-014024.xlsx,
2024-01-01,НБС ENE020300 энергобаланс,"Transformare, intrari | Biocombustibili si deseuri",623.0,ТДж,ENE020300_20260809-014024.xlsx,
2024-01-01,НБС ENE020300 энергобаланс,"Transformare, intrari | Energie electrica",2345.0,ТДж,ENE020300_20260809-014024.xlsx,
2010-01-01,НБС ENE020300 энергобаланс,"Transformare, iesiri | Total",16705.0,ТДж,ENE020300_20260809-014024.xlsx,
2010-01-01,НБС ENE020300 энергобаланс,"Transformare, iesiri | Produse petroliere",831.0,ТДж,ENE020300_20260809-014024.xlsx,
2010-01-01,НБС ENE020300 энергобаланс,"Transformare, iesiri | Energie electrica",3835.0,ТДж,ENE020300_20260809-014024.xlsx,
2010-01-01,НБС ENE020300 энергобаланс,"Transformare, iesiri | Energie termica",12039.0,ТДж,ENE020300_20260809-014024.xlsx,
2011-01-01,НБС ENE020300 энергобаланс,"Transformare, iesiri | Total",15831.0,ТДж,ENE020300_20260809-014024.xlsx,
2011-01-01,НБС ENE020300 энергобаланс,"Transformare, iesiri | Produse petroliere",770.0,ТДж,ENE020300_20260809-014024.xlsx,
2011-01-01,НБС ENE020300 энергобаланс,"Transformare, iesiri | Energie electrica",3659.0,ТДж,ENE020300_20260809-014024.xlsx,
2011-01-01,НБС ENE020300 энергобаланс,"Transformare, iesiri | Energie termica",11402.0,ТДж,ENE020300_20260809-014024.xlsx,
2012-01-01,НБС ENE020300 энергобаланс,"Transformare, iesiri | Total",15026.0,ТДж,ENE020300_20260809-014024.xlsx,
2012-01-01,НБС ENE020300 энергобаланс,"Transformare, iesiri | Produse petroliere",779.0,ТДж,ENE020300_20260809-014024.xlsx,
2012-01-01,НБС ENE020300 энергобаланс,"Transformare, iesiri | Biocombustibili si deseuri",13.0,ТДж,ENE020300_20260809-014024.xlsx,
2012-01-01,НБС ENE020300 энергобаланс,"Transformare, iesiri | Energie electrica",3358.0,ТДж,ENE020300_20260809-014024.xlsx,
2012-01-01,НБС ENE020300 энергобаланс,"Transformare, iesiri | Energie termica",10876.0,ТДж,ENE020300_20260809-014024.xlsx,
2013-01-01,НБС ENE020300 энергобаланс,"Transformare, iesiri | Total",14692.0,ТДж,ENE020300_20260809-014024.xlsx,
2013-01-01,НБС ENE020300 энергобаланс,"Transformare, iesiri | Produse petroliere",775.0,ТДж,ENE020300_20260809-014024.xlsx,
2013-01-01,НБС ENE020300 энергобаланс,"Transformare, iesiri | Biocombustibili si deseuri",16.0,ТДж,ENE020300_20260809-014024.xlsx,
2013-01-01,НБС ENE020300 энергобаланс,"Transformare, iesiri | Energie electrica",3261.0,ТДж,ENE020300_20260809-014024.xlsx,
2013-01-01,НБС ENE020300 энергобаланс,"Transformare, iesiri | Energie termica",10640.0,ТДж,ENE020300_20260809-014024.xlsx,
2014-01-01,НБС ENE020300 энергобаланс,"Transformare, iesiri | Total",14655.0,ТДж,ENE020300_20260809-014024.xlsx,
2014-01-01,НБС ENE020300 энергобаланс,"Transformare, iesiri | Produse petroliere",710.0,ТДж,ENE020300_20260809-014024.xlsx,
2014-01-01,НБС ENE020300 энергобаланс,"Transformare, iesiri | Biocombustibili si deseuri",8.0,ТДж,ENE020300_20260809-014024.xlsx,
2014-01-01,НБС ENE020300 энергобаланс,"Transformare, iesiri | Energie electrica",3471.0,ТДж,ENE020300_20260809-014024.xlsx,
2014-01-01,НБС ENE020300 энергобаланс,"Transformare, iesiri | Energie termica",10466.0,ТДж,ENE020300_20260809-014024.xlsx,
2015-01-01,НБС ENE020300 энергобаланс,"Transformare, iesiri | Total",14122.0,ТДж,ENE020300_20260809-014024.xlsx,
2015-01-01,НБС ENE020300 энергобаланс,"Transformare, iesiri | Produse petroliere",483.0,ТДж,ENE020300_20260809-014024.xlsx,
2015-01-01,НБС ENE020300 энергобаланс,"Transformare, iesiri | Biocombustibili si deseuri",13.0,ТДж,ENE020300_20260809-014024.xlsx,
2015-01-01,НБС ENE020300 энергобаланс,"Transformare, iesiri | Energie electrica",3584.0,ТДж,ENE020300_20260809-014024.xlsx,
2015-01-01,НБС ENE020300 энергобаланс,"Transformare, iesiri | Energie termica",10042.0,ТДж,ENE020300_20260809-014024.xlsx,
2016-01-01,НБС ENE020300 энергобаланс,"Transformare, iesiri | Total",14495.0,ТДж,ENE020300_20260809-014024.xlsx,
2016-01-01,НБС ENE020300 энергобаланс,"Transformare, iesiri | Produse petroliere",607.0,ТДж,ENE020300_20260809-014024.xlsx,
2016-01-01,НБС ENE020300 энергобаланс,"Transformare, iesiri | Biocombustibili si deseuri",16.0,ТДж,ENE020300_20260809-014024.xlsx,
2016-01-01,НБС ENE020300 энергобаланс,"Transformare, iesiri | Energie electrica",3266.0,ТДж,ENE020300_20260809-014024.xlsx,
2016-01-01,НБС ENE020300 энергобаланс,"Transformare, iesiri | Energie termica",10606.0,ТДж,ENE020300_20260809-014024.xlsx,
2017-01-01,НБС ENE020300 энергобаланс,"Transformare, iesiri | Total",14130.0,ТДж,ENE020300_20260809-014024.xlsx,
2017-01-01,НБС ENE020300 энергобаланс,"Transformare, iesiri | Produse petroliere",635.0,ТДж,ENE020300_20260809-014024.xlsx,
2017-01-01,НБС ENE020300 энергобаланс,"Transformare, iesiri | Biocombustibili si deseuri",14.0,ТДж,ENE020300_20260809-014024.xlsx,
2017-01-01,НБС ENE020300 энергобаланс,"Transformare, iesiri | Energie electrica",3230.0,ТДж,ENE020300_20260809-014024.xlsx,
2017-01-01,НБС ENE020300 энергобаланс,"Transformare, iesiri | Energie termica",10251.0,ТДж,ENE020300_20260809-014024.xlsx,
2018-01-01,НБС ENE020300 энергобаланс,"Transformare, iesiri | Total",14464.0,ТДж,ENE020300_20260809-014024.xlsx,
2018-01-01,НБС ENE020300 энергобаланс,"Transformare, iesiri | Produse petroliere",354.0,ТДж,ENE020300_20260809-014024.xlsx,
2018-01-01,НБС ENE020300 энергобаланс,"Transformare, iesiri | Biocombustibili si deseuri",12.0,ТДж,ENE020300_20260809-014024.xlsx,
2018-01-01,НБС ENE020300 энергобаланс,"Transformare, iesiri | Energie electrica",3440.0,ТДж,ENE020300_20260809-014024.xlsx,
2018-01-01,НБС ENE020300 энергобаланс,"Transformare, iesiri | Energie termica",10658.0,ТДж,ENE020300_20260809-014024.xlsx,
2019-01-01,НБС ENE020300 энергобаланс,"Transformare, iesiri | Total",13281.0,ТДж,ENE020300_20260809-014024.xlsx,
2019-01-01,НБС ENE020300 энергобаланс,"Transformare, iesiri | Produse petroliere",205.0,ТДж,ENE020300_20260809-014024.xlsx,
2019-01-01,НБС ENE020300 энергобаланс,"Transformare, iesiri | Biocombustibili si deseuri",15.0,ТДж,ENE020300_20260809-014024.xlsx,
2019-01-01,НБС ENE020300 энергобаланс,"Transformare, iesiri | Energie electrica",3391.0,ТДж,ENE020300_20260809-014024.xlsx,
2019-01-01,НБС ENE020300 энергобаланс,"Transformare, iesiri | Energie termica",9670.0,ТДж,ENE020300_20260809-014024.xlsx,
2020-01-01,НБС ENE020300 энергобаланс,"Transformare, iesiri | Total",13193.0,ТДж,ENE020300_20260809-014024.xlsx,
2020-01-01,НБС ENE020300 энергобаланс,"Transformare, iesiri | Produse petroliere",273.0,ТДж,ENE020300_20260809-014024.xlsx,
2020-01-01,НБС ENE020300 энергобаланс,"Transformare, iesiri | Biocombustibili si deseuri",15.0,ТДж,ENE020300_20260809-014024.xlsx,
2020-01-01,НБС ENE020300 энергобаланс,"Transformare, iesiri | Energie electrica",3540.0,ТДж,ENE020300_20260809-014024.xlsx,
2020-01-01,НБС ENE020300 энергобаланс,"Transformare, iesiri | Energie termica",9365.0,ТДж,ENE020300_20260809-014024.xlsx,
2021-01-01,НБС ENE020300 энергобаланс,"Transformare, iesiri | Total",14704.0,ТДж,ENE020300_20260809-014024.xlsx,
2021-01-01,НБС ENE020300 энергобаланс,"Transformare, iesiri | Produse petroliere",96.0,ТДж,ENE020300_20260809-014024.xlsx,
2021-01-01,НБС ENE020300 энергобаланс,"Transformare, iesiri | Biocombustibili si deseuri",16.0,ТДж,ENE020300_20260809-014024.xlsx,
2021-01-01,НБС ENE020300 энергобаланс,"Transformare, iesiri | Energie electrica",4074.0,ТДж,ENE020300_20260809-014024.xlsx,
2021-01-01,НБС ENE020300 энергобаланс,"Transformare, iesiri | Energie termica",10518.0,ТДж,ENE020300_20260809-014024.xlsx,
2022-01-01,НБС ENE020300 энергобаланс,"Transformare, iesiri | Total",12595.0,ТДж,ENE020300_20260809-014024.xlsx,
2022-01-01,НБС ENE020300 энергобаланс,"Transformare, iesiri | Produse petroliere",140.0,ТДж,ENE020300_20260809-014024.xlsx,
2022-01-01,НБС ENE020300 энергобаланс,"Transformare, iesiri | Biocombustibili si deseuri",22.0,ТДж,ENE020300_20260809-014024.xlsx,
2022-01-01,НБС ENE020300 энергобаланс,"Transformare, iesiri | Energie electrica",3585.0,ТДж,ENE020300_20260809-014024.xlsx,
2022-01-01,НБС ENE020300 энергобаланс,"Transformare, iesiri | Energie termica",8848.0,ТДж,ENE020300_20260809-014024.xlsx,
2023-01-01,НБС ENE020300 энергобаланс,"Transformare, iesiri | Total",12752.0,ТДж,ENE020300_20260809-014024.xlsx,
2023-01-01,НБС ENE020300 энергобаланс,"Transformare, iesiri | Produse petroliere",80.0,ТДж,ENE020300_20260809-014024.xlsx,
2023-01-01,НБС ENE020300 энергобаланс,"Transformare, iesiri | Biocombustibili si deseuri",13.0,ТДж,ENE020300_20260809-014024.xlsx,
2023-01-01,НБС ENE020300 энергобаланс,"Transformare, iesiri | Energie electrica",4211.0,ТДж,ENE020300_20260809-014024.xlsx,
2023-01-01,НБС ENE020300 энергобаланс,"Transformare, iesiri | Energie termica",8448.0,ТДж,ENE020300_20260809-014024.xlsx,
2024-01-01,НБС ENE020300 энергобаланс,"Transformare, iesiri | Total",14052.0,ТДж,ENE020300_20260809-014024.xlsx,
2024-01-01,НБС ENE020300 энергобаланс,"Transformare, iesiri | Produse petroliere",125.0,ТДж,ENE020300_20260809-014024.xlsx,
2024-01-01,НБС ENE020300 энергобаланс,"Transformare, iesiri | Biocombustibili si deseuri",2.0,ТДж,ENE020300_20260809-014024.xlsx,
2024-01-01,НБС ENE020300 энергобаланс,"Transformare, iesiri | Energie electrica",5398.0,ТДж,ENE020300_20260809-014024.xlsx,
2024-01-01,НБС ENE020300 энергобаланс,"Transformare, iesiri | Energie termica",8527.0,ТДж,ENE020300_20260809-014024.xlsx,
2010-01-01,НБС ENE020300 энергобаланс,Energia utilizata in sectorul energetic | Total,736.0,ТДж,ENE020300_20260809-014024.xlsx,
2010-01-01,НБС ENE020300 энергобаланс,Energia utilizata in sectorul energetic | Energie electrica,715.0,ТДж,ENE020300_20260809-014024.xlsx,
2010-01-01,НБС ENE020300 энергобаланс,Energia utilizata in sectorul energetic | Energie termica,21.0,ТДж,ENE020300_20260809-014024.xlsx,
2011-01-01,НБС ENE020300 энергобаланс,Energia utilizata in sectorul energetic | Total,708.0,ТДж,ENE020300_20260809-014024.xlsx,
2011-01-01,НБС ENE020300 энергобаланс,Energia utilizata in sectorul energetic | Energie electrica,690.0,ТДж,ENE020300_20260809-014024.xlsx,
2011-01-01,НБС ENE020300 энергобаланс,Energia utilizata in sectorul energetic | Energie termica,18.0,ТДж,ENE020300_20260809-014024.xlsx,
2012-01-01,НБС ENE020300 энергобаланс,Energia utilizata in sectorul energetic | Total,616.0,ТДж,ENE020300_20260809-014024.xlsx,
2012-01-01,НБС ENE020300 энергобаланс,Energia utilizata in sectorul energetic | Energie electrica,598.0,ТДж,ENE020300_20260809-014024.xlsx,
2012-01-01,НБС ENE020300 энергобаланс,Energia utilizata in sectorul energetic | Energie termica,18.0,ТДж,ENE020300_20260809-014024.xlsx,
2013-01-01,НБС ENE020300 энергобаланс,Energia utilizata in sectorul energetic | Total,515.0,ТДж,ENE020300_20260809-014024.xlsx,
2013-01-01,НБС ENE020300 энергобаланс,Energia utilizata in sectorul energetic | Energie electrica,492.0,ТДж,ENE020300_20260809-014024.xlsx,
2013-01-01,НБС ENE020300 энергобаланс,Energia utilizata in sectorul energetic | Energie termica,23.0,ТДж,ENE020300_20260809-014024.xlsx,
2014-01-01,НБС ENE020300 энергобаланс,Energia utilizata in sectorul energetic | Total,693.0,ТДж,ENE020300_20260809-014024.xlsx,
2014-01-01,НБС ENE020300 энергобаланс,Energia utilizata in sectorul energetic | Energie electrica,674.0,ТДж,ENE020300_20260809-014024.xlsx,
2014-01-01,НБС ENE020300 энергобаланс,Energia utilizata in sectorul energetic | Energie termica,19.0,ТДж,ENE020300_20260809-014024.xlsx,
2015-01-01,НБС ENE020300 энергобаланс,Energia utilizata in sectorul energetic | Total,721.0,ТДж,ENE020300_20260809-014024.xlsx,
2015-01-01,НБС ENE020300 энергобаланс,Energia utilizata in sectorul energetic | Produse petroliere,2.0,ТДж,ENE020300_20260809-014024.xlsx,
2015-01-01,НБС ENE020300 энергобаланс,Energia utilizata in sectorul energetic | Energie electrica,647.0,ТДж,ENE020300_20260809-014024.xlsx,
2015-01-01,НБС ENE020300 энергобаланс,Energia utilizata in sectorul energetic | Energie termica,72.0,ТДж,ENE020300_20260809-014024.xlsx,
2016-01-01,НБС ENE020300 энергобаланс,Energia utilizata in sectorul energetic | Total,730.0,ТДж,ENE020300_20260809-014024.xlsx,
2016-01-01,НБС ENE020300 энергобаланс,Energia utilizata in sectorul energetic | Produse petroliere,1.0,ТДж,ENE020300_20260809-014024.xlsx,
2016-01-01,НБС ENE020300 энергобаланс,Energia utilizata in sectorul energetic | Energie electrica,653.0,ТДж,ENE020300_20260809-014024.xlsx,
2016-01-01,НБС ENE020300 энергобаланс,Energia utilizata in sectorul energetic | Energie termica,76.0,ТДж,ENE020300_20260809-014024.xlsx,
2017-01-01,НБС ENE020300 энергобаланс,Energia utilizata in sectorul energetic | Total,709.0,ТДж,ENE020300_20260809-014024.xlsx,
2017-01-01,НБС ENE020300 энергобаланс,Energia utilizata in sectorul energetic | Gaz natural,6.0,ТДж,ENE020300_20260809-014024.xlsx,
2017-01-01,НБС ENE020300 энергобаланс,Energia utilizata in sectorul energetic | Energie electrica,634.0,ТДж,ENE020300_20260809-014024.xlsx,
2017-01-01,НБС ENE020300 энергобаланс,Energia utilizata in sectorul energetic | Energie termica,69.0,ТДж,ENE020300_20260809-014024.xlsx,
2018-01-01,НБС ENE020300 энергобаланс,Energia utilizata in sectorul energetic | Total,691.0,ТДж,ENE020300_20260809-014024.xlsx,
2018-01-01,НБС ENE020300 энергобаланс,Energia utilizata in sectorul energetic | Gaz natural,2.0,ТДж,ENE020300_20260809-014024.xlsx,
2018-01-01,НБС ENE020300 энергобаланс,Energia utilizata in sectorul energetic | Produse petroliere,1.0,ТДж,ENE020300_20260809-014024.xlsx,
2018-01-01,НБС ENE020300 энергобаланс,Energia utilizata in sectorul energetic | Energie electrica,618.0,ТДж,ENE020300_20260809-014024.xlsx,
2018-01-01,НБС ENE020300 энергобаланс,Energia utilizata in sectorul energetic | Energie termica,70.0,ТДж,ENE020300_20260809-014024.xlsx,
2019-01-01,НБС ENE020300 энергобаланс,Energia utilizata in sectorul energetic | Total,781.0,ТДж,ENE020300_20260809-014024.xlsx,
2019-01-01,НБС ENE020300 энергобаланс,Energia utilizata in sectorul energetic | Gaz natural,2.0,ТДж,ENE020300_20260809-014024.xlsx,
2019-01-01,НБС ENE020300 энергобаланс,Energia utilizata in sectorul energetic | Produse petroliere,0.0,ТДж,ENE020300_20260809-014024.xlsx,
2019-01-01,НБС ENE020300 энергобаланс,Energia utilizata in sectorul energetic | Energie electrica,734.0,ТДж,ENE020300_20260809-014024.xlsx,
2019-01-01,НБС ENE020300 энергобаланс,Energia utilizata in sectorul energetic | Energie termica,45.0,ТДж,ENE020300_20260809-014024.xlsx,
2020-01-01,НБС ENE020300 энергобаланс,Energia utilizata in sectorul energetic | Total,743.0,ТДж,ENE020300_20260809-014024.xlsx,
2020-01-01,НБС ENE020300 энергобаланс,Energia utilizata in sectorul energetic | Carbune,0.0,ТДж,ENE020300_20260809-014024.xlsx,
2020-01-01,НБС ENE020300 энергобаланс,Energia utilizata in sectorul energetic | Gaz natural,6.0,ТДж,ENE020300_20260809-014024.xlsx,
2020-01-01,НБС ENE020300 энергобаланс,Energia utilizata in sectorul energetic | Produse petroliere,0.0,ТДж,ENE020300_20260809-014024.xlsx,
2020-01-01,НБС ENE020300 энергобаланс,Energia utilizata in sectorul energetic | Energie electrica,687.0,ТДж,ENE020300_20260809-014024.xlsx,
2020-01-01,НБС ENE020300 энергобаланс,Energia utilizata in sectorul energetic | Energie termica,50.0,ТДж,ENE020300_20260809-014024.xlsx,
2021-01-01,НБС ENE020300 энергобаланс,Energia utilizata in sectorul energetic | Total,699.0,ТДж,ENE020300_20260809-014024.xlsx,
2021-01-01,НБС ENE020300 энергобаланс,Energia utilizata in sectorul energetic | Gaz natural,16.0,ТДж,ENE020300_20260809-014024.xlsx,
2021-01-01,НБС ENE020300 энергобаланс,Energia utilizata in sectorul energetic | Produse petroliere,1.0,ТДж,ENE020300_20260809-014024.xlsx,
2021-01-01,НБС ENE020300 энергобаланс,Energia utilizata in sectorul energetic | Energie electrica,630.0,ТДж,ENE020300_20260809-014024.xlsx,
2021-01-01,НБС ENE020300 энергобаланс,Energia utilizata in sectorul energetic | Energie termica,52.0,ТДж,ENE020300_20260809-014024.xlsx,
2022-01-01,НБС ENE020300 энергобаланс,Energia utilizata in sectorul energetic | Total,566.0,ТДж,ENE020300_20260809-014024.xlsx,
2022-01-01,НБС ENE020300 энергобаланс,Energia utilizata in sectorul energetic | Gaz natural,5.0,ТДж,ENE020300_20260809-014024.xlsx,
2022-01-01,НБС ENE020300 энергобаланс,Energia utilizata in sectorul energetic | Energie electrica,528.0,ТДж,ENE020300_20260809-014024.xlsx,
2022-01-01,НБС ENE020300 энергобаланс,Energia utilizata in sectorul energetic | Energie termica,33.0,ТДж,ENE020300_20260809-014024.xlsx,
2023-01-01,НБС ENE020300 энергобаланс,Energia utilizata in sectorul energetic | Total,569.0,ТДж,ENE020300_20260809-014024.xlsx,
2023-01-01,НБС ENE020300 энергобаланс,Energia utilizata in sectorul energetic | Gaz natural,13.0,ТДж,ENE020300_20260809-014024.xlsx,
2023-01-01,НБС ENE020300 энергобаланс,Energia utilizata in sectorul energetic | Energie electrica,525.0,ТДж,ENE020300_20260809-014024.xlsx,
2023-01-01,НБС ENE020300 энергобаланс,Energia utilizata in sectorul energetic | Energie termica,31.0,ТДж,ENE020300_20260809-014024.xlsx,
2024-01-01,НБС ENE020300 энергобаланс,Energia utilizata in sectorul energetic | Total,618.0,ТДж,ENE020300_20260809-014024.xlsx,
2024-01-01,НБС ENE020300 энергобаланс,Energia utilizata in sectorul energetic | Gaz natural,15.0,ТДж,ENE020300_20260809-014024.xlsx,
2024-01-01,НБС ENE020300 энергобаланс,Energia utilizata in sectorul energetic | Produse petroliere,1.0,ТДж,ENE020300_20260809-014024.xlsx,
2024-01-01,НБС ENE020300 энергобаланс,Energia utilizata in sectorul energetic | Energie electrica,573.0,ТДж,ENE020300_20260809-014024.xlsx,
2024-01-01,НБС ENE020300 энергобаланс,Energia utilizata in sectorul energetic | Energie termica,29.0,ТДж,ENE020300_20260809-014024.xlsx,
2010-01-01,НБС ENE020300 энергобаланс,Pierderi | Total,7532.0,ТДж,ENE020300_20260809-014024.xlsx,
2010-01-01,НБС ENE020300 энергобаланс,Pierderi | Carbune,32.0,ТДж,ENE020300_20260809-014024.xlsx,
2010-01-01,НБС ENE020300 энергобаланс,Pierderi | Gaz natural,3071.0,ТДж,ENE020300_20260809-014024.xlsx,
2010-01-01,НБС ENE020300 энергобаланс,Pierderi | Produse petroliere,231.0,ТДж,ENE020300_20260809-014024.xlsx,
2010-01-01,НБС ENE020300 энергобаланс,Pierderi | Biocombustibili si deseuri,7.0,ТДж,ENE020300_20260809-014024.xlsx,
2010-01-01,НБС ENE020300 энергобаланс,Pierderi | Energie electrica,2197.0,ТДж,ENE020300_20260809-014024.xlsx,
2010-01-01,НБС ENE020300 энергобаланс,Pierderi | Energie termica,1994.0,ТДж,ENE020300_20260809-014024.xlsx,
2011-01-01,НБС ENE020300 энергобаланс,Pierderi | Total,7431.0,ТДж,ENE020300_20260809-014024.xlsx,
2011-01-01,НБС ENE020300 энергобаланс,Pierderi | Carbune,14.0,ТДж,ENE020300_20260809-014024.xlsx,
2011-01-01,НБС ENE020300 энергобаланс,Pierderi | Gaz natural,3441.0,ТДж,ENE020300_20260809-014024.xlsx,
2011-01-01,НБС ENE020300 энергобаланс,Pierderi | Produse petroliere,159.0,ТДж,ENE020300_20260809-014024.xlsx,
2011-01-01,НБС ENE020300 энергобаланс,Pierderi | Biocombustibili si deseuri,8.0,ТДж,ENE020300_20260809-014024.xlsx,
2011-01-01,НБС ENE020300 энергобаланс,Pierderi | Energie electrica,2121.0,ТДж,ENE020300_20260809-014024.xlsx,
2011-01-01,НБС ENE020300 энергобаланс,Pierderi | Energie termica,1688.0,ТДж,ENE020300_20260809-014024.xlsx,
2012-01-01,НБС ENE020300 энергобаланс,Pierderi | Total,7213.0,ТДж,ENE020300_20260809-014024.xlsx,
2012-01-01,НБС ENE020300 энергобаланс,Pierderi | Carbune,11.0,ТДж,ENE020300_20260809-014024.xlsx,
2012-01-01,НБС ENE020300 энергобаланс,Pierderi | Gaz natural,3191.0,ТДж,ENE020300_20260809-014024.xlsx,
2012-01-01,НБС ENE020300 энергобаланс,Pierderi | Produse petroliere,201.0,ТДж,ENE020300_20260809-014024.xlsx,
2012-01-01,НБС ENE020300 энергобаланс,Pierderi | Biocombustibili si deseuri,2.0,ТДж,ENE020300_20260809-014024.xlsx,
2012-01-01,НБС ENE020300 энергобаланс,Pierderi | Energie electrica,2070.0,ТДж,ENE020300_20260809-014024.xlsx,
2012-01-01,НБС ENE020300 энергобаланс,Pierderi | Energie termica,1738.0,ТДж,ENE020300_20260809-014024.xlsx,
2013-01-01,НБС ENE020300 энергобаланс,Pierderi | Total,6614.0,ТДж,ENE020300_20260809-014024.xlsx,
2013-01-01,НБС ENE020300 энергобаланс,Pierderi | Carbune,34.0,ТДж,ENE020300_20260809-014024.xlsx,
2013-01-01,НБС ENE020300 энергобаланс,Pierderi | Gaz natural,2707.0,ТДж,ENE020300_20260809-014024.xlsx,
2013-01-01,НБС ENE020300 энергобаланс,Pierderi | Produse petroliere,244.0,ТДж,ENE020300_20260809-014024.xlsx,
2013-01-01,НБС ENE020300 энергобаланс,Pierderi | Biocombustibili si deseuri,11.0,ТДж,ENE020300_20260809-014024.xlsx,
2013-01-01,НБС ENE020300 энергобаланс,Pierderi | Energie electrica,1945.0,ТДж,ENE020300_20260809-014024.xlsx,
2013-01-01,НБС ENE020300 энергобаланс,Pierderi | Energie termica,1673.0,ТДж,ENE020300_20260809-014024.xlsx,
2014-01-01,НБС ENE020300 энергобаланс,Pierderi | Total,6434.0,ТДж,ENE020300_20260809-014024.xlsx,
2014-01-01,НБС ENE020300 энергобаланс,Pierderi | Carbune,29.0,ТДж,ENE020300_20260809-014024.xlsx,
2014-01-01,НБС ENE020300 энергобаланс,Pierderi | Gaz natural,2866.0,ТДж,ENE020300_20260809-014024.xlsx,
2014-01-01,НБС ENE020300 энергобаланс,Pierderi | Produse petroliere,160.0,ТДж,ENE020300_20260809-014024.xlsx,
2014-01-01,НБС ENE020300 энергобаланс,Pierderi | Biocombustibili si deseuri,18.0,ТДж,ENE020300_20260809-014024.xlsx,
2014-01-01,НБС ENE020300 энергобаланс,Pierderi | Energie electrica,1701.0,ТДж,ENE020300_20260809-014024.xlsx,
2014-01-01,НБС ENE020300 энергобаланс,Pierderi | Energie termica,1660.0,ТДж,ENE020300_20260809-014024.xlsx,
2015-01-01,НБС ENE020300 энергобаланс,Pierderi | Total,5531.0,ТДж,ENE020300_20260809-014024.xlsx,
2015-01-01,НБС ENE020300 энергобаланс,Pierderi | Carbune,2.0,ТДж,ENE020300_20260809-014024.xlsx,
2015-01-01,НБС ENE020300 энергобаланс,Pierderi | Gaz natural,2434.0,ТДж,ENE020300_20260809-014024.xlsx,
2015-01-01,НБС ENE020300 энергобаланс,Pierderi | Produse petroliere,151.0,ТДж,ENE020300_20260809-014024.xlsx,
2015-01-01,НБС ENE020300 энергобаланс,Pierderi | Biocombustibili si deseuri,7.0,ТДж,ENE020300_20260809-014024.xlsx,
2015-01-01,НБС ENE020300 энергобаланс,Pierderi | Energie electrica,1437.0,ТДж,ENE020300_20260809-014024.xlsx,
2015-01-01,НБС ENE020300 энергобаланс,Pierderi | Energie termica,1500.0,ТДж,ENE020300_20260809-014024.xlsx,
2016-01-01,НБС ENE020300 энергобаланс,Pierderi | Total,5405.0,ТДж,ENE020300_20260809-014024.xlsx,
2016-01-01,НБС ENE020300 энергобаланс,Pierderi | Carbune,7.0,ТДж,ENE020300_20260809-014024.xlsx,
2016-01-01,НБС ENE020300 энергобаланс,Pierderi | Gaz natural,2115.0,ТДж,ENE020300_20260809-014024.xlsx,
2016-01-01,НБС ENE020300 энергобаланс,Pierderi | Produse petroliere,172.0,ТДж,ENE020300_20260809-014024.xlsx,
2016-01-01,НБС ENE020300 энергобаланс,Pierderi | Biocombustibili si deseuri,1.0,ТДж,ENE020300_20260809-014024.xlsx,
2016-01-01,НБС ENE020300 энергобаланс,Pierderi | Energie electrica,1543.0,ТДж,ENE020300_20260809-014024.xlsx,
2016-01-01,НБС ENE020300 энергобаланс,Pierderi | Energie termica,1567.0,ТДж,ENE020300_20260809-014024.xlsx,
2017-01-01,НБС ENE020300 энергобаланс,Pierderi | Total,5403.0,ТДж,ENE020300_20260809-014024.xlsx,
2017-01-01,НБС ENE020300 энергобаланс,Pierderi | Carbune,12.0,ТДж,ENE020300_20260809-014024.xlsx,
2017-01-01,НБС ENE020300 энергобаланс,Pierderi | Gaz natural,2058.0,ТДж,ENE020300_20260809-014024.xlsx,
2017-01-01,НБС ENE020300 энергобаланс,Pierderi | Produse petroliere,126.0,ТДж,ENE020300_20260809-014024.xlsx,
2017-01-01,НБС ENE020300 энергобаланс,Pierderi | Biocombustibili si deseuri,2.0,ТДж,ENE020300_20260809-014024.xlsx,
2017-01-01,НБС ENE020300 энергобаланс,Pierderi | Energie electrica,1546.0,ТДж,ENE020300_20260809-014024.xlsx,
2017-01-01,НБС ENE020300 энергобаланс,Pierderi | Energie termica,1659.0,ТДж,ENE020300_20260809-014024.xlsx,
2018-01-01,НБС ENE020300 энергобаланс,Pierderi | Total,5214.0,ТДж,ENE020300_20260809-014024.xlsx,
2018-01-01,НБС ENE020300 энергобаланс,Pierderi | Carbune,6.0,ТДж,ENE020300_20260809-014024.xlsx,
2018-01-01,НБС ENE020300 энергобаланс,Pierderi | Gaz natural,1861.0,ТДж,ENE020300_20260809-014024.xlsx,
2018-01-01,НБС ENE020300 энергобаланс,Pierderi | Produse petroliere,131.0,ТДж,ENE020300_20260809-014024.xlsx,
2018-01-01,НБС ENE020300 энергобаланс,Pierderi | Biocombustibili si deseuri,1.0,ТДж,ENE020300_20260809-014024.xlsx,
2018-01-01,НБС ENE020300 энергобаланс,Pierderi | Energie electrica,1590.0,ТДж,ENE020300_20260809-014024.xlsx,
2018-01-01,НБС ENE020300 энергобаланс,Pierderi | Energie termica,1625.0,ТДж,ENE020300_20260809-014024.xlsx,
2019-01-01,НБС ENE020300 энергобаланс,Pierderi | Total,4345.0,ТДж,ENE020300_20260809-014024.xlsx,
2019-01-01,НБС ENE020300 энергобаланс,Pierderi | Carbune,4.0,ТДж,ENE020300_20260809-014024.xlsx,
2019-01-01,НБС ENE020300 энергобаланс,Pierderi | Gaz natural,1227.0,ТДж,ENE020300_20260809-014024.xlsx,
2019-01-01,НБС ENE020300 энергобаланс,Pierderi | Produse petroliere,131.0,ТДж,ENE020300_20260809-014024.xlsx,
2019-01-01,НБС ENE020300 энергобаланс,Pierderi | Biocombustibili si deseuri,1.0,ТДж,ENE020300_20260809-014024.xlsx,
2019-01-01,НБС ENE020300 энергобаланс,Pierderi | Energie electrica,1533.0,ТДж,ENE020300_20260809-014024.xlsx,
2019-01-01,НБС ENE020300 энергобаланс,Pierderi | Energie termica,1449.0,ТДж,ENE020300_20260809-014024.xlsx,
2020-01-01,НБС ENE020300 энергобаланс,Pierderi | Total,3964.0,ТДж,ENE020300_20260809-014024.xlsx,
2020-01-01,НБС ENE020300 энергобаланс,Pierderi | Carbune,6.0,ТДж,ENE020300_20260809-014024.xlsx,
2020-01-01,НБС ENE020300 энергобаланс,Pierderi | Gaz natural,999.0,ТДж,ENE020300_20260809-014024.xlsx,
2020-01-01,НБС ENE020300 энергобаланс,Pierderi | Produse petroliere,109.0,ТДж,ENE020300_20260809-014024.xlsx,
2020-01-01,НБС ENE020300 энергобаланс,Pierderi | Biocombustibili si deseuri,5.0,ТДж,ENE020300_20260809-014024.xlsx,
2020-01-01,НБС ENE020300 энергобаланс,Pierderi | Energie electrica,1456.0,ТДж,ENE020300_20260809-014024.xlsx,
2020-01-01,НБС ENE020300 энергобаланс,Pierderi | Energie termica,1389.0,ТДж,ENE020300_20260809-014024.xlsx,
2021-01-01,НБС ENE020300 энергобаланс,Pierderi | Total,4074.0,ТДж,ENE020300_20260809-014024.xlsx,
2021-01-01,НБС ENE020300 энергобаланс,Pierderi | Carbune,4.0,ТДж,ENE020300_20260809-014024.xlsx,
2021-01-01,НБС ENE020300 энергобаланс,Pierderi | Gaz natural,964.0,ТДж,ENE020300_20260809-014024.xlsx,
2021-01-01,НБС ENE020300 энергобаланс,Pierderi | Produse petroliere,115.0,ТДж,ENE020300_20260809-014024.xlsx,
2021-01-01,НБС ENE020300 энергобаланс,Pierderi | Biocombustibili si deseuri,2.0,ТДж,ENE020300_20260809-014024.xlsx,
2021-01-01,НБС ENE020300 энергобаланс,Pierderi | Energie electrica,1565.0,ТДж,ENE020300_20260809-014024.xlsx,
2021-01-01,НБС ENE020300 энергобаланс,Pierderi | Energie termica,1424.0,ТДж,ENE020300_20260809-014024.xlsx,
2022-01-01,НБС ENE020300 энергобаланс,Pierderi | Total,3877.0,ТДж,ENE020300_20260809-014024.xlsx,
2022-01-01,НБС ENE020300 энергобаланс,Pierderi | Carbune,2.0,ТДж,ENE020300_20260809-014024.xlsx,
2022-01-01,НБС ENE020300 энергобаланс,Pierderi | Gaz natural,826.0,ТДж,ENE020300_20260809-014024.xlsx,
2022-01-01,НБС ENE020300 энергобаланс,Pierderi | Produse petroliere,105.0,ТДж,ENE020300_20260809-014024.xlsx,
2022-01-01,НБС ENE020300 энергобаланс,Pierderi | Biocombustibili si deseuri,5.0,ТДж,ENE020300_20260809-014024.xlsx,
2022-01-01,НБС ENE020300 энергобаланс,Pierderi | Energie electrica,1667.0,ТДж,ENE020300_20260809-014024.xlsx,
2022-01-01,НБС ENE020300 энергобаланс,Pierderi | Energie termica,1272.0,ТДж,ENE020300_20260809-014024.xlsx,
2023-01-01,НБС ENE020300 энергобаланс,Pierderi | Total,3596.0,ТДж,ENE020300_20260809-014024.xlsx,
2023-01-01,НБС ENE020300 энергобаланс,Pierderi | Carbune,16.0,ТДж,ENE020300_20260809-014024.xlsx,
2023-01-01,НБС ENE020300 энергобаланс,Pierderi | Gaz natural,627.0,ТДж,ENE020300_20260809-014024.xlsx,
2023-01-01,НБС ENE020300 энергобаланс,Pierderi | Produse petroliere,108.0,ТДж,ENE020300_20260809-014024.xlsx,
2023-01-01,НБС ENE020300 энергобаланс,Pierderi | Biocombustibili si deseuri,13.0,ТДж,ENE020300_20260809-014024.xlsx,
2023-01-01,НБС ENE020300 энергобаланс,Pierderi | Energie electrica,1571.0,ТДж,ENE020300_20260809-014024.xlsx,
2023-01-01,НБС ENE020300 энергобаланс,Pierderi | Energie termica,1261.0,ТДж,ENE020300_20260809-014024.xlsx,
2024-01-01,НБС ENE020300 энергобаланс,Pierderi | Total,3777.0,ТДж,ENE020300_20260809-014024.xlsx,
2024-01-01,НБС ENE020300 энергобаланс,Pierderi | Carbune,7.0,ТДж,ENE020300_20260809-014024.xlsx,
2024-01-01,НБС ENE020300 энергобаланс,Pierderi | Gaz natural,566.0,ТДж,ENE020300_20260809-014024.xlsx,
2024-01-01,НБС ENE020300 энергобаланс,Pierderi | Produse petroliere,139.0,ТДж,ENE020300_20260809-014024.xlsx,
2024-01-01,НБС ENE020300 энергобаланс,Pierderi | Biocombustibili si deseuri,5.0,ТДж,ENE020300_20260809-014024.xlsx,
2024-01-01,НБС ENE020300 энергобаланс,Pierderi | Energie electrica,1793.0,ТДж,ENE020300_20260809-014024.xlsx,
2024-01-01,НБС ENE020300 энергобаланс,Pierderi | Energie termica,1267.0,ТДж,ENE020300_20260809-014024.xlsx,
2010-01-01,НБС ENE020300 энергобаланс,CONSUMUL FINAL | Total,98013.0,ТДж,ENE020300_20260809-014024.xlsx,
2010-01-01,НБС ENE020300 энергобаланс,CONSUMUL FINAL | Carbune,4738.0,ТДж,ENE020300_20260809-014024.xlsx,
2010-01-01,НБС ENE020300 энергобаланс,CONSUMUL FINAL | Gaz natural,18992.0,ТДж,ENE020300_20260809-014024.xlsx,
2010-01-01,НБС ENE020300 энергобаланс,CONSUMUL FINAL | Produse petroliere,31517.0,ТДж,ENE020300_20260809-014024.xlsx,
2010-01-01,НБС ENE020300 энергобаланс,CONSUMUL FINAL | Biocombustibili si deseuri,20902.0,ТДж,ENE020300_20260809-014024.xlsx,
2010-01-01,НБС ENE020300 энергобаланс,CONSUMUL FINAL | Energie electrica,11840.0,ТДж,ENE020300_20260809-014024.xlsx,
2010-01-01,НБС ENE020300 энергобаланс,CONSUMUL FINAL | Energie termica,10024.0,ТДж,ENE020300_20260809-014024.xlsx,
2011-01-01,НБС ENE020300 энергобаланс,CONSUMUL FINAL | Total,100409.0,ТДж,ENE020300_20260809-014024.xlsx,
2011-01-01,НБС ENE020300 энергобаланс,CONSUMUL FINAL | Carbune,4937.0,ТДж,ENE020300_20260809-014024.xlsx,
2011-01-01,НБС ENE020300 энергобаланс,CONSUMUL FINAL | Gaz natural,18237.0,ТДж,ENE020300_20260809-014024.xlsx,
2011-01-01,НБС ENE020300 энергобаланс,CONSUMUL FINAL | Produse petroliere,33168.0,ТДж,ENE020300_20260809-014024.xlsx,
2011-01-01,НБС ENE020300 энергобаланс,CONSUMUL FINAL | Biocombustibili si deseuri,22202.0,ТДж,ENE020300_20260809-014024.xlsx,
2011-01-01,НБС ENE020300 энергобаланс,CONSUMUL FINAL | Energie electrica,12169.0,ТДж,ENE020300_20260809-014024.xlsx,
2011-01-01,НБС ENE020300 энергобаланс,CONSUMUL FINAL | Energie termica,9696.0,ТДж,ENE020300_20260809-014024.xlsx,
2012-01-01,НБС ENE020300 энергобаланс,CONSUMUL FINAL | Total,98652.0,ТДж,ENE020300_20260809-014024.xlsx,
2012-01-01,НБС ENE020300 энергобаланс,CONSUMUL FINAL | Carbune,4769.0,ТДж,ENE020300_20260809-014024.xlsx,
2012-01-01,НБС ENE020300 энергобаланс,CONSUMUL FINAL | Gaz natural,17135.0,ТДж,ENE020300_20260809-014024.xlsx,
2012-01-01,НБС ENE020300 энергобаланс,CONSUMUL FINAL | Produse petroliere,31274.0,ТДж,ENE020300_20260809-014024.xlsx,
2012-01-01,НБС ENE020300 энергобаланс,CONSUMUL FINAL | Biocombustibili si deseuri,23862.0,ТДж,ENE020300_20260809-014024.xlsx,
2012-01-01,НБС ENE020300 энергобаланс,CONSUMUL FINAL | Energie electrica,12492.0,ТДж,ENE020300_20260809-014024.xlsx,
2012-01-01,НБС ENE020300 энергобаланс,CONSUMUL FINAL | Energie termica,9120.0,ТДж,ENE020300_20260809-014024.xlsx,
2013-01-01,НБС ENE020300 энергобаланс,CONSUMUL FINAL | Total,100127.0,ТДж,ENE020300_20260809-014024.xlsx,
2013-01-01,НБС ENE020300 энергобаланс,CONSUMUL FINAL | Carbune,5920.0,ТДж,ENE020300_20260809-014024.xlsx,
2013-01-01,НБС ENE020300 энергобаланс,CONSUMUL FINAL | Gaz natural,16346.0,ТДж,ENE020300_20260809-014024.xlsx,
2013-01-01,НБС ENE020300 энергобаланс,CONSUMUL FINAL | Produse petroliere,31973.0,ТДж,ENE020300_20260809-014024.xlsx,
2013-01-01,НБС ENE020300 энергобаланс,CONSUMUL FINAL | Biocombustibili si deseuri,24127.0,ТДж,ENE020300_20260809-014024.xlsx,
2013-01-01,НБС ENE020300 энергобаланс,CONSUMUL FINAL | Energie electrica,12817.0,ТДж,ENE020300_20260809-014024.xlsx,
2013-01-01,НБС ENE020300 энергобаланс,CONSUMUL FINAL | Energie termica,8944.0,ТДж,ENE020300_20260809-014024.xlsx,
2014-01-01,НБС ENE020300 энергобаланс,CONSUMUL FINAL | Total,100810.0,ТДж,ENE020300_20260809-014024.xlsx,
2014-01-01,НБС ENE020300 энергобаланс,CONSUMUL FINAL | Carbune,3902.0,ТДж,ENE020300_20260809-014024.xlsx,
2014-01-01,НБС ENE020300 энергобаланс,CONSUMUL FINAL | Gaz natural,16171.0,ТДж,ENE020300_20260809-014024.xlsx,
2014-01-01,НБС ENE020300 энергобаланс,CONSUMUL FINAL | Produse petroliere,32974.0,ТДж,ENE020300_20260809-014024.xlsx,
2014-01-01,НБС ENE020300 энергобаланс,CONSUMUL FINAL | Biocombustibili si deseuri,25851.0,ТДж,ENE020300_20260809-014024.xlsx,
2014-01-01,НБС ENE020300 энергобаланс,CONSUMUL FINAL | Energie electrica,13125.0,ТДж,ENE020300_20260809-014024.xlsx,
2014-01-01,НБС ENE020300 энергобаланс,CONSUMUL FINAL | Energie termica,8787.0,ТДж,ENE020300_20260809-014024.xlsx,
2015-01-01,НБС ENE020300 энергобаланс,CONSUMUL FINAL | Total,103142.0,ТДж,ENE020300_20260809-014024.xlsx,
2015-01-01,НБС ENE020300 энергобаланс,CONSUMUL FINAL | Carbune,4216.0,ТДж,ENE020300_20260809-014024.xlsx,
2015-01-01,НБС ENE020300 энергобаланс,CONSUMUL FINAL | Gaz natural,16454.0,ТДж,ENE020300_20260809-014024.xlsx,
2015-01-01,НБС ENE020300 энергобаланс,CONSUMUL FINAL | Produse petroliere,34152.0,ТДж,ENE020300_20260809-014024.xlsx,
2015-01-01,НБС ENE020300 энергобаланс,CONSUMUL FINAL | Biocombustibili si deseuri,26409.0,ТДж,ENE020300_20260809-014024.xlsx,
2015-01-01,НБС ENE020300 энергобаланс,CONSUMUL FINAL | Energie electrica,13441.0,ТДж,ENE020300_20260809-014024.xlsx,
2015-01-01,НБС ENE020300 энергобаланс,CONSUMUL FINAL | Energie termica,8470.0,ТДж,ENE020300_20260809-014024.xlsx,
2016-01-01,НБС ENE020300 энергобаланс,CONSUMUL FINAL | Total,107790.0,ТДж,ENE020300_20260809-014024.xlsx,
2016-01-01,НБС ENE020300 энергобаланс,CONSUMUL FINAL | Carbune,3059.0,ТДж,ENE020300_20260809-014024.xlsx,
2016-01-01,НБС ENE020300 энергобаланс,CONSUMUL FINAL | Gaz natural,17510.0,ТДж,ENE020300_20260809-014024.xlsx,
2016-01-01,НБС ENE020300 энергобаланс,CONSUMUL FINAL | Produse petroliere,36791.0,ТДж,ENE020300_20260809-014024.xlsx,
2016-01-01,НБС ENE020300 энергобаланс,CONSUMUL FINAL | Biocombustibili si deseuri,28417.0,ТДж,ENE020300_20260809-014024.xlsx,
2016-01-01,НБС ENE020300 энергобаланс,CONSUMUL FINAL | Energie electrica,13050.0,ТДж,ENE020300_20260809-014024.xlsx,
2016-01-01,НБС ENE020300 энергобаланс,CONSUMUL FINAL | Energie termica,8963.0,ТДж,ENE020300_20260809-014024.xlsx,
2017-01-01,НБС ENE020300 энергобаланс,CONSUMUL FINAL | Total,114088.0,ТДж,ENE020300_20260809-014024.xlsx,
2017-01-01,НБС ENE020300 энергобаланс,CONSUMUL FINAL | Carbune,4305.0,ТДж,ENE020300_20260809-014024.xlsx,
2017-01-01,НБС ENE020300 энергобаланс,CONSUMUL FINAL | Gaz natural,17959.0,ТДж,ENE020300_20260809-014024.xlsx,
2017-01-01,НБС ENE020300 энергобаланс,CONSUMUL FINAL | Produse petroliere,38685.0,ТДж,ENE020300_20260809-014024.xlsx,
2017-01-01,НБС ENE020300 энергобаланс,CONSUMUL FINAL | Biocombustibili si deseuri,31272.0,ТДж,ENE020300_20260809-014024.xlsx,
2017-01-01,НБС ENE020300 энергобаланс,CONSUMUL FINAL | Energie electrica,13344.0,ТДж,ENE020300_20260809-014024.xlsx,
2017-01-01,НБС ENE020300 энергобаланс,CONSUMUL FINAL | Energie termica,8523.0,ТДж,ENE020300_20260809-014024.xlsx,
2018-01-01,НБС ENE020300 энергобаланс,CONSUMUL FINAL | Total,119944.0,ТДж,ENE020300_20260809-014024.xlsx,
2018-01-01,НБС ENE020300 энергобаланс,CONSUMUL FINAL | Carbune,3259.0,ТДж,ENE020300_20260809-014024.xlsx,
2018-01-01,НБС ENE020300 энергобаланс,CONSUMUL FINAL | Gaz natural,20364.0,ТДж,ENE020300_20260809-014024.xlsx,
2018-01-01,НБС ENE020300 энергобаланс,CONSUMUL FINAL | Produse petroliere,41510.0,ТДж,ENE020300_20260809-014024.xlsx,
2018-01-01,НБС ENE020300 энергобаланс,CONSUMUL FINAL | Biocombustibili si deseuri,32006.0,ТДж,ENE020300_20260809-014024.xlsx,
2018-01-01,НБС ENE020300 энергобаланс,CONSUMUL FINAL | Energie electrica,13842.0,ТДж,ENE020300_20260809-014024.xlsx,
2018-01-01,НБС ENE020300 энергобаланс,CONSUMUL FINAL | Energie termica,8963.0,ТДж,ENE020300_20260809-014024.xlsx,
2019-01-01,НБС ENE020300 энергобаланс,CONSUMUL FINAL | Total,114885.0,ТДж,ENE020300_20260809-014024.xlsx,
2019-01-01,НБС ENE020300 энергобаланс,CONSUMUL FINAL | Carbune,4290.0,ТДж,ENE020300_20260809-014024.xlsx,
2019-01-01,НБС ENE020300 энергобаланс,CONSUMUL FINAL | Gaz natural,20012.0,ТДж,ENE020300_20260809-014024.xlsx,
2019-01-01,НБС ENE020300 энергобаланс,CONSUMUL FINAL | Produse petroliere,42346.0,ТДж,ENE020300_20260809-014024.xlsx,
2019-01-01,НБС ENE020300 энергобаланс,CONSUMUL FINAL | Biocombustibili si deseuri,26323.0,ТДж,ENE020300_20260809-014024.xlsx,
2019-01-01,НБС ENE020300 энергобаланс,CONSUMUL FINAL | Energie electrica,13738.0,ТДж,ENE020300_20260809-014024.xlsx,
2019-01-01,НБС ENE020300 энергобаланс,CONSUMUL FINAL | Energie termica,8176.0,ТДж,ENE020300_20260809-014024.xlsx,
2020-01-01,НБС ENE020300 энергобаланс,CONSUMUL FINAL | Total,111950.0,ТДж,ENE020300_20260809-014024.xlsx,
2020-01-01,НБС ENE020300 энергобаланс,CONSUMUL FINAL | Carbune,3248.0,ТДж,ENE020300_20260809-014024.xlsx,
2020-01-01,НБС ENE020300 энергобаланс,CONSUMUL FINAL | Gaz natural,20806.0,ТДж,ENE020300_20260809-014024.xlsx,
2020-01-01,НБС ENE020300 энергобаланс,CONSUMUL FINAL | Produse petroliere,39480.0,ТДж,ENE020300_20260809-014024.xlsx,
2020-01-01,НБС ENE020300 энергобаланс,CONSUMUL FINAL | Biocombustibili si deseuri,26777.0,ТДж,ENE020300_20260809-014024.xlsx,
2020-01-01,НБС ENE020300 энергобаланс,CONSUMUL FINAL | Energie electrica,13713.0,ТДж,ENE020300_20260809-014024.xlsx,
2020-01-01,НБС ENE020300 энергобаланс,CONSUMUL FINAL | Energie termica,7926.0,ТДж,ENE020300_20260809-014024.xlsx,
2021-01-01,НБС ENE020300 энергобаланс,CONSUMUL FINAL | Total,122717.0,ТДж,ENE020300_20260809-014024.xlsx,
2021-01-01,НБС ENE020300 энергобаланс,CONSUMUL FINAL | Carbune,3828.0,ТДж,ENE020300_20260809-014024.xlsx,
2021-01-01,НБС ENE020300 энергобаланс,CONSUMUL FINAL | Gaz natural,25214.0,ТДж,ENE020300_20260809-014024.xlsx,
2021-01-01,НБС ENE020300 энергобаланс,CONSUMUL FINAL | Produse petroliere,43768.0,ТДж,ENE020300_20260809-014024.xlsx,
2021-01-01,НБС ENE020300 энергобаланс,CONSUMUL FINAL | Biocombustibili si deseuri,25990.0,ТДж,ENE020300_20260809-014024.xlsx,
2021-01-01,НБС ENE020300 энергобаланс,CONSUMUL FINAL | Energie electrica,14875.0,ТДж,ENE020300_20260809-014024.xlsx,
2021-01-01,НБС ENE020300 энергобаланс,CONSUMUL FINAL | Energie termica,9042.0,ТДж,ENE020300_20260809-014024.xlsx,
2022-01-01,НБС ENE020300 энергобаланс,CONSUMUL FINAL | Total,108653.0,ТДж,ENE020300_20260809-014024.xlsx,
2022-01-01,НБС ENE020300 энергобаланс,CONSUMUL FINAL | Carbune,2698.0,ТДж,ENE020300_20260809-014024.xlsx,
2022-01-01,НБС ENE020300 энергобаланс,CONSUMUL FINAL | Gaz natural,18792.0,ТДж,ENE020300_20260809-014024.xlsx,
2022-01-01,НБС ENE020300 энергобаланс,CONSUMUL FINAL | Produse petroliere,43185.0,ТДж,ENE020300_20260809-014024.xlsx,
2022-01-01,НБС ENE020300 энергобаланс,CONSUMUL FINAL | Biocombustibili si deseuri,21870.0,ТДж,ENE020300_20260809-014024.xlsx,
2022-01-01,НБС ENE020300 энергобаланс,CONSUMUL FINAL | Energie electrica,14565.0,ТДж,ENE020300_20260809-014024.xlsx,
2022-01-01,НБС ENE020300 энергобаланс,CONSUMUL FINAL | Energie termica,7543.0,ТДж,ENE020300_20260809-014024.xlsx,
2023-01-01,НБС ENE020300 энергобаланс,CONSUMUL FINAL | Total,103453.0,ТДж,ENE020300_20260809-014024.xlsx,
2023-01-01,НБС ENE020300 энергобаланс,CONSUMUL FINAL | Carbune,2216.0,ТДж,ENE020300_20260809-014024.xlsx,
2023-01-01,НБС ENE020300 энергобаланс,CONSUMUL FINAL | Gaz natural,15250.0,ТДж,ENE020300_20260809-014024.xlsx,
2023-01-01,НБС ENE020300 энергобаланс,CONSUMUL FINAL | Produse petroliere,42739.0,ТДж,ENE020300_20260809-014024.xlsx,
2023-01-01,НБС ENE020300 энергобаланс,CONSUMUL FINAL | Biocombustibili si deseuri,21875.0,ТДж,ENE020300_20260809-014024.xlsx,
2023-01-01,НБС ENE020300 энергобаланс,CONSUMUL FINAL | Energie electrica,14214.0,ТДж,ENE020300_20260809-014024.xlsx,
2023-01-01,НБС ENE020300 энергобаланс,CONSUMUL FINAL | Energie termica,7156.0,ТДж,ENE020300_20260809-014024.xlsx,
2024-01-01,НБС ENE020300 энергобаланс,CONSUMUL FINAL | Total,107740.0,ТДж,ENE020300_20260809-014024.xlsx,
2024-01-01,НБС ENE020300 энергобаланс,CONSUMUL FINAL | Carbune,2223.0,ТДж,ENE020300_20260809-014024.xlsx,
2024-01-01,НБС ENE020300 энергобаланс,CONSUMUL FINAL | Gaz natural,16970.0,ТДж,ENE020300_20260809-014024.xlsx,
2024-01-01,НБС ENE020300 энергобаланс,CONSUMUL FINAL | Produse petroliere,45921.0,ТДж,ENE020300_20260809-014024.xlsx,
2024-01-01,НБС ENE020300 энергобаланс,CONSUMUL FINAL | Biocombustibili si deseuri,20140.0,ТДж,ENE020300_20260809-014024.xlsx,
2024-01-01,НБС ENE020300 энергобаланс,CONSUMUL FINAL | Energie electrica,15255.0,ТДж,ENE020300_20260809-014024.xlsx,
2024-01-01,НБС ENE020300 энергобаланс,CONSUMUL FINAL | Energie termica,7231.0,ТДж,ENE020300_20260809-014024.xlsx,
2010-01-01,НБС ENE020300 энергобаланс,..Industrie | Total,9642.0,ТДж,ENE020300_20260809-014024.xlsx,
2010-01-01,НБС ENE020300 энергобаланс,..Industrie | Carbune,1380.0,ТДж,ENE020300_20260809-014024.xlsx,
2010-01-01,НБС ENE020300 энергобаланс,..Industrie | Gaz natural,2693.0,ТДж,ENE020300_20260809-014024.xlsx,
2010-01-01,НБС ENE020300 энергобаланс,..Industrie | Produse petroliere,493.0,ТДж,ENE020300_20260809-014024.xlsx,
2010-01-01,НБС ENE020300 энергобаланс,..Industrie | Biocombustibili si deseuri,27.0,ТДж,ENE020300_20260809-014024.xlsx,
2010-01-01,НБС ENE020300 энергобаланс,..Industrie | Energie electrica,2841.0,ТДж,ENE020300_20260809-014024.xlsx,
2010-01-01,НБС ENE020300 энергобаланс,..Industrie | Energie termica,2208.0,ТДж,ENE020300_20260809-014024.xlsx,
2011-01-01,НБС ENE020300 энергобаланс,..Industrie | Total,9955.0,ТДж,ENE020300_20260809-014024.xlsx,
2011-01-01,НБС ENE020300 энергобаланс,..Industrie | Carbune,1745.0,ТДж,ENE020300_20260809-014024.xlsx,
2011-01-01,НБС ENE020300 энергобаланс,..Industrie | Gaz natural,2766.0,ТДж,ENE020300_20260809-014024.xlsx,
2011-01-01,НБС ENE020300 энергобаланс,..Industrie | Produse petroliere,433.0,ТДж,ENE020300_20260809-014024.xlsx,
2011-01-01,НБС ENE020300 энергобаланс,..Industrie | Biocombustibili si deseuri,47.0,ТДж,ENE020300_20260809-014024.xlsx,
2011-01-01,НБС ENE020300 энергобаланс,..Industrie | Energie electrica,2931.0,ТДж,ENE020300_20260809-014024.xlsx,
2011-01-01,НБС ENE020300 энергобаланс,..Industrie | Energie termica,2033.0,ТДж,ENE020300_20260809-014024.xlsx,
2012-01-01,НБС ENE020300 энергобаланс,..Industrie | Total,10169.0,ТДж,ENE020300_20260809-014024.xlsx,
2012-01-01,НБС ENE020300 энергобаланс,..Industrie | Carbune,1288.0,ТДж,ENE020300_20260809-014024.xlsx,
2012-01-01,НБС ENE020300 энергобаланс,..Industrie | Gaz natural,2687.0,ТДж,ENE020300_20260809-014024.xlsx,
2012-01-01,НБС ENE020300 энергобаланс,..Industrie | Produse petroliere,1250.0,ТДж,ENE020300_20260809-014024.xlsx,
2012-01-01,НБС ENE020300 энергобаланс,..Industrie | Biocombustibili si deseuri,55.0,ТДж,ENE020300_20260809-014024.xlsx,
2012-01-01,НБС ENE020300 энергобаланс,..Industrie | Energie electrica,3044.0,ТДж,ENE020300_20260809-014024.xlsx,
2012-01-01,НБС ENE020300 энергобаланс,..Industrie | Energie termica,1845.0,ТДж,ENE020300_20260809-014024.xlsx,
2013-01-01,НБС ENE020300 энергобаланс,..Industrie | Total,10692.0,ТДж,ENE020300_20260809-014024.xlsx,
2013-01-01,НБС ENE020300 энергобаланс,..Industrie | Carbune,2253.0,ТДж,ENE020300_20260809-014024.xlsx,
2013-01-01,НБС ENE020300 энергобаланс,..Industrie | Gaz natural,2445.0,ТДж,ENE020300_20260809-014024.xlsx,
2013-01-01,НБС ENE020300 энергобаланс,..Industrie | Produse petroliere,692.0,ТДж,ENE020300_20260809-014024.xlsx,
2013-01-01,НБС ENE020300 энергобаланс,..Industrie | Biocombustibili si deseuri,35.0,ТДж,ENE020300_20260809-014024.xlsx,
2013-01-01,НБС ENE020300 энергобаланс,..Industrie | Energie electrica,3146.0,ТДж,ENE020300_20260809-014024.xlsx,
2013-01-01,НБС ENE020300 энергобаланс,..Industrie | Energie termica,2121.0,ТДж,ENE020300_20260809-014024.xlsx,
2014-01-01,НБС ENE020300 энергобаланс,..Industrie | Total,9697.0,ТДж,ENE020300_20260809-014024.xlsx,
2014-01-01,НБС ENE020300 энергобаланс,..Industrie | Carbune,1333.0,ТДж,ENE020300_20260809-014024.xlsx,
2014-01-01,НБС ENE020300 энергобаланс,..Industrie | Gaz natural,2275.0,ТДж,ENE020300_20260809-014024.xlsx,
2014-01-01,НБС ENE020300 энергобаланс,..Industrie | Produse petroliere,424.0,ТДж,ENE020300_20260809-014024.xlsx,
2014-01-01,НБС ENE020300 энергобаланс,..Industrie | Biocombustibili si deseuri,29.0,ТДж,ENE020300_20260809-014024.xlsx,
2014-01-01,НБС ENE020300 энергобаланс,..Industrie | Energie electrica,3219.0,ТДж,ENE020300_20260809-014024.xlsx,
2014-01-01,НБС ENE020300 энергобаланс,..Industrie | Energie termica,2417.0,ТДж,ENE020300_20260809-014024.xlsx,
2015-01-01,НБС ENE020300 энергобаланс,..Industrie | Total,9043.0,ТДж,ENE020300_20260809-014024.xlsx,
2015-01-01,НБС ENE020300 энергобаланс,..Industrie | Carbune,1705.0,ТДж,ENE020300_20260809-014024.xlsx,
2015-01-01,НБС ENE020300 энергобаланс,..Industrie | Gaz natural,2506.0,ТДж,ENE020300_20260809-014024.xlsx,
2015-01-01,НБС ENE020300 энергобаланс,..Industrie | Produse petroliere,298.0,ТДж,ENE020300_20260809-014024.xlsx,
2015-01-01,НБС ENE020300 энергобаланс,..Industrie | Biocombustibili si deseuri,62.0,ТДж,ENE020300_20260809-014024.xlsx,
2015-01-01,НБС ENE020300 энергобаланс,..Industrie | Energie electrica,2782.0,ТДж,ENE020300_20260809-014024.xlsx,
2015-01-01,НБС ENE020300 энергобаланс,..Industrie | Energie termica,1690.0,ТДж,ENE020300_20260809-014024.xlsx,
2016-01-01,НБС ENE020300 энергобаланс,..Industrie | Total,8598.0,ТДж,ENE020300_20260809-014024.xlsx,
2016-01-01,НБС ENE020300 энергобаланс,..Industrie | Carbune,983.0,ТДж,ENE020300_20260809-014024.xlsx,
2016-01-01,НБС ENE020300 энергобаланс,..Industrie | Gaz natural,2510.0,ТДж,ENE020300_20260809-014024.xlsx,
2016-01-01,НБС ENE020300 энергобаланс,..Industrie | Produse petroliere,476.0,ТДж,ENE020300_20260809-014024.xlsx,
2016-01-01,НБС ENE020300 энергобаланс,..Industrie | Biocombustibili si deseuri,38.0,ТДж,ENE020300_20260809-014024.xlsx,
2016-01-01,НБС ENE020300 энергобаланс,..Industrie | Energie electrica,2703.0,ТДж,ENE020300_20260809-014024.xlsx,
2016-01-01,НБС ENE020300 энергобаланс,..Industrie | Energie termica,1888.0,ТДж,ENE020300_20260809-014024.xlsx,
2017-01-01,НБС ENE020300 энергобаланс,..Industrie | Total,9213.0,ТДж,ENE020300_20260809-014024.xlsx,
2017-01-01,НБС ENE020300 энергобаланс,..Industrie | Carbune,1212.0,ТДж,ENE020300_20260809-014024.xlsx,
2017-01-01,НБС ENE020300 энергобаланс,..Industrie | Gaz natural,2483.0,ТДж,ENE020300_20260809-014024.xlsx,
2017-01-01,НБС ENE020300 энергобаланс,..Industrie | Produse petroliere,768.0,ТДж,ENE020300_20260809-014024.xlsx,
2017-01-01,НБС ENE020300 энергобаланс,..Industrie | Biocombustibili si deseuri,43.0,ТДж,ENE020300_20260809-014024.xlsx,
2017-01-01,НБС ENE020300 энергобаланс,..Industrie | Energie electrica,2749.0,ТДж,ENE020300_20260809-014024.xlsx,
2017-01-01,НБС ENE020300 энергобаланс,..Industrie | Energie termica,1958.0,ТДж,ENE020300_20260809-014024.xlsx,
2018-01-01,НБС ENE020300 энергобаланс,..Industrie | Total,10576.0,ТДж,ENE020300_20260809-014024.xlsx,
2018-01-01,НБС ENE020300 энергобаланс,..Industrie | Carbune,990.0,ТДж,ENE020300_20260809-014024.xlsx,
2018-01-01,НБС ENE020300 энергобаланс,..Industrie | Gaz natural,3199.0,ТДж,ENE020300_20260809-014024.xlsx,
2018-01-01,НБС ENE020300 энергобаланс,..Industrie | Produse petroliere,1568.0,ТДж,ENE020300_20260809-014024.xlsx,
2018-01-01,НБС ENE020300 энергобаланс,..Industrie | Biocombustibili si deseuri,66.0,ТДж,ENE020300_20260809-014024.xlsx,
2018-01-01,НБС ENE020300 энергобаланс,..Industrie | Energie electrica,2780.0,ТДж,ENE020300_20260809-014024.xlsx,
2018-01-01,НБС ENE020300 энергобаланс,..Industrie | Energie termica,1973.0,ТДж,ENE020300_20260809-014024.xlsx,
2019-01-01,НБС ENE020300 энергобаланс,..Industrie | Total,10011.0,ТДж,ENE020300_20260809-014024.xlsx,
2019-01-01,НБС ENE020300 энергобаланс,..Industrie | Carbune,932.0,ТДж,ENE020300_20260809-014024.xlsx,
2019-01-01,НБС ENE020300 энергобаланс,..Industrie | Gaz natural,2759.0,ТДж,ENE020300_20260809-014024.xlsx,
2019-01-01,НБС ENE020300 энергобаланс,..Industrie | Produse petroliere,1599.0,ТДж,ENE020300_20260809-014024.xlsx,
2019-01-01,НБС ENE020300 энергобаланс,..Industrie | Biocombustibili si deseuri,23.0,ТДж,ENE020300_20260809-014024.xlsx,
2019-01-01,НБС ENE020300 энергобаланс,..Industrie | Energie electrica,2666.0,ТДж,ENE020300_20260809-014024.xlsx,
2019-01-01,НБС ENE020300 энергобаланс,..Industrie | Energie termica,2032.0,ТДж,ENE020300_20260809-014024.xlsx,
2020-01-01,НБС ENE020300 энергобаланс,..Industrie | Total,9729.0,ТДж,ENE020300_20260809-014024.xlsx,
2020-01-01,НБС ENE020300 энергобаланс,..Industrie | Carbune,790.0,ТДж,ENE020300_20260809-014024.xlsx,
2020-01-01,НБС ENE020300 энергобаланс,..Industrie | Gaz natural,2961.0,ТДж,ENE020300_20260809-014024.xlsx,
2020-01-01,НБС ENE020300 энергобаланс,..Industrie | Produse petroliere,1537.0,ТДж,ENE020300_20260809-014024.xlsx,
2020-01-01,НБС ENE020300 энергобаланс,..Industrie | Biocombustibili si deseuri,58.0,ТДж,ENE020300_20260809-014024.xlsx,
2020-01-01,НБС ENE020300 энергобаланс,..Industrie | Energie electrica,2538.0,ТДж,ENE020300_20260809-014024.xlsx,
2020-01-01,НБС ENE020300 энергобаланс,..Industrie | Energie termica,1845.0,ТДж,ENE020300_20260809-014024.xlsx,
2021-01-01,НБС ENE020300 энергобаланс,..Industrie | Total,10619.0,ТДж,ENE020300_20260809-014024.xlsx,
2021-01-01,НБС ENE020300 энергобаланс,..Industrie | Carbune,1197.0,ТДж,ENE020300_20260809-014024.xlsx,
2021-01-01,НБС ENE020300 энергобаланс,..Industrie | Gaz natural,3214.0,ТДж,ENE020300_20260809-014024.xlsx,
2021-01-01,НБС ENE020300 энергобаланс,..Industrie | Produse petroliere,1260.0,ТДж,ENE020300_20260809-014024.xlsx,
2021-01-01,НБС ENE020300 энергобаланс,..Industrie | Biocombustibili si deseuri,127.0,ТДж,ENE020300_20260809-014024.xlsx,
2021-01-01,НБС ENE020300 энергобаланс,..Industrie | Energie electrica,2708.0,ТДж,ENE020300_20260809-014024.xlsx,
2021-01-01,НБС ENE020300 энергобаланс,..Industrie | Energie termica,2113.0,ТДж,ENE020300_20260809-014024.xlsx,
2022-01-01,НБС ENE020300 энергобаланс,..Industrie | Total,9266.0,ТДж,ENE020300_20260809-014024.xlsx,
2022-01-01,НБС ENE020300 энергобаланс,..Industrie | Carbune,405.0,ТДж,ENE020300_20260809-014024.xlsx,
2022-01-01,НБС ENE020300 энергобаланс,..Industrie | Gaz natural,2730.0,ТДж,ENE020300_20260809-014024.xlsx,
2022-01-01,НБС ENE020300 энергобаланс,..Industrie | Produse petroliere,1423.0,ТДж,ENE020300_20260809-014024.xlsx,
2022-01-01,НБС ENE020300 энергобаланс,..Industrie | Biocombustibili si deseuri,120.0,ТДж,ENE020300_20260809-014024.xlsx,
2022-01-01,НБС ENE020300 энергобаланс,..Industrie | Energie electrica,2598.0,ТДж,ENE020300_20260809-014024.xlsx,
2022-01-01,НБС ENE020300 энергобаланс,..Industrie | Energie termica,1990.0,ТДж,ENE020300_20260809-014024.xlsx,
2023-01-01,НБС ENE020300 энергобаланс,..Industrie | Total,8362.0,ТДж,ENE020300_20260809-014024.xlsx,
2023-01-01,НБС ENE020300 энергобаланс,..Industrie | Carbune,167.0,ТДж,ENE020300_20260809-014024.xlsx,
2023-01-01,НБС ENE020300 энергобаланс,..Industrie | Gaz natural,2745.0,ТДж,ENE020300_20260809-014024.xlsx,
2023-01-01,НБС ENE020300 энергобаланс,..Industrie | Produse petroliere,1103.0,ТДж,ENE020300_20260809-014024.xlsx,
2023-01-01,НБС ENE020300 энергобаланс,..Industrie | Biocombustibili si deseuri,189.0,ТДж,ENE020300_20260809-014024.xlsx,
2023-01-01,НБС ENE020300 энергобаланс,..Industrie | Energie electrica,2325.0,ТДж,ENE020300_20260809-014024.xlsx,
2023-01-01,НБС ENE020300 энергобаланс,..Industrie | Energie termica,1833.0,ТДж,ENE020300_20260809-014024.xlsx,
2024-01-01,НБС ENE020300 энергобаланс,..Industrie | Total,8699.0,ТДж,ENE020300_20260809-014024.xlsx,
2024-01-01,НБС ENE020300 энергобаланс,..Industrie | Carbune,208.0,ТДж,ENE020300_20260809-014024.xlsx,
2024-01-01,НБС ENE020300 энергобаланс,..Industrie | Gaz natural,2556.0,ТДж,ENE020300_20260809-014024.xlsx,
2024-01-01,НБС ENE020300 энергобаланс,..Industrie | Produse petroliere,1913.0,ТДж,ENE020300_20260809-014024.xlsx,
2024-01-01,НБС ENE020300 энергобаланс,..Industrie | Biocombustibili si deseuri,184.0,ТДж,ENE020300_20260809-014024.xlsx,
2024-01-01,НБС ENE020300 энергобаланс,..Industrie | Energie electrica,2422.0,ТДж,ENE020300_20260809-014024.xlsx,
2024-01-01,НБС ENE020300 энергобаланс,..Industrie | Energie termica,1416.0,ТДж,ENE020300_20260809-014024.xlsx,
2010-01-01,НБС ENE020300 энергобаланс,..Transport | Total,25100.0,ТДж,ENE020300_20260809-014024.xlsx,
2010-01-01,НБС ENE020300 энергобаланс,..Transport | Gaz natural,319.0,ТДж,ENE020300_20260809-014024.xlsx,
2010-01-01,НБС ENE020300 энергобаланс,..Transport | Produse petroliere,24615.0,ТДж,ENE020300_20260809-014024.xlsx,
2010-01-01,НБС ENE020300 энергобаланс,..Transport | Energie electrica,166.0,ТДж,ENE020300_20260809-014024.xlsx,
2011-01-01,НБС ENE020300 энергобаланс,..Transport | Total,26822.0,ТДж,ENE020300_20260809-014024.xlsx,
2011-01-01,НБС ENE020300 энергобаланс,..Transport | Gaz natural,484.0,ТДж,ENE020300_20260809-014024.xlsx,
2011-01-01,НБС ENE020300 энергобаланс,..Transport | Produse petroliere,26157.0,ТДж,ENE020300_20260809-014024.xlsx,
2011-01-01,НБС ENE020300 энергобаланс,..Transport | Energie electrica,181.0,ТДж,ENE020300_20260809-014024.xlsx,
2012-01-01,НБС ENE020300 энергобаланс,..Transport | Total,23894.0,ТДж,ENE020300_20260809-014024.xlsx,
2012-01-01,НБС ENE020300 энергобаланс,..Transport | Carbune,8.0,ТДж,ENE020300_20260809-014024.xlsx,
2012-01-01,НБС ENE020300 энергобаланс,..Transport | Gaz natural,441.0,ТДж,ENE020300_20260809-014024.xlsx,
2012-01-01,НБС ENE020300 энергобаланс,..Transport | Produse petroliere,23248.0,ТДж,ENE020300_20260809-014024.xlsx,
2012-01-01,НБС ENE020300 энергобаланс,..Transport | Energie electrica,197.0,ТДж,ENE020300_20260809-014024.xlsx,
2013-01-01,НБС ENE020300 энергобаланс,..Transport | Total,24899.0,ТДж,ENE020300_20260809-014024.xlsx,
2013-01-01,НБС ENE020300 энергобаланс,..Transport | Gaz natural,290.0,ТДж,ENE020300_20260809-014024.xlsx,
2013-01-01,НБС ENE020300 энергобаланс,..Transport | Produse petroliere,24397.0,ТДж,ENE020300_20260809-014024.xlsx,
2013-01-01,НБС ENE020300 энергобаланс,..Transport | Energie electrica,212.0,ТДж,ENE020300_20260809-014024.xlsx,
2014-01-01,НБС ENE020300 энергобаланс,..Transport | Total,25876.0,ТДж,ENE020300_20260809-014024.xlsx,
2014-01-01,НБС ENE020300 энергобаланс,..Transport | Gaz natural,352.0,ТДж,ENE020300_20260809-014024.xlsx,
2014-01-01,НБС ENE020300 энергобаланс,..Transport | Produse petroliere,25348.0,ТДж,ENE020300_20260809-014024.xlsx,
2014-01-01,НБС ENE020300 энергобаланс,..Transport | Biocombustibili si deseuri,0.0,ТДж,ENE020300_20260809-014024.xlsx,
2014-01-01,НБС ENE020300 энергобаланс,..Transport | Energie electrica,176.0,ТДж,ENE020300_20260809-014024.xlsx,
2014-01-01,НБС ENE020300 энергобаланс,..Transport | Energie termica,0.0,ТДж,ENE020300_20260809-014024.xlsx,
2015-01-01,НБС ENE020300 энергобаланс,..Transport | Total,28133.0,ТДж,ENE020300_20260809-014024.xlsx,
2015-01-01,НБС ENE020300 энергобаланс,..Transport | Gaz natural,873.0,ТДж,ENE020300_20260809-014024.xlsx,
2015-01-01,НБС ENE020300 энергобаланс,..Transport | Produse petroliere,27084.0,ТДж,ENE020300_20260809-014024.xlsx,
2015-01-01,НБС ENE020300 энергобаланс,..Transport | Energie electrica,176.0,ТДж,ENE020300_20260809-014024.xlsx,
2016-01-01,НБС ENE020300 энергобаланс,..Transport | Total,29991.0,ТДж,ENE020300_20260809-014024.xlsx,
2016-01-01,НБС ENE020300 энергобаланс,..Transport | Gaz natural,1067.0,ТДж,ENE020300_20260809-014024.xlsx,
2016-01-01,НБС ENE020300 энергобаланс,..Transport | Produse petroliere,28699.0,ТДж,ENE020300_20260809-014024.xlsx,
2016-01-01,НБС ENE020300 энергобаланс,..Transport | Energie electrica,225.0,ТДж,ENE020300_20260809-014024.xlsx,
2017-01-01,НБС ENE020300 энергобаланс,..Transport | Total,30779.0,ТДж,ENE020300_20260809-014024.xlsx,
2017-01-01,НБС ENE020300 энергобаланс,..Transport | Gaz natural,1052.0,ТДж,ENE020300_20260809-014024.xlsx,
2017-01-01,НБС ENE020300 энергобаланс,..Transport | Produse petroliere,29430.0,ТДж,ENE020300_20260809-014024.xlsx,
2017-01-01,НБС ENE020300 энергобаланс,..Transport | Biocombustibili si deseuri,0.0,ТДж,ENE020300_20260809-014024.xlsx,
2017-01-01,НБС ENE020300 энергобаланс,..Transport | Energie electrica,297.0,ТДж,ENE020300_20260809-014024.xlsx,
2018-01-01,НБС ENE020300 энергобаланс,..Transport | Total,31722.0,ТДж,ENE020300_20260809-014024.xlsx,
2018-01-01,НБС ENE020300 энергобаланс,..Transport | Gaz natural,1038.0,ТДж,ENE020300_20260809-014024.xlsx,
2018-01-01,НБС ENE020300 энергобаланс,..Transport | Produse petroliere,30427.0,ТДж,ENE020300_20260809-014024.xlsx,
2018-01-01,НБС ENE020300 энергобаланс,..Transport | Energie electrica,257.0,ТДж,ENE020300_20260809-014024.xlsx,
2019-01-01,НБС ENE020300 энергобаланс,..Transport | Total,32192.0,ТДж,ENE020300_20260809-014024.xlsx,
2019-01-01,НБС ENE020300 энергобаланс,..Transport | Gaz natural,830.0,ТДж,ENE020300_20260809-014024.xlsx,
2019-01-01,НБС ENE020300 энергобаланс,..Transport | Produse petroliere,31199.0,ТДж,ENE020300_20260809-014024.xlsx,
2019-01-01,НБС ENE020300 энергобаланс,..Transport | Energie electrica,163.0,ТДж,ENE020300_20260809-014024.xlsx,
2020-01-01,НБС ENE020300 энергобаланс,..Transport | Total,28512.0,ТДж,ENE020300_20260809-014024.xlsx,
2020-01-01,НБС ENE020300 энергобаланс,..Transport | Gaz natural,468.0,ТДж,ENE020300_20260809-014024.xlsx,
2020-01-01,НБС ENE020300 энергобаланс,..Transport | Produse petroliere,27894.0,ТДж,ENE020300_20260809-014024.xlsx,
2020-01-01,НБС ENE020300 энергобаланс,..Transport | Energie electrica,150.0,ТДж,ENE020300_20260809-014024.xlsx,
2021-01-01,НБС ENE020300 энергобаланс,..Transport | Total,32979.0,ТДж,ENE020300_20260809-014024.xlsx,
2021-01-01,НБС ENE020300 энергобаланс,..Transport | Gaz natural,1281.0,ТДж,ENE020300_20260809-014024.xlsx,
2021-01-01,НБС ENE020300 энергобаланс,..Transport | Produse petroliere,31532.0,ТДж,ENE020300_20260809-014024.xlsx,
2021-01-01,НБС ENE020300 энергобаланс,..Transport | Biocombustibili si deseuri,1.0,ТДж,ENE020300_20260809-014024.xlsx,
2021-01-01,НБС ENE020300 энергобаланс,..Transport | Energie electrica,165.0,ТДж,ENE020300_20260809-014024.xlsx,
2022-01-01,НБС ENE020300 энергобаланс,..Transport | Total,33128.0,ТДж,ENE020300_20260809-014024.xlsx,
2022-01-01,НБС ENE020300 энергобаланс,..Transport | Gaz natural,609.0,ТДж,ENE020300_20260809-014024.xlsx,
2022-01-01,НБС ENE020300 энергобаланс,..Transport | Produse petroliere,32348.0,ТДж,ENE020300_20260809-014024.xlsx,
2022-01-01,НБС ENE020300 энергобаланс,..Transport | Energie electrica,171.0,ТДж,ENE020300_20260809-014024.xlsx,
2023-01-01,НБС ENE020300 энергобаланс,..Transport | Total,32292.0,ТДж,ENE020300_20260809-014024.xlsx,
2023-01-01,НБС ENE020300 энергобаланс,..Transport | Gaz natural,216.0,ТДж,ENE020300_20260809-014024.xlsx,
2023-01-01,НБС ENE020300 энергобаланс,..Transport | Produse petroliere,31896.0,ТДж,ENE020300_20260809-014024.xlsx,
2023-01-01,НБС ENE020300 энергобаланс,..Transport | Energie electrica,180.0,ТДж,ENE020300_20260809-014024.xlsx,
2024-01-01,НБС ENE020300 энергобаланс,..Transport | Total,35652.0,ТДж,ENE020300_20260809-014024.xlsx,
2024-01-01,НБС ENE020300 энергобаланс,..Transport | Gaz natural,366.0,ТДж,ENE020300_20260809-014024.xlsx,
2024-01-01,НБС ENE020300 энергобаланс,..Transport | Produse petroliere,35090.0,ТДж,ENE020300_20260809-014024.xlsx,
2024-01-01,НБС ENE020300 энергобаланс,..Transport | Energie electrica,196.0,ТДж,ENE020300_20260809-014024.xlsx,
2010-01-01,НБС ENE020300 энергобаланс,..Sectorul rezidential (populatie) | Total,47848.0,ТДж,ENE020300_20260809-014024.xlsx,
2010-01-01,НБС ENE020300 энергобаланс,..Sectorul rezidential (populatie) | Carbune,2168.0,ТДж,ENE020300_20260809-014024.xlsx,
2010-01-01,НБС ENE020300 энергобаланс,..Sectorul rezidential (populatie) | Gaz natural,12308.0,ТДж,ENE020300_20260809-014024.xlsx,
2010-01-01,НБС ENE020300 энергобаланс,..Sectorul rezidential (populatie) | Produse petroliere,1849.0,ТДж,ENE020300_20260809-014024.xlsx,
2010-01-01,НБС ENE020300 энергобаланс,..Sectorul rezidential (populatie) | Biocombustibili si deseuri,20520.0,ТДж,ENE020300_20260809-014024.xlsx,
2010-01-01,НБС ENE020300 энергобаланс,..Sectorul rezidential (populatie) | Energie electrica,5455.0,ТДж,ENE020300_20260809-014024.xlsx,
2010-01-01,НБС ENE020300 энергобаланс,..Sectorul rezidential (populatie) | Energie termica,5548.0,ТДж,ENE020300_20260809-014024.xlsx,
2011-01-01,НБС ENE020300 энергобаланс,..Sectorul rezidential (populatie) | Total,48903.0,ТДж,ENE020300_20260809-014024.xlsx,
2011-01-01,НБС ENE020300 энергобаланс,..Sectorul rezidential (populatie) | Carbune,1955.0,ТДж,ENE020300_20260809-014024.xlsx,
2011-01-01,НБС ENE020300 энергобаланс,..Sectorul rezidential (populatie) | Gaz natural,11663.0,ТДж,ENE020300_20260809-014024.xlsx,
2011-01-01,НБС ENE020300 энергобаланс,..Sectorul rezidential (populatie) | Produse petroliere,2499.0,ТДж,ENE020300_20260809-014024.xlsx,
2011-01-01,НБС ENE020300 энергобаланс,..Sectorul rezidential (populatie) | Biocombustibili si deseuri,21839.0,ТДж,ENE020300_20260809-014024.xlsx,
2011-01-01,НБС ENE020300 энергобаланс,..Sectorul rezidential (populatie) | Energie electrica,5572.0,ТДж,ENE020300_20260809-014024.xlsx,
2011-01-01,НБС ENE020300 энергобаланс,..Sectorul rezidential (populatie) | Energie termica,5375.0,ТДж,ENE020300_20260809-014024.xlsx,
2012-01-01,НБС ENE020300 энергобаланс,..Sectorul rezidential (populatie) | Total,49632.0,ТДж,ENE020300_20260809-014024.xlsx,
2012-01-01,НБС ENE020300 энергобаланс,..Sectorul rezidential (populatie) | Carbune,2463.0,ТДж,ENE020300_20260809-014024.xlsx,
2012-01-01,НБС ENE020300 энергобаланс,..Sectorul rezidential (populatie) | Gaz natural,10498.0,ТДж,ENE020300_20260809-014024.xlsx,
2012-01-01,НБС ENE020300 энергобаланс,..Sectorul rezidential (populatie) | Produse petroliere,2592.0,ТДж,ENE020300_20260809-014024.xlsx,
2012-01-01,НБС ENE020300 энергобаланс,..Sectorul rezidential (populatie) | Biocombustibili si deseuri,23444.0,ТДж,ENE020300_20260809-014024.xlsx,
2012-01-01,НБС ENE020300 энергобаланс,..Sectorul rezidential (populatie) | Energie electrica,5679.0,ТДж,ENE020300_20260809-014024.xlsx,
2012-01-01,НБС ENE020300 энергобаланс,..Sectorul rezidential (populatie) | Energie termica,4956.0,ТДж,ENE020300_20260809-014024.xlsx,
2013-01-01,НБС ENE020300 энергобаланс,..Sectorul rezidential (populatie) | Total,49127.0,ТДж,ENE020300_20260809-014024.xlsx,
2013-01-01,НБС ENE020300 энергобаланс,..Sectorul rezidential (populatie) | Carbune,2548.0,ТДж,ENE020300_20260809-014024.xlsx,
2013-01-01,НБС ENE020300 энергобаланс,..Sectorul rezidential (populatie) | Gaz natural,9788.0,ТДж,ENE020300_20260809-014024.xlsx,
2013-01-01,НБС ENE020300 энергобаланс,..Sectorul rezidential (populatie) | Produse petroliere,2661.0,ТДж,ENE020300_20260809-014024.xlsx,
2013-01-01,НБС ENE020300 энергобаланс,..Sectorul rezidential (populatie) | Biocombustibili si deseuri,23769.0,ТДж,ENE020300_20260809-014024.xlsx,
2013-01-01,НБС ENE020300 энергобаланс,..Sectorul rezidential (populatie) | Energie electrica,5805.0,ТДж,ENE020300_20260809-014024.xlsx,
2013-01-01,НБС ENE020300 энергобаланс,..Sectorul rezidential (populatie) | Energie termica,4556.0,ТДж,ENE020300_20260809-014024.xlsx,
2014-01-01,НБС ENE020300 энергобаланс,..Sectorul rezidential (populatie) | Total,50058.0,ТДж,ENE020300_20260809-014024.xlsx,
2014-01-01,НБС ENE020300 энергобаланс,..Sectorul rezidential (populatie) | Carbune,1767.0,ТДж,ENE020300_20260809-014024.xlsx,
2014-01-01,НБС ENE020300 энергобаланс,..Sectorul rezidential (populatie) | Gaz natural,10012.0,ТДж,ENE020300_20260809-014024.xlsx,
2014-01-01,НБС ENE020300 энергобаланс,..Sectorul rezidential (populatie) | Produse petroliere,2665.0,ТДж,ENE020300_20260809-014024.xlsx,
2014-01-01,НБС ENE020300 энергобаланс,..Sectorul rezidential (populatie) | Biocombustibili si deseuri,25167.0,ТДж,ENE020300_20260809-014024.xlsx,
2014-01-01,НБС ENE020300 энергобаланс,..Sectorul rezidential (populatie) | Energie electrica,5976.0,ТДж,ENE020300_20260809-014024.xlsx,
2014-01-01,НБС ENE020300 энергобаланс,..Sectorul rezidential (populatie) | Energie termica,4471.0,ТДж,ENE020300_20260809-014024.xlsx,
2015-01-01,НБС ENE020300 энергобаланс,..Sectorul rezidential (populatie) | Total,50114.0,ТДж,ENE020300_20260809-014024.xlsx,
2015-01-01,НБС ENE020300 энергобаланс,..Sectorul rezidential (populatie) | Carbune,1733.0,ТДж,ENE020300_20260809-014024.xlsx,
2015-01-01,НБС ENE020300 энергобаланс,..Sectorul rezidential (populatie) | Gaz natural,9442.0,ТДж,ENE020300_20260809-014024.xlsx,
2015-01-01,НБС ENE020300 энергобаланс,..Sectorul rezidential (populatie) | Produse petroliere,2312.0,ТДж,ENE020300_20260809-014024.xlsx,
2015-01-01,НБС ENE020300 энергобаланс,..Sectorul rezidential (populatie) | Biocombustibili si deseuri,25574.0,ТДж,ENE020300_20260809-014024.xlsx,
2015-01-01,НБС ENE020300 энергобаланс,..Sectorul rezidential (populatie) | Energie electrica,6118.0,ТДж,ENE020300_20260809-014024.xlsx,
2015-01-01,НБС ENE020300 энергобаланс,..Sectorul rezidential (populatie) | Energie termica,4935.0,ТДж,ENE020300_20260809-014024.xlsx,
2016-01-01,НБС ENE020300 энергобаланс,..Sectorul rezidential (populatie) | Total,52724.0,ТДж,ENE020300_20260809-014024.xlsx,
2016-01-01,НБС ENE020300 энергобаланс,..Sectorul rezidential (populatie) | Carbune,1282.0,ТДж,ENE020300_20260809-014024.xlsx,
2016-01-01,НБС ENE020300 энергобаланс,..Sectorul rezidential (populatie) | Gaz natural,9899.0,ТДж,ENE020300_20260809-014024.xlsx,
2016-01-01,НБС ENE020300 энергобаланс,..Sectorul rezidential (populatie) | Produse petroliere,2912.0,ТДж,ENE020300_20260809-014024.xlsx,
2016-01-01,НБС ENE020300 энергобаланс,..Sectorul rezidential (populatie) | Biocombustibili si deseuri,27597.0,ТДж,ENE020300_20260809-014024.xlsx,
2016-01-01,НБС ENE020300 энергобаланс,..Sectorul rezidential (populatie) | Energie electrica,5887.0,ТДж,ENE020300_20260809-014024.xlsx,
2016-01-01,НБС ENE020300 энергобаланс,..Sectorul rezidential (populatie) | Energie termica,5147.0,ТДж,ENE020300_20260809-014024.xlsx,
2017-01-01,НБС ENE020300 энергобаланс,..Sectorul rezidential (populatie) | Total,56254.0,ТДж,ENE020300_20260809-014024.xlsx,
2017-01-01,НБС ENE020300 энергобаланс,..Sectorul rezidential (populatie) | Carbune,2254.0,ТДж,ENE020300_20260809-014024.xlsx,
2017-01-01,НБС ENE020300 энергобаланс,..Sectorul rezidential (populatie) | Gaz natural,10476.0,ТДж,ENE020300_20260809-014024.xlsx,
2017-01-01,НБС ENE020300 энергобаланс,..Sectorul rezidential (populatie) | Produse petroliere,2642.0,ТДж,ENE020300_20260809-014024.xlsx,
2017-01-01,НБС ENE020300 энергобаланс,..Sectorul rezidential (populatie) | Biocombustibili si deseuri,30165.0,ТДж,ENE020300_20260809-014024.xlsx,
2017-01-01,НБС ENE020300 энергобаланс,..Sectorul rezidential (populatie) | Energie electrica,5895.0,ТДж,ENE020300_20260809-014024.xlsx,
2017-01-01,НБС ENE020300 энергобаланс,..Sectorul rezidential (populatie) | Energie termica,4822.0,ТДж,ENE020300_20260809-014024.xlsx,
2018-01-01,НБС ENE020300 энергобаланс,..Sectorul rezidential (populatie) | Total,57953.0,ТДж,ENE020300_20260809-014024.xlsx,
2018-01-01,НБС ENE020300 энергобаланс,..Sectorul rezidential (populatie) | Carbune,1474.0,ТДж,ENE020300_20260809-014024.xlsx,
2018-01-01,НБС ENE020300 энергобаланс,..Sectorul rezidential (populatie) | Gaz natural,12004.0,ТДж,ENE020300_20260809-014024.xlsx,
2018-01-01,НБС ENE020300 энергобаланс,..Sectorul rezidential (populatie) | Produse petroliere,2610.0,ТДж,ENE020300_20260809-014024.xlsx,
2018-01-01,НБС ENE020300 энергобаланс,..Sectorul rezidential (populatie) | Biocombustibili si deseuri,30827.0,ТДж,ENE020300_20260809-014024.xlsx,
2018-01-01,НБС ENE020300 энергобаланс,..Sectorul rezidential (populatie) | Energie electrica,5916.0,ТДж,ENE020300_20260809-014024.xlsx,
2018-01-01,НБС ENE020300 энергобаланс,..Sectorul rezidential (populatie) | Energie termica,5122.0,ТДж,ENE020300_20260809-014024.xlsx,
2019-01-01,НБС ENE020300 энергобаланс,..Sectorul rezidential (populatie) | Total,53348.0,ТДж,ENE020300_20260809-014024.xlsx,
2019-01-01,НБС ENE020300 энергобаланс,..Sectorul rezidential (populatie) | Carbune,2635.0,ТДж,ENE020300_20260809-014024.xlsx,
2019-01-01,НБС ENE020300 энергобаланс,..Sectorul rezidential (populatie) | Gaz natural,12276.0,ТДж,ENE020300_20260809-014024.xlsx,
2019-01-01,НБС ENE020300 энергобаланс,..Sectorul rezidential (populatie) | Produse petroliere,2410.0,ТДж,ENE020300_20260809-014024.xlsx,
2019-01-01,НБС ENE020300 энергобаланс,..Sectorul rezidential (populatie) | Biocombustibili si deseuri,25456.0,ТДж,ENE020300_20260809-014024.xlsx,
2019-01-01,НБС ENE020300 энергобаланс,..Sectorul rezidential (populatie) | Energie electrica,6019.0,ТДж,ENE020300_20260809-014024.xlsx,
2019-01-01,НБС ENE020300 энергобаланс,..Sectorul rezidential (populatie) | Energie termica,4552.0,ТДж,ENE020300_20260809-014024.xlsx,
2020-01-01,НБС ENE020300 энергобаланс,..Sectorul rezidential (populatie) | Total,54127.0,ТДж,ENE020300_20260809-014024.xlsx,
2020-01-01,НБС ENE020300 энергобаланс,..Sectorul rezidential (populatie) | Carbune,1788.0,ТДж,ENE020300_20260809-014024.xlsx,
2020-01-01,НБС ENE020300 энергобаланс,..Sectorul rezidential (populatie) | Gaz natural,13645.0,ТДж,ENE020300_20260809-014024.xlsx,
2020-01-01,НБС ENE020300 энергобаланс,..Sectorul rezidential (populatie) | Produse petroliere,2296.0,ТДж,ENE020300_20260809-014024.xlsx,
2020-01-01,НБС ENE020300 энергобаланс,..Sectorul rezidential (populatie) | Biocombustibili si deseuri,25594.0,ТДж,ENE020300_20260809-014024.xlsx,
2020-01-01,НБС ENE020300 энергобаланс,..Sectorul rezidential (populatie) | Energie electrica,6233.0,ТДж,ENE020300_20260809-014024.xlsx,
2020-01-01,НБС ENE020300 энергобаланс,..Sectorul rezidential (populatie) | Energie termica,4571.0,ТДж,ENE020300_20260809-014024.xlsx,
2021-01-01,НБС ENE020300 энергобаланс,..Sectorul rezidential (populatie) | Total,57075.0,ТДж,ENE020300_20260809-014024.xlsx,
2021-01-01,НБС ENE020300 энергобаланс,..Sectorul rezidential (populatie) | Carbune,1882.0,ТДж,ENE020300_20260809-014024.xlsx,
2021-01-01,НБС ENE020300 энергобаланс,..Sectorul rezidential (populatie) | Gaz natural,16273.0,ТДж,ENE020300_20260809-014024.xlsx,
2021-01-01,НБС ENE020300 энергобаланс,..Sectorul rezidential (populatie) | Produse petroliere,2300.0,ТДж,ENE020300_20260809-014024.xlsx,
2021-01-01,НБС ENE020300 энергобаланс,..Sectorul rezidential (populatie) | Biocombustibili si deseuri,24932.0,ТДж,ENE020300_20260809-014024.xlsx,
2021-01-01,НБС ENE020300 энергобаланс,..Sectorul rezidential (populatie) | Energie electrica,6576.0,ТДж,ENE020300_20260809-014024.xlsx,
2021-01-01,НБС ENE020300 энергобаланс,..Sectorul rezidential (populatie) | Energie termica,5112.0,ТДж,ENE020300_20260809-014024.xlsx,
2022-01-01,НБС ENE020300 энергобаланс,..Sectorul rezidential (populatie) | Total,46334.0,ТДж,ENE020300_20260809-014024.xlsx,
2022-01-01,НБС ENE020300 энергобаланс,..Sectorul rezidential (populatie) | Carbune,1593.0,ТДж,ENE020300_20260809-014024.xlsx,
2022-01-01,НБС ENE020300 энергобаланс,..Sectorul rezidential (populatie) | Gaz natural,11680.0,ТДж,ENE020300_20260809-014024.xlsx,
2022-01-01,НБС ENE020300 энергобаланс,..Sectorul rezidential (populatie) | Produse petroliere,2153.0,ТДж,ENE020300_20260809-014024.xlsx,
2022-01-01,НБС ENE020300 энергобаланс,..Sectorul rezidential (populatie) | Biocombustibili si deseuri,20414.0,ТДж,ENE020300_20260809-014024.xlsx,
2022-01-01,НБС ENE020300 энергобаланс,..Sectorul rezidential (populatie) | Energie electrica,6292.0,ТДж,ENE020300_20260809-014024.xlsx,
2022-01-01,НБС ENE020300 энергобаланс,..Sectorul rezidential (populatie) | Energie termica,4202.0,ТДж,ENE020300_20260809-014024.xlsx,
2023-01-01,НБС ENE020300 энергобаланс,..Sectorul rezidential (populatie) | Total,43360.0,ТДж,ENE020300_20260809-014024.xlsx,
2023-01-01,НБС ENE020300 энергобаланс,..Sectorul rezidential (populatie) | Carbune,1318.0,ТДж,ENE020300_20260809-014024.xlsx,
2023-01-01,НБС ENE020300 энергобаланс,..Sectorul rezidential (populatie) | Gaz natural,9721.0,ТДж,ENE020300_20260809-014024.xlsx,
2023-01-01,НБС ENE020300 энергобаланс,..Sectorul rezidential (populatie) | Produse petroliere,2098.0,ТДж,ENE020300_20260809-014024.xlsx,
2023-01-01,НБС ENE020300 энергобаланс,..Sectorul rezidential (populatie) | Biocombustibili si deseuri,20159.0,ТДж,ENE020300_20260809-014024.xlsx,
2023-01-01,НБС ENE020300 энергобаланс,..Sectorul rezidential (populatie) | Energie electrica,6013.0,ТДж,ENE020300_20260809-014024.xlsx,
2023-01-01,НБС ENE020300 энергобаланс,..Sectorul rezidential (populatie) | Energie termica,4049.0,ТДж,ENE020300_20260809-014024.xlsx,
2024-01-01,НБС ENE020300 энергобаланс,..Sectorul rezidential (populatie) | Total,44370.0,ТДж,ENE020300_20260809-014024.xlsx,
2024-01-01,НБС ENE020300 энергобаланс,..Sectorul rezidential (populatie) | Carbune,1313.0,ТДж,ENE020300_20260809-014024.xlsx,
2024-01-01,НБС ENE020300 энергобаланс,..Sectorul rezidential (populatie) | Gaz natural,10744.0,ТДж,ENE020300_20260809-014024.xlsx,
2024-01-01,НБС ENE020300 энергобаланс,..Sectorul rezidential (populatie) | Produse petroliere,2160.0,ТДж,ENE020300_20260809-014024.xlsx,
2024-01-01,НБС ENE020300 энергобаланс,..Sectorul rezidential (populatie) | Biocombustibili si deseuri,19057.0,ТДж,ENE020300_20260809-014024.xlsx,
2024-01-01,НБС ENE020300 энергобаланс,..Sectorul rezidential (populatie) | Energie electrica,6677.0,ТДж,ENE020300_20260809-014024.xlsx,
2024-01-01,НБС ENE020300 энергобаланс,..Sectorul rezidential (populatie) | Energie termica,4419.0,ТДж,ENE020300_20260809-014024.xlsx,
2010-01-01,НБС ENE020300 энергобаланс,..Comert si servicii publice | Total,11180.0,ТДж,ENE020300_20260809-014024.xlsx,
2010-01-01,НБС ENE020300 энергобаланс,..Comert si servicii publice | Carbune,1186.0,ТДж,ENE020300_20260809-014024.xlsx,
2010-01-01,НБС ENE020300 энергобаланс,..Comert si servicii publice | Gaz natural,3565.0,ТДж,ENE020300_20260809-014024.xlsx,
2010-01-01,НБС ENE020300 энергобаланс,..Comert si servicii publice | Produse petroliere,683.0,ТДж,ENE020300_20260809-014024.xlsx,
2010-01-01,НБС ENE020300 энергобаланс,..Comert si servicii publice | Biocombustibili si deseuri,329.0,ТДж,ENE020300_20260809-014024.xlsx,
2010-01-01,НБС ENE020300 энергобаланс,..Comert si servicii publice | Energie electrica,3184.0,ТДж,ENE020300_20260809-014024.xlsx,
2010-01-01,НБС ENE020300 энергобаланс,..Comert si servicii publice | Energie termica,2233.0,ТДж,ENE020300_20260809-014024.xlsx,
2011-01-01,НБС ENE020300 энергобаланс,..Comert si servicii publice | Total,10609.0,ТДж,ENE020300_20260809-014024.xlsx,
2011-01-01,НБС ENE020300 энергобаланс,..Comert si servicii publice | Carbune,1232.0,ТДж,ENE020300_20260809-014024.xlsx,
2011-01-01,НБС ENE020300 энергобаланс,..Comert si servicii publice | Gaz natural,3238.0,ТДж,ENE020300_20260809-014024.xlsx,
2011-01-01,НБС ENE020300 энергобаланс,..Comert si servicii publice | Produse petroliere,315.0,ТДж,ENE020300_20260809-014024.xlsx,
2011-01-01,НБС ENE020300 энергобаланс,..Comert si servicii publice | Biocombustibili si deseuri,287.0,ТДж,ENE020300_20260809-014024.xlsx,
2011-01-01,НБС ENE020300 энергобаланс,..Comert si servicii publice | Energie electrica,3292.0,ТДж,ENE020300_20260809-014024.xlsx,
2011-01-01,НБС ENE020300 энергобаланс,..Comert si servicii publice | Energie termica,2245.0,ТДж,ENE020300_20260809-014024.xlsx,
2012-01-01,НБС ENE020300 энергобаланс,..Comert si servicii publice | Total,10573.0,ТДж,ENE020300_20260809-014024.xlsx,
2012-01-01,НБС ENE020300 энергобаланс,..Comert si servicii publice | Carbune,1004.0,ТДж,ENE020300_20260809-014024.xlsx,
2012-01-01,НБС ENE020300 энергобаланс,..Comert si servicii publice | Gaz natural,3377.0,ТДж,ENE020300_20260809-014024.xlsx,
2012-01-01,НБС ENE020300 энергобаланс,..Comert si servicii publice | Produse petroliere,200.0,ТДж,ENE020300_20260809-014024.xlsx,
2012-01-01,НБС ENE020300 энергобаланс,..Comert si servicii publice | Biocombustibili si deseuri,329.0,ТДж,ENE020300_20260809-014024.xlsx,
2012-01-01,НБС ENE020300 энергобаланс,..Comert si servicii publice | Energie electrica,3387.0,ТДж,ENE020300_20260809-014024.xlsx,
2012-01-01,НБС ENE020300 энергобаланс,..Comert si servicii publice | Energie termica,2276.0,ТДж,ENE020300_20260809-014024.xlsx,
2013-01-01,НБС ENE020300 энергобаланс,..Comert si servicii publice | Total,10900.0,ТДж,ENE020300_20260809-014024.xlsx,
2013-01-01,НБС ENE020300 энергобаланс,..Comert si servicii publice | Carbune,1099.0,ТДж,ENE020300_20260809-014024.xlsx,
2013-01-01,НБС ENE020300 энергобаланс,..Comert si servicii publice | Gaz natural,3675.0,ТДж,ENE020300_20260809-014024.xlsx,
2013-01-01,НБС ENE020300 энергобаланс,..Comert si servicii publice | Produse petroliere,141.0,ТДж,ENE020300_20260809-014024.xlsx,
2013-01-01,НБС ENE020300 энергобаланс,..Comert si servicii publice | Biocombustibili si deseuri,291.0,ТДж,ENE020300_20260809-014024.xlsx,
2013-01-01,НБС ENE020300 энергобаланс,..Comert si servicii publice | Energie electrica,3465.0,ТДж,ENE020300_20260809-014024.xlsx,
2013-01-01,НБС ENE020300 энергобаланс,..Comert si servicii publice | Energie termica,2229.0,ТДж,ENE020300_20260809-014024.xlsx,
2014-01-01,НБС ENE020300 энергобаланс,..Comert si servicii publice | Total,10355.0,ТДж,ENE020300_20260809-014024.xlsx,
2014-01-01,НБС ENE020300 энергобаланс,..Comert si servicii publice | Carbune,784.0,ТДж,ENE020300_20260809-014024.xlsx,
2014-01-01,НБС ENE020300 энергобаланс,..Comert si servicii publice | Gaz natural,3462.0,ТДж,ENE020300_20260809-014024.xlsx,
2014-01-01,НБС ENE020300 энергобаланс,..Comert si servicii publice | Produse petroliere,197.0,ТДж,ENE020300_20260809-014024.xlsx,
2014-01-01,НБС ENE020300 энергобаланс,..Comert si servicii publice | Biocombustibili si deseuri,481.0,ТДж,ENE020300_20260809-014024.xlsx,
2014-01-01,НБС ENE020300 энергобаланс,..Comert si servicii publice | Energie electrica,3580.0,ТДж,ENE020300_20260809-014024.xlsx,
2014-01-01,НБС ENE020300 энергобаланс,..Comert si servicii publice | Energie termica,1851.0,ТДж,ENE020300_20260809-014024.xlsx,
2015-01-01,НБС ENE020300 энергобаланс,..Comert si servicii publice | Total,10952.0,ТДж,ENE020300_20260809-014024.xlsx,
2015-01-01,НБС ENE020300 энергобаланс,..Comert si servicii publice | Carbune,749.0,ТДж,ENE020300_20260809-014024.xlsx,
2015-01-01,НБС ENE020300 энергобаланс,..Comert si servicii publice | Gaz natural,3544.0,ТДж,ENE020300_20260809-014024.xlsx,
2015-01-01,НБС ENE020300 энергобаланс,..Comert si servicii publice | Produse petroliere,234.0,ТДж,ENE020300_20260809-014024.xlsx,
2015-01-01,НБС ENE020300 энергобаланс,..Comert si servicii publice | Biocombustibili si deseuri,383.0,ТДж,ENE020300_20260809-014024.xlsx,
2015-01-01,НБС ENE020300 энергобаланс,..Comert si servicii publice | Energie electrica,4198.0,ТДж,ENE020300_20260809-014024.xlsx,
2015-01-01,НБС ENE020300 энергобаланс,..Comert si servicii publice | Energie termica,1844.0,ТДж,ENE020300_20260809-014024.xlsx,
2016-01-01,НБС ENE020300 энергобаланс,..Comert si servicii publice | Total,11250.0,ТДж,ENE020300_20260809-014024.xlsx,
2016-01-01,НБС ENE020300 энергобаланс,..Comert si servicii publice | Carbune,761.0,ТДж,ENE020300_20260809-014024.xlsx,
2016-01-01,НБС ENE020300 энергобаланс,..Comert si servicii publice | Gaz natural,3948.0,ТДж,ENE020300_20260809-014024.xlsx,
2016-01-01,НБС ENE020300 энергобаланс,..Comert si servicii publice | Produse petroliere,126.0,ТДж,ENE020300_20260809-014024.xlsx,
2016-01-01,НБС ENE020300 энергобаланс,..Comert si servicii publice | Biocombustibili si deseuri,425.0,ТДж,ENE020300_20260809-014024.xlsx,
2016-01-01,НБС ENE020300 энергобаланс,..Comert si servicii publice | Energie electrica,4064.0,ТДж,ENE020300_20260809-014024.xlsx,
2016-01-01,НБС ENE020300 энергобаланс,..Comert si servicii publice | Energie termica,1926.0,ТДж,ENE020300_20260809-014024.xlsx,
2017-01-01,НБС ENE020300 энергобаланс,..Comert si servicii publice | Total,11195.0,ТДж,ENE020300_20260809-014024.xlsx,
2017-01-01,НБС ENE020300 энергобаланс,..Comert si servicii publice | Carbune,773.0,ТДж,ENE020300_20260809-014024.xlsx,
2017-01-01,НБС ENE020300 энергобаланс,..Comert si servicii publice | Gaz natural,3860.0,ТДж,ENE020300_20260809-014024.xlsx,
2017-01-01,НБС ENE020300 энергобаланс,..Comert si servicii publice | Produse petroliere,98.0,ТДж,ENE020300_20260809-014024.xlsx,
2017-01-01,НБС ENE020300 энергобаланс,..Comert si servicii publice | Biocombustibili si deseuri,495.0,ТДж,ENE020300_20260809-014024.xlsx,
2017-01-01,НБС ENE020300 энергобаланс,..Comert si servicii publice | Energie electrica,4227.0,ТДж,ENE020300_20260809-014024.xlsx,
2017-01-01,НБС ENE020300 энергобаланс,..Comert si servicii publice | Energie termica,1742.0,ТДж,ENE020300_20260809-014024.xlsx,
2018-01-01,НБС ENE020300 энергобаланс,..Comert si servicii publice | Total,11833.0,ТДж,ENE020300_20260809-014024.xlsx,
2018-01-01,НБС ENE020300 энергобаланс,..Comert si servicii publice | Carbune,753.0,ТДж,ENE020300_20260809-014024.xlsx,
2018-01-01,НБС ENE020300 энергобаланс,..Comert si servicii publice | Gaz natural,4001.0,ТДж,ENE020300_20260809-014024.xlsx,
2018-01-01,НБС ENE020300 энергобаланс,..Comert si servicii publice | Produse petroliere,48.0,ТДж,ENE020300_20260809-014024.xlsx,
2018-01-01,НБС ENE020300 энергобаланс,..Comert si servicii publice | Biocombustibili si deseuri,510.0,ТДж,ENE020300_20260809-014024.xlsx,
2018-01-01,НБС ENE020300 энергобаланс,..Comert si servicii publice | Energie electrica,4654.0,ТДж,ENE020300_20260809-014024.xlsx,
2018-01-01,НБС ENE020300 энергобаланс,..Comert si servicii publice | Energie termica,1867.0,ТДж,ENE020300_20260809-014024.xlsx,
2019-01-01,НБС ENE020300 энергобаланс,..Comert si servicii publice | Total,11429.0,ТДж,ENE020300_20260809-014024.xlsx,
2019-01-01,НБС ENE020300 энергобаланс,..Comert si servicii publice | Carbune,678.0,ТДж,ENE020300_20260809-014024.xlsx,
2019-01-01,НБС ENE020300 энергобаланс,..Comert si servicii publice | Gaz natural,4019.0,ТДж,ENE020300_20260809-014024.xlsx,
2019-01-01,НБС ENE020300 энергобаланс,..Comert si servicii publice | Produse petroliere,51.0,ТДж,ENE020300_20260809-014024.xlsx,
2019-01-01,НБС ENE020300 энергобаланс,..Comert si servicii publice | Biocombustibili si deseuri,458.0,ТДж,ENE020300_20260809-014024.xlsx,
2019-01-01,НБС ENE020300 энергобаланс,..Comert si servicii publice | Energie electrica,4632.0,ТДж,ENE020300_20260809-014024.xlsx,
2019-01-01,НБС ENE020300 энергобаланс,..Comert si servicii publice | Energie termica,1591.0,ТДж,ENE020300_20260809-014024.xlsx,
2020-01-01,НБС ENE020300 энергобаланс,..Comert si servicii publice | Total,10663.0,ТДж,ENE020300_20260809-014024.xlsx,
2020-01-01,НБС ENE020300 энергобаланс,..Comert si servicii publice | Carbune,618.0,ТДж,ENE020300_20260809-014024.xlsx,
2020-01-01,НБС ENE020300 энергобаланс,..Comert si servicii publice | Gaz natural,3599.0,ТДж,ENE020300_20260809-014024.xlsx,
2020-01-01,НБС ENE020300 энергобаланс,..Comert si servicii publice | Produse petroliere,42.0,ТДж,ENE020300_20260809-014024.xlsx,
2020-01-01,НБС ENE020300 энергобаланс,..Comert si servicii publice | Biocombustibili si deseuri,381.0,ТДж,ENE020300_20260809-014024.xlsx,
2020-01-01,НБС ENE020300 энергобаланс,..Comert si servicii publice | Energie electrica,4513.0,ТДж,ENE020300_20260809-014024.xlsx,
2020-01-01,НБС ENE020300 энергобаланс,..Comert si servicii publice | Energie termica,1510.0,ТДж,ENE020300_20260809-014024.xlsx,
2021-01-01,НБС ENE020300 энергобаланс,..Comert si servicii publice | Total,12223.0,ТДж,ENE020300_20260809-014024.xlsx,
2021-01-01,НБС ENE020300 энергобаланс,..Comert si servicii publice | Carbune,668.0,ТДж,ENE020300_20260809-014024.xlsx,
2021-01-01,НБС ENE020300 энергобаланс,..Comert si servicii publice | Gaz natural,4219.0,ТДж,ENE020300_20260809-014024.xlsx,
2021-01-01,НБС ENE020300 энергобаланс,..Comert si servicii publice | Produse petroliere,32.0,ТДж,ENE020300_20260809-014024.xlsx,
2021-01-01,НБС ENE020300 энергобаланс,..Comert si servicii publice | Biocombustibili si deseuri,418.0,ТДж,ENE020300_20260809-014024.xlsx,
2021-01-01,НБС ENE020300 энергобаланс,..Comert si servicii publice | Energie electrica,5081.0,ТДж,ENE020300_20260809-014024.xlsx,
2021-01-01,НБС ENE020300 энергобаланс,..Comert si servicii publice | Energie termica,1805.0,ТДж,ENE020300_20260809-014024.xlsx,
2022-01-01,НБС ENE020300 энергобаланс,..Comert si servicii publice | Total,11138.0,ТДж,ENE020300_20260809-014024.xlsx,
2022-01-01,НБС ENE020300 энергобаланс,..Comert si servicii publice | Carbune,606.0,ТДж,ENE020300_20260809-014024.xlsx,
2022-01-01,НБС ENE020300 энергобаланс,..Comert si servicii publice | Gaz natural,3538.0,ТДж,ENE020300_20260809-014024.xlsx,
2022-01-01,НБС ENE020300 энергобаланс,..Comert si servicii publice | Produse petroliere,43.0,ТДж,ENE020300_20260809-014024.xlsx,
2022-01-01,НБС ENE020300 энергобаланс,..Comert si servicii publice | Biocombustibili si deseuri,436.0,ТДж,ENE020300_20260809-014024.xlsx,
2022-01-01,НБС ENE020300 энергобаланс,..Comert si servicii publice | Energie electrica,5164.0,ТДж,ENE020300_20260809-014024.xlsx,
2022-01-01,НБС ENE020300 энергобаланс,..Comert si servicii publice | Energie termica,1351.0,ТДж,ENE020300_20260809-014024.xlsx,
2023-01-01,НБС ENE020300 энергобаланс,..Comert si servicii publice | Total,10273.0,ТДж,ENE020300_20260809-014024.xlsx,
2023-01-01,НБС ENE020300 энергобаланс,..Comert si servicii publice | Carbune,631.0,ТДж,ENE020300_20260809-014024.xlsx,
2023-01-01,НБС ENE020300 энергобаланс,..Comert si servicii publice | Gaz natural,2465.0,ТДж,ENE020300_20260809-014024.xlsx,
2023-01-01,НБС ENE020300 энергобаланс,..Comert si servicii publice | Produse petroliere,53.0,ТДж,ENE020300_20260809-014024.xlsx,
2023-01-01,НБС ENE020300 энергобаланс,..Comert si servicii publice | Biocombustibili si deseuri,492.0,ТДж,ENE020300_20260809-014024.xlsx,
2023-01-01,НБС ENE020300 энергобаланс,..Comert si servicii publice | Energie electrica,5357.0,ТДж,ENE020300_20260809-014024.xlsx,
2023-01-01,НБС ENE020300 энергобаланс,..Comert si servicii publice | Energie termica,1274.0,ТДж,ENE020300_20260809-014024.xlsx,
2024-01-01,НБС ENE020300 энергобаланс,..Comert si servicii publice | Total,11178.0,ТДж,ENE020300_20260809-014024.xlsx,
2024-01-01,НБС ENE020300 энергобаланс,..Comert si servicii publice | Carbune,592.0,ТДж,ENE020300_20260809-014024.xlsx,
2024-01-01,НБС ENE020300 энергобаланс,..Comert si servicii publice | Gaz natural,3172.0,ТДж,ENE020300_20260809-014024.xlsx,
2024-01-01,НБС ENE020300 энергобаланс,..Comert si servicii publice | Produse petroliere,53.0,ТДж,ENE020300_20260809-014024.xlsx,
2024-01-01,НБС ENE020300 энергобаланс,..Comert si servicii publice | Biocombustibili si deseuri,379.0,ТДж,ENE020300_20260809-014024.xlsx,
2024-01-01,НБС ENE020300 энергобаланс,..Comert si servicii publice | Energie electrica,5587.0,ТДж,ENE020300_20260809-014024.xlsx,
2024-01-01,НБС ENE020300 энергобаланс,..Comert si servicii publice | Energie termica,1395.0,ТДж,ENE020300_20260809-014024.xlsx,
2010-01-01,НБС ENE020300 энергобаланс,"..Agricultura, silvicultura si pescuit | Total",2973.0,ТДж,ENE020300_20260809-014024.xlsx,
2010-01-01,НБС ENE020300 энергобаланс,"..Agricultura, silvicultura si pescuit | Carbune",4.0,ТДж,ENE020300_20260809-014024.xlsx,
2010-01-01,НБС ENE020300 энергобаланс,"..Agricultura, silvicultura si pescuit | Gaz natural",96.0,ТДж,ENE020300_20260809-014024.xlsx,
2010-01-01,НБС ENE020300 энергобаланс,"..Agricultura, silvicultura si pescuit | Produse petroliere",2623.0,ТДж,ENE020300_20260809-014024.xlsx,
2010-01-01,НБС ENE020300 энергобаланс,"..Agricultura, silvicultura si pescuit | Biocombustibili si deseuri",21.0,ТДж,ENE020300_20260809-014024.xlsx,
2010-01-01,НБС ENE020300 энергобаланс,"..Agricultura, silvicultura si pescuit | Energie electrica",194.0,ТДж,ENE020300_20260809-014024.xlsx,
2010-01-01,НБС ENE020300 энергобаланс,"..Agricultura, silvicultura si pescuit | Energie termica",35.0,ТДж,ENE020300_20260809-014024.xlsx,
2011-01-01,НБС ENE020300 энергобаланс,"..Agricultura, silvicultura si pescuit | Total",2905.0,ТДж,ENE020300_20260809-014024.xlsx,
2011-01-01,НБС ENE020300 энергобаланс,"..Agricultura, silvicultura si pescuit | Carbune",5.0,ТДж,ENE020300_20260809-014024.xlsx,
2011-01-01,НБС ENE020300 энергобаланс,"..Agricultura, silvicultura si pescuit | Gaz natural",86.0,ТДж,ENE020300_20260809-014024.xlsx,
2011-01-01,НБС ENE020300 энергобаланс,"..Agricultura, silvicultura si pescuit | Produse petroliere",2551.0,ТДж,ENE020300_20260809-014024.xlsx,
2011-01-01,НБС ENE020300 энергобаланс,"..Agricultura, silvicultura si pescuit | Biocombustibili si deseuri",27.0,ТДж,ENE020300_20260809-014024.xlsx,
2011-01-01,НБС ENE020300 энергобаланс,"..Agricultura, silvicultura si pescuit | Energie electrica",193.0,ТДж,ENE020300_20260809-014024.xlsx,
2011-01-01,НБС ENE020300 энергобаланс,"..Agricultura, silvicultura si pescuit | Energie termica",43.0,ТДж,ENE020300_20260809-014024.xlsx,
2012-01-01,НБС ENE020300 энергобаланс,"..Agricultura, silvicultura si pescuit | Total",2521.0,ТДж,ENE020300_20260809-014024.xlsx,
2012-01-01,НБС ENE020300 энергобаланс,"..Agricultura, silvicultura si pescuit | Carbune",6.0,ТДж,ENE020300_20260809-014024.xlsx,
2012-01-01,НБС ENE020300 энергобаланс,"..Agricultura, silvicultura si pescuit | Gaz natural",132.0,ТДж,ENE020300_20260809-014024.xlsx,
2012-01-01,НБС ENE020300 энергобаланс,"..Agricultura, silvicultura si pescuit | Produse petroliere",2122.0,ТДж,ENE020300_20260809-014024.xlsx,
2012-01-01,НБС ENE020300 энергобаланс,"..Agricultura, silvicultura si pescuit | Biocombustibili si deseuri",33.0,ТДж,ENE020300_20260809-014024.xlsx,
2012-01-01,НБС ENE020300 энергобаланс,"..Agricultura, silvicultura si pescuit | Energie electrica",185.0,ТДж,ENE020300_20260809-014024.xlsx,
2012-01-01,НБС ENE020300 энергобаланс,"..Agricultura, silvicultura si pescuit | Energie termica",43.0,ТДж,ENE020300_20260809-014024.xlsx,
2013-01-01,НБС ENE020300 энергобаланс,"..Agricultura, silvicultura si pescuit | Total",2700.0,ТДж,ENE020300_20260809-014024.xlsx,
2013-01-01,НБС ENE020300 энергобаланс,"..Agricultura, silvicultura si pescuit | Carbune",20.0,ТДж,ENE020300_20260809-014024.xlsx,
2013-01-01,НБС ENE020300 энергобаланс,"..Agricultura, silvicultura si pescuit | Gaz natural",148.0,ТДж,ENE020300_20260809-014024.xlsx,
2013-01-01,НБС ENE020300 энергобаланс,"..Agricultura, silvicultura si pescuit | Produse petroliere",2273.0,ТДж,ENE020300_20260809-014024.xlsx,
2013-01-01,НБС ENE020300 энергобаланс,"..Agricultura, silvicultura si pescuit | Biocombustibili si deseuri",32.0,ТДж,ENE020300_20260809-014024.xlsx,
2013-01-01,НБС ENE020300 энергобаланс,"..Agricultura, silvicultura si pescuit | Energie electrica",189.0,ТДж,ENE020300_20260809-014024.xlsx,
2013-01-01,НБС ENE020300 энергобаланс,"..Agricultura, silvicultura si pescuit | Energie termica",38.0,ТДж,ENE020300_20260809-014024.xlsx,
2014-01-01,НБС ENE020300 энергобаланс,"..Agricultura, silvicultura si pescuit | Total",2723.0,ТДж,ENE020300_20260809-014024.xlsx,
2014-01-01,НБС ENE020300 энергобаланс,"..Agricultura, silvicultura si pescuit | Carbune",18.0,ТДж,ENE020300_20260809-014024.xlsx,
2014-01-01,НБС ENE020300 энергобаланс,"..Agricultura, silvicultura si pescuit | Gaz natural",70.0,ТДж,ENE020300_20260809-014024.xlsx,
2014-01-01,НБС ENE020300 энергобаланс,"..Agricultura, silvicultura si pescuit | Produse petroliere",2369.0,ТДж,ENE020300_20260809-014024.xlsx,
2014-01-01,НБС ENE020300 энергобаланс,"..Agricultura, silvicultura si pescuit | Biocombustibili si deseuri",44.0,ТДж,ENE020300_20260809-014024.xlsx,
2014-01-01,НБС ENE020300 энергобаланс,"..Agricultura, silvicultura si pescuit | Energie electrica",174.0,ТДж,ENE020300_20260809-014024.xlsx,
2014-01-01,НБС ENE020300 энергобаланс,"..Agricultura, silvicultura si pescuit | Energie termica",48.0,ТДж,ENE020300_20260809-014024.xlsx,
2015-01-01,НБС ENE020300 энергобаланс,"..Agricultura, silvicultura si pescuit | Total",2989.0,ТДж,ENE020300_20260809-014024.xlsx,
2015-01-01,НБС ENE020300 энергобаланс,"..Agricultura, silvicultura si pescuit | Carbune",29.0,ТДж,ENE020300_20260809-014024.xlsx,
2015-01-01,НБС ENE020300 энергобаланс,"..Agricultura, silvicultura si pescuit | Gaz natural",89.0,ТДж,ENE020300_20260809-014024.xlsx,
2015-01-01,НБС ENE020300 энергобаланс,"..Agricultura, silvicultura si pescuit | Produse petroliere",2674.0,ТДж,ENE020300_20260809-014024.xlsx,
2015-01-01,НБС ENE020300 энергобаланс,"..Agricultura, silvicultura si pescuit | Biocombustibili si deseuri",29.0,ТДж,ENE020300_20260809-014024.xlsx,
2015-01-01,НБС ENE020300 энергобаланс,"..Agricultura, silvicultura si pescuit | Energie electrica",167.0,ТДж,ENE020300_20260809-014024.xlsx,
2015-01-01,НБС ENE020300 энергобаланс,"..Agricultura, silvicultura si pescuit | Energie termica",1.0,ТДж,ENE020300_20260809-014024.xlsx,
2016-01-01,НБС ENE020300 энергобаланс,"..Agricultura, silvicultura si pescuit | Total",3378.0,ТДж,ENE020300_20260809-014024.xlsx,
2016-01-01,НБС ENE020300 энергобаланс,"..Agricultura, silvicultura si pescuit | Carbune",28.0,ТДж,ENE020300_20260809-014024.xlsx,
2016-01-01,НБС ENE020300 энергобаланс,"..Agricultura, silvicultura si pescuit | Gaz natural",86.0,ТДж,ENE020300_20260809-014024.xlsx,
2016-01-01,НБС ENE020300 энергобаланс,"..Agricultura, silvicultura si pescuit | Produse petroliere",3043.0,ТДж,ENE020300_20260809-014024.xlsx,
2016-01-01,НБС ENE020300 энергобаланс,"..Agricultura, silvicultura si pescuit | Biocombustibili si deseuri",48.0,ТДж,ENE020300_20260809-014024.xlsx,
2016-01-01,НБС ENE020300 энергобаланс,"..Agricultura, silvicultura si pescuit | Energie electrica",171.0,ТДж,ENE020300_20260809-014024.xlsx,
2016-01-01,НБС ENE020300 энергобаланс,"..Agricultura, silvicultura si pescuit | Energie termica",2.0,ТДж,ENE020300_20260809-014024.xlsx,
2017-01-01,НБС ENE020300 энергобаланс,"..Agricultura, silvicultura si pescuit | Total",4521.0,ТДж,ENE020300_20260809-014024.xlsx,
2017-01-01,НБС ENE020300 энергобаланс,"..Agricultura, silvicultura si pescuit | Carbune",48.0,ТДж,ENE020300_20260809-014024.xlsx,
2017-01-01,НБС ENE020300 энергобаланс,"..Agricultura, silvicultura si pescuit | Gaz natural",88.0,ТДж,ENE020300_20260809-014024.xlsx,
2017-01-01,НБС ENE020300 энергобаланс,"..Agricultura, silvicultura si pescuit | Produse petroliere",4159.0,ТДж,ENE020300_20260809-014024.xlsx,
2017-01-01,НБС ENE020300 энергобаланс,"..Agricultura, silvicultura si pescuit | Biocombustibili si deseuri",49.0,ТДж,ENE020300_20260809-014024.xlsx,
2017-01-01,НБС ENE020300 энергобаланс,"..Agricultura, silvicultura si pescuit | Energie electrica",176.0,ТДж,ENE020300_20260809-014024.xlsx,
2017-01-01,НБС ENE020300 энергобаланс,"..Agricultura, silvicultura si pescuit | Energie termica",1.0,ТДж,ENE020300_20260809-014024.xlsx,
2018-01-01,НБС ENE020300 энергобаланс,"..Agricultura, silvicultura si pescuit | Total",4579.0,ТДж,ENE020300_20260809-014024.xlsx,
2018-01-01,НБС ENE020300 энергобаланс,"..Agricultura, silvicultura si pescuit | Carbune",40.0,ТДж,ENE020300_20260809-014024.xlsx,
2018-01-01,НБС ENE020300 энергобаланс,"..Agricultura, silvicultura si pescuit | Gaz natural",122.0,ТДж,ENE020300_20260809-014024.xlsx,
2018-01-01,НБС ENE020300 энергобаланс,"..Agricultura, silvicultura si pescuit | Produse petroliere",4129.0,ТДж,ENE020300_20260809-014024.xlsx,
2018-01-01,НБС ENE020300 энергобаланс,"..Agricultura, silvicultura si pescuit | Biocombustibili si deseuri",52.0,ТДж,ENE020300_20260809-014024.xlsx,
2018-01-01,НБС ENE020300 энергобаланс,"..Agricultura, silvicultura si pescuit | Energie electrica",235.0,ТДж,ENE020300_20260809-014024.xlsx,
2018-01-01,НБС ENE020300 энергобаланс,"..Agricultura, silvicultura si pescuit | Energie termica",1.0,ТДж,ENE020300_20260809-014024.xlsx,
2019-01-01,НБС ENE020300 энергобаланс,"..Agricultura, silvicultura si pescuit | Total",5177.0,ТДж,ENE020300_20260809-014024.xlsx,
2019-01-01,НБС ENE020300 энергобаланс,"..Agricultura, silvicultura si pescuit | Carbune",45.0,ТДж,ENE020300_20260809-014024.xlsx,
2019-01-01,НБС ENE020300 энергобаланс,"..Agricultura, silvicultura si pescuit | Gaz natural",128.0,ТДж,ENE020300_20260809-014024.xlsx,
2019-01-01,НБС ENE020300 энергобаланс,"..Agricultura, silvicultura si pescuit | Produse petroliere",4701.0,ТДж,ENE020300_20260809-014024.xlsx,
2019-01-01,НБС ENE020300 энергобаланс,"..Agricultura, silvicultura si pescuit | Biocombustibili si deseuri",44.0,ТДж,ENE020300_20260809-014024.xlsx,
2019-01-01,НБС ENE020300 энергобаланс,"..Agricultura, silvicultura si pescuit | Energie electrica",258.0,ТДж,ENE020300_20260809-014024.xlsx,
2019-01-01,НБС ENE020300 энергобаланс,"..Agricultura, silvicultura si pescuit | Energie termica",1.0,ТДж,ENE020300_20260809-014024.xlsx,
2020-01-01,НБС ENE020300 энергобаланс,"..Agricultura, silvicultura si pescuit | Total",5183.0,ТДж,ENE020300_20260809-014024.xlsx,
2020-01-01,НБС ENE020300 энергобаланс,"..Agricultura, silvicultura si pescuit | Carbune",52.0,ТДж,ENE020300_20260809-014024.xlsx,
2020-01-01,НБС ENE020300 энергобаланс,"..Agricultura, silvicultura si pescuit | Gaz natural",133.0,ТДж,ENE020300_20260809-014024.xlsx,
2020-01-01,НБС ENE020300 энергобаланс,"..Agricultura, silvicultura si pescuit | Produse petroliere",4659.0,ТДж,ENE020300_20260809-014024.xlsx,
2020-01-01,НБС ENE020300 энергобаланс,"..Agricultura, silvicultura si pescuit | Biocombustibili si deseuri",60.0,ТДж,ENE020300_20260809-014024.xlsx,
2020-01-01,НБС ENE020300 энергобаланс,"..Agricultura, silvicultura si pescuit | Energie electrica",279.0,ТДж,ENE020300_20260809-014024.xlsx,
2020-01-01,НБС ENE020300 энергобаланс,"..Agricultura, silvicultura si pescuit | Energie termica",0.0,ТДж,ENE020300_20260809-014024.xlsx,
2021-01-01,НБС ENE020300 энергобаланс,"..Agricultura, silvicultura si pescuit | Total",6796.0,ТДж,ENE020300_20260809-014024.xlsx,
2021-01-01,НБС ENE020300 энергобаланс,"..Agricultura, silvicultura si pescuit | Carbune",80.0,ТДж,ENE020300_20260809-014024.xlsx,
2021-01-01,НБС ENE020300 энергобаланс,"..Agricultura, silvicultura si pescuit | Gaz natural",227.0,ТДж,ENE020300_20260809-014024.xlsx,
2021-01-01,НБС ENE020300 энергобаланс,"..Agricultura, silvicultura si pescuit | Produse petroliere",6077.0,ТДж,ENE020300_20260809-014024.xlsx,
2021-01-01,НБС ENE020300 энергобаланс,"..Agricultura, silvicultura si pescuit | Biocombustibili si deseuri",55.0,ТДж,ENE020300_20260809-014024.xlsx,
2021-01-01,НБС ENE020300 энергобаланс,"..Agricultura, silvicultura si pescuit | Energie electrica",345.0,ТДж,ENE020300_20260809-014024.xlsx,
2021-01-01,НБС ENE020300 энергобаланс,"..Agricultura, silvicultura si pescuit | Energie termica",12.0,ТДж,ENE020300_20260809-014024.xlsx,
2022-01-01,НБС ENE020300 энергобаланс,"..Agricultura, silvicultura si pescuit | Total",5787.0,ТДж,ENE020300_20260809-014024.xlsx,
2022-01-01,НБС ENE020300 энергобаланс,"..Agricultura, silvicultura si pescuit | Carbune",94.0,ТДж,ENE020300_20260809-014024.xlsx,
2022-01-01,НБС ENE020300 энергобаланс,"..Agricultura, silvicultura si pescuit | Gaz natural",235.0,ТДж,ENE020300_20260809-014024.xlsx,
2022-01-01,НБС ENE020300 энергобаланс,"..Agricultura, silvicultura si pescuit | Produse petroliere",5072.0,ТДж,ENE020300_20260809-014024.xlsx,
2022-01-01,НБС ENE020300 энергобаланс,"..Agricultura, silvicultura si pescuit | Biocombustibili si deseuri",46.0,ТДж,ENE020300_20260809-014024.xlsx,
2022-01-01,НБС ENE020300 энергобаланс,"..Agricultura, silvicultura si pescuit | Energie electrica",340.0,ТДж,ENE020300_20260809-014024.xlsx,
2023-01-01,НБС ENE020300 энергобаланс,"..Agricultura, silvicultura si pescuit | Total",6106.0,ТДж,ENE020300_20260809-014024.xlsx,
2023-01-01,НБС ENE020300 энергобаланс,"..Agricultura, silvicultura si pescuit | Carbune",100.0,ТДж,ENE020300_20260809-014024.xlsx,
2023-01-01,НБС ENE020300 энергобаланс,"..Agricultura, silvicultura si pescuit | Gaz natural",103.0,ТДж,ENE020300_20260809-014024.xlsx,
2023-01-01,НБС ENE020300 энергобаланс,"..Agricultura, silvicultura si pescuit | Produse petroliere",5509.0,ТДж,ENE020300_20260809-014024.xlsx,
2023-01-01,НБС ENE020300 энергобаланс,"..Agricultura, silvicultura si pescuit | Biocombustibili si deseuri",55.0,ТДж,ENE020300_20260809-014024.xlsx,
2023-01-01,НБС ENE020300 энергобаланс,"..Agricultura, silvicultura si pescuit | Energie electrica",339.0,ТДж,ENE020300_20260809-014024.xlsx,
2024-01-01,НБС ENE020300 энергобаланс,"..Agricultura, silvicultura si pescuit | Total",5602.0,ТДж,ENE020300_20260809-014024.xlsx,
2024-01-01,НБС ENE020300 энергобаланс,"..Agricultura, silvicultura si pescuit | Carbune",109.0,ТДж,ENE020300_20260809-014024.xlsx,
2024-01-01,НБС ENE020300 энергобаланс,"..Agricultura, silvicultura si pescuit | Gaz natural",132.0,ТДж,ENE020300_20260809-014024.xlsx,
2024-01-01,НБС ENE020300 энергобаланс,"..Agricultura, silvicultura si pescuit | Produse petroliere",4902.0,ТДж,ENE020300_20260809-014024.xlsx,
2024-01-01,НБС ENE020300 энергобаланс,"..Agricultura, silvicultura si pescuit | Biocombustibili si deseuri",85.0,ТДж,ENE020300_20260809-014024.xlsx,
2024-01-01,НБС ENE020300 энергобаланс,"..Agricultura, silvicultura si pescuit | Energie electrica",373.0,ТДж,ENE020300_20260809-014024.xlsx,
2024-01-01,НБС ENE020300 энергобаланс,"..Agricultura, silvicultura si pescuit | Energie termica",1.0,ТДж,ENE020300_20260809-014024.xlsx,
2010-01-01,НБС ENE020300 энергобаланс,..Consumat in scopuri neenergetice | Total,1270.0,ТДж,ENE020300_20260809-014024.xlsx,
2010-01-01,НБС ENE020300 энергобаланс,..Consumat in scopuri neenergetice | Gaz natural,11.0,ТДж,ENE020300_20260809-014024.xlsx,
2010-01-01,НБС ENE020300 энергобаланс,..Consumat in scopuri neenergetice | Produse petroliere,1254.0,ТДж,ENE020300_20260809-014024.xlsx,
2010-01-01,НБС ENE020300 энергобаланс,..Consumat in scopuri neenergetice | Biocombustibili si deseuri,5.0,ТДж,ENE020300_20260809-014024.xlsx,
2011-01-01,НБС ENE020300 энергобаланс,..Consumat in scopuri neenergetice | Total,1215.0,ТДж,ENE020300_20260809-014024.xlsx,
2011-01-01,НБС ENE020300 энергобаланс,..Consumat in scopuri neenergetice | Produse petroliere,1213.0,ТДж,ENE020300_20260809-014024.xlsx,
2011-01-01,НБС ENE020300 энергобаланс,..Consumat in scopuri neenergetice | Biocombustibili si deseuri,2.0,ТДж,ENE020300_20260809-014024.xlsx,
2012-01-01,НБС ENE020300 энергобаланс,..Consumat in scopuri neenergetice | Total,1863.0,ТДж,ENE020300_20260809-014024.xlsx,
2012-01-01,НБС ENE020300 энергобаланс,..Consumat in scopuri neenergetice | Produse petroliere,1862.0,ТДж,ENE020300_20260809-014024.xlsx,
2012-01-01,НБС ENE020300 энергобаланс,..Consumat in scopuri neenergetice | Biocombustibili si deseuri,1.0,ТДж,ENE020300_20260809-014024.xlsx,
2013-01-01,НБС ENE020300 энергобаланс,..Consumat in scopuri neenergetice | Total,1809.0,ТДж,ENE020300_20260809-014024.xlsx,
2013-01-01,НБС ENE020300 энергобаланс,..Consumat in scopuri neenergetice | Produse petroliere,1809.0,ТДж,ENE020300_20260809-014024.xlsx,
2014-01-01,НБС ENE020300 энергобаланс,..Consumat in scopuri neenergetice | Total,2101.0,ТДж,ENE020300_20260809-014024.xlsx,
2014-01-01,НБС ENE020300 энергобаланс,..Consumat in scopuri neenergetice | Produse petroliere,1971.0,ТДж,ENE020300_20260809-014024.xlsx,
2014-01-01,НБС ENE020300 энергобаланс,..Consumat in scopuri neenergetice | Biocombustibili si deseuri,130.0,ТДж,ENE020300_20260809-014024.xlsx,
2015-01-01,НБС ENE020300 энергобаланс,..Consumat in scopuri neenergetice | Total,1911.0,ТДж,ENE020300_20260809-014024.xlsx,
2015-01-01,НБС ENE020300 энергобаланс,..Consumat in scopuri neenergetice | Produse petroliere,1550.0,ТДж,ENE020300_20260809-014024.xlsx,
2015-01-01,НБС ENE020300 энергобаланс,..Consumat in scopuri neenergetice | Biocombustibili si deseuri,361.0,ТДж,ENE020300_20260809-014024.xlsx,
2016-01-01,НБС ENE020300 энергобаланс,..Consumat in scopuri neenergetice | Total,1849.0,ТДж,ENE020300_20260809-014024.xlsx,
2016-01-01,НБС ENE020300 энергобаланс,..Consumat in scopuri neenergetice | Carbune,5.0,ТДж,ENE020300_20260809-014024.xlsx,
2016-01-01,НБС ENE020300 энергобаланс,..Consumat in scopuri neenergetice | Produse petroliere,1535.0,ТДж,ENE020300_20260809-014024.xlsx,
2016-01-01,НБС ENE020300 энергобаланс,..Consumat in scopuri neenergetice | Biocombustibili si deseuri,309.0,ТДж,ENE020300_20260809-014024.xlsx,
2017-01-01,НБС ENE020300 энергобаланс,..Consumat in scopuri neenergetice | Total,2126.0,ТДж,ENE020300_20260809-014024.xlsx,
2017-01-01,НБС ENE020300 энергобаланс,..Consumat in scopuri neenergetice | Carbune,18.0,ТДж,ENE020300_20260809-014024.xlsx,
2017-01-01,НБС ENE020300 энергобаланс,..Consumat in scopuri neenergetice | Produse petroliere,1588.0,ТДж,ENE020300_20260809-014024.xlsx,
2017-01-01,НБС ENE020300 энергобаланс,..Consumat in scopuri neenergetice | Biocombustibili si deseuri,520.0,ТДж,ENE020300_20260809-014024.xlsx,
2018-01-01,НБС ENE020300 энергобаланс,..Consumat in scopuri neenergetice | Total,3281.0,ТДж,ENE020300_20260809-014024.xlsx,
2018-01-01,НБС ENE020300 энергобаланс,..Consumat in scopuri neenergetice | Carbune,2.0,ТДж,ENE020300_20260809-014024.xlsx,
2018-01-01,НБС ENE020300 энергобаланс,..Consumat in scopuri neenergetice | Produse petroliere,2728.0,ТДж,ENE020300_20260809-014024.xlsx,
2018-01-01,НБС ENE020300 энергобаланс,..Consumat in scopuri neenergetice | Biocombustibili si deseuri,551.0,ТДж,ENE020300_20260809-014024.xlsx,
2019-01-01,НБС ENE020300 энергобаланс,..Consumat in scopuri neenergetice | Total,2728.0,ТДж,ENE020300_20260809-014024.xlsx,
2019-01-01,НБС ENE020300 энергобаланс,..Consumat in scopuri neenergetice | Produse petroliere,2386.0,ТДж,ENE020300_20260809-014024.xlsx,
2019-01-01,НБС ENE020300 энергобаланс,..Consumat in scopuri neenergetice | Biocombustibili si deseuri,342.0,ТДж,ENE020300_20260809-014024.xlsx,
2020-01-01,НБС ENE020300 энергобаланс,..Consumat in scopuri neenergetice | Total,3736.0,ТДж,ENE020300_20260809-014024.xlsx,
2020-01-01,НБС ENE020300 энергобаланс,..Consumat in scopuri neenergetice | Produse petroliere,3052.0,ТДж,ENE020300_20260809-014024.xlsx,
2020-01-01,НБС ENE020300 энергобаланс,..Consumat in scopuri neenergetice | Biocombustibili si deseuri,684.0,ТДж,ENE020300_20260809-014024.xlsx,
2021-01-01,НБС ENE020300 энергобаланс,..Consumat in scopuri neenergetice | Total,3025.0,ТДж,ENE020300_20260809-014024.xlsx,
2021-01-01,НБС ENE020300 энергобаланс,..Consumat in scopuri neenergetice | Carbune,1.0,ТДж,ENE020300_20260809-014024.xlsx,
2021-01-01,НБС ENE020300 энергобаланс,..Consumat in scopuri neenergetice | Produse petroliere,2567.0,ТДж,ENE020300_20260809-014024.xlsx,
2021-01-01,НБС ENE020300 энергобаланс,..Consumat in scopuri neenergetice | Biocombustibili si deseuri,457.0,ТДж,ENE020300_20260809-014024.xlsx,
2022-01-01,НБС ENE020300 энергобаланс,..Consumat in scopuri neenergetice | Total,3000.0,ТДж,ENE020300_20260809-014024.xlsx,
2022-01-01,НБС ENE020300 энергобаланс,..Consumat in scopuri neenergetice | Produse petroliere,2146.0,ТДж,ENE020300_20260809-014024.xlsx,
2022-01-01,НБС ENE020300 энергобаланс,..Consumat in scopuri neenergetice | Biocombustibili si deseuri,854.0,ТДж,ENE020300_20260809-014024.xlsx,
2023-01-01,НБС ENE020300 энергобаланс,..Consumat in scopuri neenergetice | Total,3060.0,ТДж,ENE020300_20260809-014024.xlsx,
2023-01-01,НБС ENE020300 энергобаланс,..Consumat in scopuri neenergetice | Produse petroliere,2080.0,ТДж,ENE020300_20260809-014024.xlsx,
2023-01-01,НБС ENE020300 энергобаланс,..Consumat in scopuri neenergetice | Biocombustibili si deseuri,980.0,ТДж,ENE020300_20260809-014024.xlsx,
2024-01-01,НБС ENE020300 энергобаланс,..Consumat in scopuri neenergetice | Total,2239.0,ТДж,ENE020300_20260809-014024.xlsx,
2024-01-01,НБС ENE020300 энергобаланс,..Consumat in scopuri neenergetice | Carbune,1.0,ТДж,ENE020300_20260809-014024.xlsx,
2024-01-01,НБС ENE020300 энергобаланс,..Consumat in scopuri neenergetice | Produse petroliere,1803.0,ТДж,ENE020300_20260809-014024.xlsx,
2024-01-01,НБС ENE020300 энергобаланс,..Consumat in scopuri neenergetice | Biocombustibili si deseuri,435.0,ТДж,ENE020300_20260809-014024.xlsx,
