id,показатель,значение,единица,период,источник_файл,точное_место,формула,статус,дата_расчёта
F0001,"Доля МГРЭС в валовом конечном потреблении э/э, 2015",77.6,%,2015,ENE010100_20260809-013935 (2).xlsx,"лист ENE010100, строки 'Procurat din alte surse' и 'Consum final brut'",3304108 / 4256125 * 100,вычислено,2026-08-11
F0002,"Поставки МГРЭС (Procurat din alte surse), 2015",3304.1,ГВт·ч,2015,ENE010100_20260809-013935 (2).xlsx,"лист ENE010100, строка 'Procurat din alte surse', сумма 12 месяцев",сумма помесячных значений,из_источника,2026-08-11
F0003,"Валовое конечное потребление э/э, 2015",4256.1,ГВт·ч,2015,ENE010100_20260809-013935 (2).xlsx,"лист ENE010100, строка 'Consum final brut', сумма 12 месяцев",сумма помесячных значений,из_источника,2026-08-11
F0004,"Доля МГРЭС в валовом конечном потреблении э/э, 2016",78.6,%,2016,ENE010100_20260809-013935 (2).xlsx,"лист ENE010100, строки 'Procurat din alte surse' и 'Consum final brut'",3318142 / 4218986 * 100,вычислено,2026-08-11
F0005,"Поставки МГРЭС (Procurat din alte surse), 2016",3318.1,ГВт·ч,2016,ENE010100_20260809-013935 (2).xlsx,"лист ENE010100, строка 'Procurat din alte surse', сумма 12 месяцев",сумма помесячных значений,из_источника,2026-08-11
F0006,"Валовое конечное потребление э/э, 2016",4219.0,ГВт·ч,2016,ENE010100_20260809-013935 (2).xlsx,"лист ENE010100, строка 'Consum final brut', сумма 12 месяцев",сумма помесячных значений,из_источника,2026-08-11
F0007,"Доля МГРЭС в валовом конечном потреблении э/э, 2017",53.5,%,2017,ENE010100_20260809-013935 (2).xlsx,"лист ENE010100, строки 'Procurat din alte surse' и 'Consum final brut'",2323742 / 4342208 * 100,вычислено,2026-08-11
F0008,"Поставки МГРЭС (Procurat din alte surse), 2017",2323.7,ГВт·ч,2017,ENE010100_20260809-013935 (2).xlsx,"лист ENE010100, строка 'Procurat din alte surse', сумма 12 месяцев",сумма помесячных значений,из_источника,2026-08-11
F0009,"Валовое конечное потребление э/э, 2017",4342.2,ГВт·ч,2017,ENE010100_20260809-013935 (2).xlsx,"лист ENE010100, строка 'Consum final brut', сумма 12 месяцев",сумма помесячных значений,из_источника,2026-08-11
F0010,"Доля МГРЭС в валовом конечном потреблении э/э, 2018",61.1,%,2018,ENE010100_20260809-013935 (2).xlsx,"лист ENE010100, строки 'Procurat din alte surse' и 'Consum final brut'",2964527 / 4851686 * 100,вычислено,2026-08-11
F0011,"Поставки МГРЭС (Procurat din alte surse), 2018",2964.5,ГВт·ч,2018,ENE010100_20260809-013935 (2).xlsx,"лист ENE010100, строка 'Procurat din alte surse', сумма 12 месяцев",сумма помесячных значений,из_источника,2026-08-11
F0012,"Валовое конечное потребление э/э, 2018",4851.7,ГВт·ч,2018,ENE010100_20260809-013935 (2).xlsx,"лист ENE010100, строка 'Consum final brut', сумма 12 месяцев",сумма помесячных значений,из_источника,2026-08-11
F0013,"Доля МГРЭС в валовом конечном потреблении э/э, 2019",64.8,%,2019,ENE010100_20260809-013935 (2).xlsx,"лист ENE010100, строки 'Procurat din alte surse' и 'Consum final brut'",2824767 / 4356368 * 100,вычислено,2026-08-11
F0014,"Поставки МГРЭС (Procurat din alte surse), 2019",2824.8,ГВт·ч,2019,ENE010100_20260809-013935 (2).xlsx,"лист ENE010100, строка 'Procurat din alte surse', сумма 12 месяцев",сумма помесячных значений,из_источника,2026-08-11
F0015,"Валовое конечное потребление э/э, 2019",4356.4,ГВт·ч,2019,ENE010100_20260809-013935 (2).xlsx,"лист ENE010100, строка 'Consum final brut', сумма 12 месяцев",сумма помесячных значений,из_источника,2026-08-11
F0016,"Доля МГРЭС в валовом конечном потреблении э/э, 2020",70.6,%,2020,ENE010100_20260809-013935 (2).xlsx,"лист ENE010100, строки 'Procurat din alte surse' и 'Consum final brut'",3251285 / 4602466 * 100,вычислено,2026-08-11
F0017,"Поставки МГРЭС (Procurat din alte surse), 2020",3251.3,ГВт·ч,2020,ENE010100_20260809-013935 (2).xlsx,"лист ENE010100, строка 'Procurat din alte surse', сумма 12 месяцев",сумма помесячных значений,из_источника,2026-08-11
F0018,"Валовое конечное потребление э/э, 2020",4602.5,ГВт·ч,2020,ENE010100_20260809-013935 (2).xlsx,"лист ENE010100, строка 'Consum final brut', сумма 12 месяцев",сумма помесячных значений,из_источника,2026-08-11
F0019,"Доля МГРЭС в валовом конечном потреблении э/э, 2021",71.3,%,2021,ENE010100_20260809-013935 (2).xlsx,"лист ENE010100, строки 'Procurat din alte surse' и 'Consum final brut'",3005190 / 4211916 * 100,вычислено,2026-08-11
F0020,"Поставки МГРЭС (Procurat din alte surse), 2021",3005.2,ГВт·ч,2021,ENE010100_20260809-013935 (2).xlsx,"лист ENE010100, строка 'Procurat din alte surse', сумма 12 месяцев",сумма помесячных значений,из_источника,2026-08-11
F0021,"Валовое конечное потребление э/э, 2021",4211.9,ГВт·ч,2021,ENE010100_20260809-013935 (2).xlsx,"лист ENE010100, строка 'Consum final brut', сумма 12 месяцев",сумма помесячных значений,из_источника,2026-08-11
F0022,"Доля МГРЭС в валовом конечном потреблении э/э, 2022",59.8,%,2022,ENE010100_20260809-013935 (2).xlsx,"лист ENE010100, строки 'Procurat din alte surse' и 'Consum final brut'",2595866 / 4343826 * 100,вычислено,2026-08-11
F0023,"Поставки МГРЭС (Procurat din alte surse), 2022",2595.9,ГВт·ч,2022,ENE010100_20260809-013935 (2).xlsx,"лист ENE010100, строка 'Procurat din alte surse', сумма 12 месяцев",сумма помесячных значений,из_источника,2026-08-11
F0024,"Валовое конечное потребление э/э, 2022",4343.8,ГВт·ч,2022,ENE010100_20260809-013935 (2).xlsx,"лист ENE010100, строка 'Consum final brut', сумма 12 месяцев",сумма помесячных значений,из_источника,2026-08-11
F0025,"Доля МГРЭС в валовом конечном потреблении э/э, 2023",78.5,%,2023,ENE010100_20260809-013935 (2).xlsx,"лист ENE010100, строки 'Procurat din alte surse' и 'Consum final brut'",3278475 / 4178522 * 100,вычислено,2026-08-11
F0026,"Поставки МГРЭС (Procurat din alte surse), 2023",3278.5,ГВт·ч,2023,ENE010100_20260809-013935 (2).xlsx,"лист ENE010100, строка 'Procurat din alte surse', сумма 12 месяцев",сумма помесячных значений,из_источника,2026-08-11
F0027,"Валовое конечное потребление э/э, 2023",4178.5,ГВт·ч,2023,ENE010100_20260809-013935 (2).xlsx,"лист ENE010100, строка 'Consum final brut', сумма 12 месяцев",сумма помесячных значений,из_источника,2026-08-11
F0028,"Доля МГРЭС в валовом конечном потреблении э/э, 2024",70.2,%,2024,ENE010100_20260809-013935 (2).xlsx,"лист ENE010100, строки 'Procurat din alte surse' и 'Consum final brut'",3065121 / 4369190 * 100,вычислено,2026-08-11
F0029,"Поставки МГРЭС (Procurat din alte surse), 2024",3065.1,ГВт·ч,2024,ENE010100_20260809-013935 (2).xlsx,"лист ENE010100, строка 'Procurat din alte surse', сумма 12 месяцев",сумма помесячных значений,из_источника,2026-08-11
F0030,"Валовое конечное потребление э/э, 2024",4369.2,ГВт·ч,2024,ENE010100_20260809-013935 (2).xlsx,"лист ENE010100, строка 'Consum final brut', сумма 12 месяцев",сумма помесячных значений,из_источника,2026-08-11
F0031,"Доля МГРЭС в валовом конечном потреблении э/э, 2025",0.0,%,2025,ENE010100_20260809-013935 (2).xlsx,"лист ENE010100, строки 'Procurat din alte surse' и 'Consum final brut'",0 / 4111963 * 100,вычислено,2026-08-11
F0032,"Поставки МГРЭС (Procurat din alte surse), 2025",0.0,ГВт·ч,2025,ENE010100_20260809-013935 (2).xlsx,"лист ENE010100, строка 'Procurat din alte surse', сумма 12 месяцев",сумма помесячных значений,из_источника,2026-08-11
F0033,"Валовое конечное потребление э/э, 2025",4112.0,ГВт·ч,2025,ENE010100_20260809-013935 (2).xlsx,"лист ENE010100, строка 'Consum final brut', сумма 12 месяцев",сумма помесячных значений,из_источника,2026-08-11
F0034,"Доля МГРЭС в валовом конечном потреблении э/э, 2026",0.0,%,2026,ENE010100_20260809-013935 (2).xlsx,"лист ENE010100, строки 'Procurat din alte surse' и 'Consum final brut'",0 / 2087568 * 100 (неполный год),вычислено,2026-08-11
F0035,"Поставки МГРЭС (Procurat din alte surse), 2026",0.0,ГВт·ч,2026,ENE010100_20260809-013935 (2).xlsx,"лист ENE010100, строка 'Procurat din alte surse', сумма 12 месяцев",сумма помесячных значений,из_источника,2026-08-11
F0036,"Валовое конечное потребление э/э, 2026",2087.6,ГВт·ч,2026,ENE010100_20260809-013935 (2).xlsx,"лист ENE010100, строка 'Consum final brut', сумма 12 месяцев",сумма помесячных значений,из_источника,2026-08-11
F0037,"Цена импорта газа Молдовой (Comtrade), 2000",79.8,USD/1000 м³,2000,TradeData_*.csv,"код 271121, репортёр Молдова, партнёр World, годовые строки","стоимость CIF / (количество кг / 0,717) * 1000",вычислено,2026-08-11
F0038,"Европейский индекс цены газа (World Bank), 2000",140.8,USD/1000 м³,2000,CMO-Historical-Data-Monthly.xlsx,"лист 'Monthly Prices', ряд 'Natural gas, Europe', среднее по 12 месяцам","среднегодовое $/mmbtu * 38,5*1000 / 1055,056",вычислено,2026-08-11
F0039,"Разница цены газа для Молдовы против европейского индекса, 2000",43.3,%,2000,TradeData_*.csv + CMO-Historical-Data-Monthly.xlsx,-,(140.8 - 79.8) / 140.8 * 100,вычислено,2026-08-11
F0040,"Экономия/переплата Молдовы на цене газа, 2000",60.7,млн USD,2000,TradeData_*.csv + CMO-Historical-Data-Monthly.xlsx,-,(140.8 - 79.8) $/1000 м³ * 994.2 млн м³,вычислено,2026-08-11
F0041,"Цена импорта газа Молдовой (Comtrade), 2001",81.9,USD/1000 м³,2001,TradeData_*.csv,"код 271121, репортёр Молдова, партнёр World, годовые строки","стоимость CIF / (количество кг / 0,717) * 1000",вычислено,2026-08-11
F0042,"Европейский индекс цены газа (World Bank), 2001",148.1,USD/1000 м³,2001,CMO-Historical-Data-Monthly.xlsx,"лист 'Monthly Prices', ряд 'Natural gas, Europe', среднее по 12 месяцам","среднегодовое $/mmbtu * 38,5*1000 / 1055,056",вычислено,2026-08-11
F0043,"Разница цены газа для Молдовы против европейского индекса, 2001",44.7,%,2001,TradeData_*.csv + CMO-Historical-Data-Monthly.xlsx,-,(148.1 - 81.9) / 148.1 * 100,вычислено,2026-08-11
F0044,"Экономия/переплата Молдовы на цене газа, 2001",72.0,млн USD,2001,TradeData_*.csv + CMO-Historical-Data-Monthly.xlsx,-,(148.1 - 81.9) $/1000 м³ * 1088.8 млн м³,вычислено,2026-08-11
F0045,"Цена импорта газа Молдовой (Comtrade), 2002",82.8,USD/1000 м³,2002,TradeData_*.csv,"код 271121, репортёр Молдова, партнёр World, годовые строки","стоимость CIF / (количество кг / 0,717) * 1000",вычислено,2026-08-11
F0046,"Европейский индекс цены газа (World Bank), 2002",111.4,USD/1000 м³,2002,CMO-Historical-Data-Monthly.xlsx,"лист 'Monthly Prices', ряд 'Natural gas, Europe', среднее по 12 месяцам","среднегодовое $/mmbtu * 38,5*1000 / 1055,056",вычислено,2026-08-11
F0047,"Разница цены газа для Молдовы против европейского индекса, 2002",25.6,%,2002,TradeData_*.csv + CMO-Historical-Data-Monthly.xlsx,-,(111.4 - 82.8) / 111.4 * 100,вычислено,2026-08-11
F0048,"Экономия/переплата Молдовы на цене газа, 2002",31.1,млн USD,2002,TradeData_*.csv + CMO-Historical-Data-Monthly.xlsx,-,(111.4 - 82.8) $/1000 м³ * 1088.9 млн м³,вычислено,2026-08-11
F0049,"Цена импорта газа Молдовой (Comtrade), 2003",74.4,USD/1000 м³,2003,TradeData_*.csv,"код 271121, репортёр Молдова, партнёр World, годовые строки","стоимость CIF / (количество кг / 0,717) * 1000",вычислено,2026-08-11
F0050,"Европейский индекс цены газа (World Bank), 2003",142.6,USD/1000 м³,2003,CMO-Historical-Data-Monthly.xlsx,"лист 'Monthly Prices', ряд 'Natural gas, Europe', среднее по 12 месяцам","среднегодовое $/mmbtu * 38,5*1000 / 1055,056",вычислено,2026-08-11
F0051,"Разница цены газа для Молдовы против европейского индекса, 2003",47.8,%,2003,TradeData_*.csv + CMO-Historical-Data-Monthly.xlsx,-,(142.6 - 74.4) / 142.6 * 100,вычислено,2026-08-11
F0052,"Экономия/переплата Молдовы на цене газа, 2003",80.8,млн USD,2003,TradeData_*.csv + CMO-Historical-Data-Monthly.xlsx,-,(142.6 - 74.4) $/1000 м³ * 1186.3 млн м³,вычислено,2026-08-11
F0053,"Цена импорта газа Молдовой (Comtrade), 2004",77.1,USD/1000 м³,2004,TradeData_*.csv,"код 271121, репортёр Молдова, партнёр World, годовые строки","стоимость CIF / (количество кг / 0,717) * 1000",вычислено,2026-08-11
F0054,"Европейский индекс цены газа (World Bank), 2004",156.1,USD/1000 м³,2004,CMO-Historical-Data-Monthly.xlsx,"лист 'Monthly Prices', ряд 'Natural gas, Europe', среднее по 12 месяцам","среднегодовое $/mmbtu * 38,5*1000 / 1055,056",вычислено,2026-08-11
F0055,"Разница цены газа для Молдовы против европейского индекса, 2004",50.6,%,2004,TradeData_*.csv + CMO-Historical-Data-Monthly.xlsx,-,(156.1 - 77.1) / 156.1 * 100,вычислено,2026-08-11
F0056,"Экономия/переплата Молдовы на цене газа, 2004",95.3,млн USD,2004,TradeData_*.csv + CMO-Historical-Data-Monthly.xlsx,-,(156.1 - 77.1) $/1000 м³ * 1205.5 млн м³,вычислено,2026-08-11
F0057,"Цена импорта газа Молдовой (Comtrade), 2005",79.7,USD/1000 м³,2005,TradeData_*.csv,"код 271121, репортёр Молдова, партнёр World, годовые строки","стоимость CIF / (количество кг / 0,717) * 1000",вычислено,2026-08-11
F0058,"Европейский индекс цены газа (World Bank), 2005",230.9,USD/1000 м³,2005,CMO-Historical-Data-Monthly.xlsx,"лист 'Monthly Prices', ряд 'Natural gas, Europe', среднее по 12 месяцам","среднегодовое $/mmbtu * 38,5*1000 / 1055,056",вычислено,2026-08-11
F0059,"Разница цены газа для Молдовы против европейского индекса, 2005",65.5,%,2005,TradeData_*.csv + CMO-Historical-Data-Monthly.xlsx,-,(230.9 - 79.7) / 230.9 * 100,вычислено,2026-08-11
F0060,"Экономия/переплата Молдовы на цене газа, 2005",204.9,млн USD,2005,TradeData_*.csv + CMO-Historical-Data-Monthly.xlsx,-,(230.9 - 79.7) $/1000 м³ * 1355.2 млн м³,вычислено,2026-08-11
F0061,"Цена импорта газа Молдовой (Comtrade), 2006",139.4,USD/1000 м³,2006,TradeData_*.csv,"код 271121, репортёр Молдова, партнёр World, годовые строки","стоимость CIF / (количество кг / 0,717) * 1000",вычислено,2026-08-11
F0062,"Европейский индекс цены газа (World Bank), 2006",309.1,USD/1000 м³,2006,CMO-Historical-Data-Monthly.xlsx,"лист 'Monthly Prices', ряд 'Natural gas, Europe', среднее по 12 месяцам","среднегодовое $/mmbtu * 38,5*1000 / 1055,056",вычислено,2026-08-11
F0063,"Разница цены газа для Молдовы против европейского индекса, 2006",54.9,%,2006,TradeData_*.csv + CMO-Historical-Data-Monthly.xlsx,-,(309.1 - 139.4) / 309.1 * 100,вычислено,2026-08-11
F0064,"Экономия/переплата Молдовы на цене газа, 2006",230.3,млн USD,2006,TradeData_*.csv + CMO-Historical-Data-Monthly.xlsx,-,(309.1 - 139.4) $/1000 м³ * 1356.7 млн м³,вычислено,2026-08-11
F0065,"Цена импорта газа Молдовой (Comtrade), 2007",181.0,USD/1000 м³,2007,TradeData_*.csv,"код 271121, репортёр Молдова, партнёр World, годовые строки","стоимость CIF / (количество кг / 0,717) * 1000",вычислено,2026-08-11
F0066,"Европейский индекс цены газа (World Bank), 2007",312.2,USD/1000 м³,2007,CMO-Historical-Data-Monthly.xlsx,"лист 'Monthly Prices', ряд 'Natural gas, Europe', среднее по 12 месяцам","среднегодовое $/mmbtu * 38,5*1000 / 1055,056",вычислено,2026-08-11
F0067,"Разница цены газа для Молдовы против европейского индекса, 2007",42.0,%,2007,TradeData_*.csv + CMO-Historical-Data-Monthly.xlsx,-,(312.2 - 181.0) / 312.2 * 100,вычислено,2026-08-11
F0068,"Экономия/переплата Молдовы на цене газа, 2007",163.5,млн USD,2007,TradeData_*.csv + CMO-Historical-Data-Monthly.xlsx,-,(312.2 - 181.0) $/1000 м³ * 1246.7 млн м³,вычислено,2026-08-11
F0069,"Цена импорта газа Молдовой (Comtrade), 2008",240.5,USD/1000 м³,2008,TradeData_*.csv,"код 271121, репортёр Молдова, партнёр World, годовые строки","стоимость CIF / (количество кг / 0,717) * 1000",вычислено,2026-08-11
F0070,"Европейский индекс цены газа (World Bank), 2008",489.2,USD/1000 м³,2008,CMO-Historical-Data-Monthly.xlsx,"лист 'Monthly Prices', ряд 'Natural gas, Europe', среднее по 12 месяцам","среднегодовое $/mmbtu * 38,5*1000 / 1055,056",вычислено,2026-08-11
F0071,"Разница цены газа для Молдовы против европейского индекса, 2008",50.8,%,2008,TradeData_*.csv + CMO-Historical-Data-Monthly.xlsx,-,(489.2 - 240.5) / 489.2 * 100,вычислено,2026-08-11
F0072,"Экономия/переплата Молдовы на цене газа, 2008",294.9,млн USD,2008,TradeData_*.csv + CMO-Historical-Data-Monthly.xlsx,-,(489.2 - 240.5) $/1000 м³ * 1185.3 млн м³,вычислено,2026-08-11
F0073,"Цена импорта газа Молдовой (Comtrade), 2009",273.8,USD/1000 м³,2009,TradeData_*.csv,"код 271121, репортёр Молдова, партнёр World, годовые строки","стоимость CIF / (количество кг / 0,717) * 1000",вычислено,2026-08-11
F0074,"Европейский индекс цены газа (World Bank), 2009",317.8,USD/1000 м³,2009,CMO-Historical-Data-Monthly.xlsx,"лист 'Monthly Prices', ряд 'Natural gas, Europe', среднее по 12 месяцам","среднегодовое $/mmbtu * 38,5*1000 / 1055,056",вычислено,2026-08-11
F0075,"Разница цены газа для Молдовы против европейского индекса, 2009",13.8,%,2009,TradeData_*.csv + CMO-Historical-Data-Monthly.xlsx,-,(317.8 - 273.8) / 317.8 * 100,вычислено,2026-08-11
F0076,"Экономия/переплата Молдовы на цене газа, 2009",47.8,млн USD,2009,TradeData_*.csv + CMO-Historical-Data-Monthly.xlsx,-,(317.8 - 273.8) $/1000 м³ * 1085.3 млн м³,вычислено,2026-08-11
F0077,"Цена импорта газа Молдовой (Comtrade), 2010",259.6,USD/1000 м³,2010,TradeData_*.csv,"код 271121, репортёр Молдова, партнёр World, годовые строки","стоимость CIF / (количество кг / 0,717) * 1000",вычислено,2026-08-11
F0078,"Европейский индекс цены газа (World Bank), 2010",302.4,USD/1000 м³,2010,CMO-Historical-Data-Monthly.xlsx,"лист 'Monthly Prices', ряд 'Natural gas, Europe', среднее по 12 месяцам","среднегодовое $/mmbtu * 38,5*1000 / 1055,056",вычислено,2026-08-11
F0079,"Разница цены газа для Молдовы против европейского индекса, 2010",14.2,%,2010,TradeData_*.csv + CMO-Historical-Data-Monthly.xlsx,-,(302.4 - 259.6) / 302.4 * 100,вычислено,2026-08-11
F0080,"Экономия/переплата Молдовы на цене газа, 2010",49.1,млн USD,2010,TradeData_*.csv + CMO-Historical-Data-Monthly.xlsx,-,(302.4 - 259.6) $/1000 м³ * 1144.7 млн м³,вычислено,2026-08-11
F0081,"Цена импорта газа Молдовой (Comtrade), 2016",1169.5,USD/1000 м³,2016,TradeData_*.csv,"код 271121, репортёр Молдова, партнёр World, годовые строки","стоимость CIF / (количество кг / 0,717) * 1000",требует_проверки,2026-08-11
F0082,"Европейский индекс цены газа (World Bank), 2016",166.5,USD/1000 м³,2016,CMO-Historical-Data-Monthly.xlsx,"лист 'Monthly Prices', ряд 'Natural gas, Europe', среднее по 12 месяцам","среднегодовое $/mmbtu * 38,5*1000 / 1055,056",вычислено,2026-08-11
F0083,"Разница цены газа для Молдовы против европейского индекса, 2016",-602.3,%,2016,TradeData_*.csv + CMO-Historical-Data-Monthly.xlsx,-,(166.5 - 1169.5) / 166.5 * 100,требует_проверки,2026-08-11
F0084,"Экономия/переплата Молдовы на цене газа, 2016",-172.3,млн USD,2016,TradeData_*.csv + CMO-Historical-Data-Monthly.xlsx,-,(166.5 - 1169.5) $/1000 м³ * 171.8 млн м³,требует_проверки,2026-08-11
F0085,"Цена импорта газа Молдовой (Comtrade), 2021",311.3,USD/1000 м³,2021,TradeData_*.csv,"код 271121, репортёр Молдова, партнёр World, годовые строки","стоимость CIF / (количество кг / 0,717) * 1000",вычислено,2026-08-11
F0086,"Европейский индекс цены газа (World Bank), 2021",588.1,USD/1000 м³,2021,CMO-Historical-Data-Monthly.xlsx,"лист 'Monthly Prices', ряд 'Natural gas, Europe', среднее по 12 месяцам","среднегодовое $/mmbtu * 38,5*1000 / 1055,056",вычислено,2026-08-11
F0087,"Разница цены газа для Молдовы против европейского индекса, 2021",47.1,%,2021,TradeData_*.csv + CMO-Historical-Data-Monthly.xlsx,-,(588.1 - 311.3) / 588.1 * 100,вычислено,2026-08-11
F0088,"Экономия/переплата Молдовы на цене газа, 2021",334.8,млн USD,2021,TradeData_*.csv + CMO-Historical-Data-Monthly.xlsx,-,(588.1 - 311.3) $/1000 м³ * 1209.5 млн м³,вычислено,2026-08-11
F0089,"Цена импорта газа Молдовой (Comtrade), 2022",834.5,USD/1000 м³,2022,TradeData_*.csv,"код 271121, репортёр Молдова, партнёр World, годовые строки","стоимость CIF / (количество кг / 0,717) * 1000",вычислено,2026-08-11
F0090,"Европейский индекс цены газа (World Bank), 2022",1472.0,USD/1000 м³,2022,CMO-Historical-Data-Monthly.xlsx,"лист 'Monthly Prices', ряд 'Natural gas, Europe', среднее по 12 месяцам","среднегодовое $/mmbtu * 38,5*1000 / 1055,056",вычислено,2026-08-11
F0091,"Разница цены газа для Молдовы против европейского индекса, 2022",43.3,%,2022,TradeData_*.csv + CMO-Historical-Data-Monthly.xlsx,-,(1472.0 - 834.5) / 1472.0 * 100,вычислено,2026-08-11
F0092,"Экономия/переплата Молдовы на цене газа, 2022",609.6,млн USD,2022,TradeData_*.csv + CMO-Historical-Data-Monthly.xlsx,-,(1472.0 - 834.5) $/1000 м³ * 956.3 млн м³,вычислено,2026-08-11
F0093,"Цена импорта газа Молдовой (Comtrade), 2023",730.9,USD/1000 м³,2023,TradeData_*.csv,"код 271121, репортёр Молдова, партнёр World, годовые строки","стоимость CIF / (количество кг / 0,717) * 1000",вычислено,2026-08-11
F0094,"Европейский индекс цены газа (World Bank), 2023",478.5,USD/1000 м³,2023,CMO-Historical-Data-Monthly.xlsx,"лист 'Monthly Prices', ряд 'Natural gas, Europe', среднее по 12 месяцам","среднегодовое $/mmbtu * 38,5*1000 / 1055,056",вычислено,2026-08-11
F0095,"Разница цены газа для Молдовы против европейского индекса, 2023",-52.7,%,2023,TradeData_*.csv + CMO-Historical-Data-Monthly.xlsx,-,(478.5 - 730.9) / 478.5 * 100,вычислено,2026-08-11
F0096,"Экономия/переплата Молдовы на цене газа, 2023",-183.7,млн USD,2023,TradeData_*.csv + CMO-Historical-Data-Monthly.xlsx,-,(478.5 - 730.9) $/1000 м³ * 728.0 млн м³,вычислено,2026-08-11
F0097,"Цена импорта газа Молдовой (Comtrade), 2024",463.4,USD/1000 м³,2024,TradeData_*.csv,"код 271121, репортёр Молдова, партнёр World, годовые строки","стоимость CIF / (количество кг / 0,717) * 1000",вычислено,2026-08-11
F0098,"Европейский индекс цены газа (World Bank), 2024",400.0,USD/1000 м³,2024,CMO-Historical-Data-Monthly.xlsx,"лист 'Monthly Prices', ряд 'Natural gas, Europe', среднее по 12 месяцам","среднегодовое $/mmbtu * 38,5*1000 / 1055,056",вычислено,2026-08-11
F0099,"Разница цены газа для Молдовы против европейского индекса, 2024",-15.8,%,2024,TradeData_*.csv + CMO-Historical-Data-Monthly.xlsx,-,(400.0 - 463.4) / 400.0 * 100,вычислено,2026-08-11
F0100,"Экономия/переплата Молдовы на цене газа, 2024",-57.3,млн USD,2024,TradeData_*.csv + CMO-Historical-Data-Monthly.xlsx,-,(400.0 - 463.4) $/1000 м³ * 904.1 млн м³,вычислено,2026-08-11
F0101,"Цена импорта газа Молдовой (Comtrade), 2025",589.7,USD/1000 м³,2025,TradeData_*.csv,"код 271121, репортёр Молдова, партнёр World, годовые строки","стоимость CIF / (количество кг / 0,717) * 1000",вычислено,2026-08-11
F0102,"Европейский индекс цены газа (World Bank), 2025",436.5,USD/1000 м³,2025,CMO-Historical-Data-Monthly.xlsx,"лист 'Monthly Prices', ряд 'Natural gas, Europe', среднее по 12 месяцам","среднегодовое $/mmbtu * 38,5*1000 / 1055,056",вычислено,2026-08-11
F0103,"Разница цены газа для Молдовы против европейского индекса, 2025",-35.1,%,2025,TradeData_*.csv + CMO-Historical-Data-Monthly.xlsx,-,(436.5 - 589.7) / 436.5 * 100,вычислено,2026-08-11
F0104,"Экономия/переплата Молдовы на цене газа, 2025",-249.9,млн USD,2025,TradeData_*.csv + CMO-Historical-Data-Monthly.xlsx,-,(436.5 - 589.7) $/1000 м³ * 1630.5 млн м³,вычислено,2026-08-11
F0105,Экономия Молдовы на цене газа за годы скидки (нетто-положительные годы),2274.6,млн USD,"2000-2022, 13 лет с данными",TradeData_*.csv + CMO-Historical-Data-Monthly.xlsx,-,"сумма годовых разниц только за годы, где цена для Молдовы ниже индекса; 2016 исключён (битые количества в Comtrade)",вычислено,2026-08-11
F0106,Переплата Молдовы против европейского индекса после разрыва,-490.9,млн USD,2023-2025,TradeData_*.csv + CMO-Historical-Data-Monthly.xlsx,-,"сумма годовых разниц за годы, где цена для Молдовы выше индекса",вычислено,2026-08-11
F0107,"Кумулятивная экономия Молдовы на цене газа, НЕТТО по всем годам с данными",1783.7,млн USD,годы с данными Comtrade,TradeData_*.csv + CMO-Historical-Data-Monthly.xlsx,-,сумма годовых разниц; 2016 исключён (битые количества в Comtrade),вычислено,2026-08-11
F0108,"Газ, сожжённый для электроэнергии правому берегу, 2015",1006.8,млн м³,2015,ENE010100 + допущение удельного расхода,"лист ENE010100, 'Procurat din alte surse'",3304108 МВт·ч * 1000 * 0.3047 м³/кВт·ч,допущение,2026-08-11
F0109,"Газ, сожжённый для электроэнергии правому берегу, 2016",1011.0,млн м³,2016,ENE010100 + допущение удельного расхода,"лист ENE010100, 'Procurat din alte surse'",3318142 МВт·ч * 1000 * 0.3047 м³/кВт·ч,допущение,2026-08-11
F0110,"Газ, сожжённый для электроэнергии правому берегу, 2017",708.0,млн м³,2017,ENE010100 + допущение удельного расхода,"лист ENE010100, 'Procurat din alte surse'",2323742 МВт·ч * 1000 * 0.3047 м³/кВт·ч,допущение,2026-08-11
F0111,"Газ, сожжённый для электроэнергии правому берегу, 2018",903.3,млн м³,2018,ENE010100 + допущение удельного расхода,"лист ENE010100, 'Procurat din alte surse'",2964527 МВт·ч * 1000 * 0.3047 м³/кВт·ч,допущение,2026-08-11
F0112,"Газ, сожжённый для электроэнергии правому берегу, 2019",860.7,млн м³,2019,ENE010100 + допущение удельного расхода,"лист ENE010100, 'Procurat din alte surse'",2824767 МВт·ч * 1000 * 0.3047 м³/кВт·ч,допущение,2026-08-11
F0113,"Газ, сожжённый для электроэнергии правому берегу, 2020",990.7,млн м³,2020,ENE010100 + допущение удельного расхода,"лист ENE010100, 'Procurat din alte surse'",3251285 МВт·ч * 1000 * 0.3047 м³/кВт·ч,допущение,2026-08-11
F0114,"Газ, сожжённый для электроэнергии правому берегу, 2021",915.7,млн м³,2021,ENE010100 + допущение удельного расхода,"лист ENE010100, 'Procurat din alte surse'",3005190 МВт·ч * 1000 * 0.3047 м³/кВт·ч,допущение,2026-08-11
F0115,"Газ, сожжённый для электроэнергии правому берегу, 2022",791.0,млн м³,2022,ENE010100 + допущение удельного расхода,"лист ENE010100, 'Procurat din alte surse'",2595866 МВт·ч * 1000 * 0.3047 м³/кВт·ч,допущение,2026-08-11
F0116,"Газ, сожжённый для электроэнергии правому берегу, 2023",999.0,млн м³,2023,ENE010100 + допущение удельного расхода,"лист ENE010100, 'Procurat din alte surse'",3278475 МВт·ч * 1000 * 0.3047 м³/кВт·ч,допущение,2026-08-11
F0117,"Газ, сожжённый для электроэнергии правому берегу, 2024",933.9,млн м³,2024,ENE010100 + допущение удельного расхода,"лист ENE010100, 'Procurat din alte surse'",3065121 МВт·ч * 1000 * 0.3047 м³/кВт·ч,допущение,2026-08-11
F0118,"Газ, сожжённый для электроэнергии правому берегу, 2025",0.0,млн м³,2025,ENE010100 + допущение удельного расхода,"лист ENE010100, 'Procurat din alte surse'",0 МВт·ч * 1000 * 0.3047 м³/кВт·ч,допущение,2026-08-11
F0119,"Газ, сожжённый для электроэнергии правому берегу, 2024 [удельный расход 0.3047]",933.9,млн м³,2024,ENE010100 + допущение удельного расхода,"лист ENE010100, 'Procurat din alte surse'",3065121 МВт·ч * 1000 * 0.3047 м³/кВт·ч,допущение,2026-08-11
F0120,"Газ, сожжённый для электроэнергии правому берегу, 2024 [удельный расход 0.3282]",1006.0,млн м³,2024,ENE010100 + допущение удельного расхода,"лист ENE010100, 'Procurat din alte surse'",3065121 МВт·ч * 1000 * 0.3282 м³/кВт·ч,допущение,2026-08-11
F0121,"Реальная цена кВт·ч от МГРЭС, узкий счёт, 2021",0.1537,USD/кВт·ч,2021,ENE010100 + TradeData_*.csv + договоры/ANRE,-,(176.9 млн $ деньгами + 285.1 млн $ долгом) / 3005189800 кВт·ч; газ 916 млн м³ по 311.3 $/1000 м³,допущение,2026-08-11
F0122,"Реальная цена кВт·ч от МГРЭС, полный счёт, 2021",0.2661,USD/кВт·ч,2021,ENE010100 + TradeData_*.csv + договоры/ANRE,-,(176.9 млн $ деньгами + 622.7 млн $ долгом) / 3005189800 кВт·ч; газ 2000 млн м³ по 311.3 $/1000 м³,допущение,2026-08-11
F0123,"Реальная цена кВт·ч от МГРЭС, узкий счёт, 2022",0.3162,USD/кВт·ч,2022,ENE010100 + TradeData_*.csv + договоры/ANRE,-,(160.7 млн $ деньгами + 660.0 млн $ долгом) / 2595866300 кВт·ч; газ 791 млн м³ по 834.5 $/1000 м³,допущение,2026-08-11
F0124,"Реальная цена кВт·ч от МГРЭС, полный счёт, 2022",0.7048,USD/кВт·ч,2022,ENE010100 + TradeData_*.csv + договоры/ANRE,-,(160.7 млн $ деньгами + 1669.0 млн $ долгом) / 2595866300 кВт·ч; газ 2000 млн м³ по 834.5 $/1000 м³,допущение,2026-08-11
F0125,"Реальная цена кВт·ч от МГРЭС, узкий счёт, 2023",0.3211,USD/кВт·ч,2023,ENE010100 + TradeData_*.csv + договоры/ANRE,-,(322.6 млн $ деньгами + 730.1 млн $ долгом) / 3278475000 кВт·ч; газ 999 млн м³ по 730.9 $/1000 м³,допущение,2026-08-11
F0126,"Реальная цена кВт·ч от МГРЭС, полный счёт, 2023",0.5443,USD/кВт·ч,2023,ENE010100 + TradeData_*.csv + договоры/ANRE,-,(322.6 млн $ деньгами + 1461.8 млн $ долгом) / 3278475000 кВт·ч; газ 2000 млн м³ по 730.9 $/1000 м³,допущение,2026-08-11
F0127,"Реальная цена кВт·ч от МГРЭС, узкий счёт, 2024",0.2355,USD/кВт·ч,2024,ENE010100 + TradeData_*.csv + договоры/ANRE,-,(289.1 млн $ деньгами + 432.8 млн $ долгом) / 3065121100 кВт·ч; газ 934 млн м³ по 463.4 $/1000 м³,допущение,2026-08-11
F0128,"Реальная цена кВт·ч от МГРЭС, полный счёт, 2024",0.3967,USD/кВт·ч,2024,ENE010100 + TradeData_*.csv + договоры/ANRE,-,(289.1 млн $ деньгами + 926.8 млн $ долгом) / 3065121100 кВт·ч; газ 2000 млн м³ по 463.4 $/1000 м³,допущение,2026-08-11
F0129,"Реальная цена кВт·ч от МГРЭС, узкий счёт, 2021 [цена э/э по договору 489-22: 0,073]",0.1679,USD/кВт·ч,2021,ENE010100 + TradeData_*.csv + договоры/ANRE,-,(219.4 млн $ деньгами + 285.1 млн $ долгом) / 3005189800 кВт·ч; газ 916 млн м³ по 311.3 $/1000 м³,допущение,2026-08-11
F0130,"Реальная цена кВт·ч от МГРЭС, полный счёт, 2021 [цена э/э по договору 489-22: 0,073]",0.2802,USD/кВт·ч,2021,ENE010100 + TradeData_*.csv + договоры/ANRE,-,(219.4 млн $ деньгами + 622.7 млн $ долгом) / 3005189800 кВт·ч; газ 2000 млн м³ по 311.3 $/1000 м³,допущение,2026-08-11
F0131,"Реальная цена кВт·ч от МГРЭС, узкий счёт, 2022 [цена э/э по договору 489-22: 0,073]",0.3273,USD/кВт·ч,2022,ENE010100 + TradeData_*.csv + договоры/ANRE,-,(189.5 млн $ деньгами + 660.0 млн $ долгом) / 2595866300 кВт·ч; газ 791 млн м³ по 834.5 $/1000 м³,допущение,2026-08-11
F0132,"Реальная цена кВт·ч от МГРЭС, полный счёт, 2022 [цена э/э по договору 489-22: 0,073]",0.7159,USD/кВт·ч,2022,ENE010100 + TradeData_*.csv + договоры/ANRE,-,(189.5 млн $ деньгами + 1669.0 млн $ долгом) / 2595866300 кВт·ч; газ 2000 млн м³ по 834.5 $/1000 м³,допущение,2026-08-11
F0133,"Реальная цена кВт·ч от МГРЭС, узкий счёт, 2023 [цена э/э по договору 489-22: 0,073]",0.2957,USD/кВт·ч,2023,ENE010100 + TradeData_*.csv + договоры/ANRE,-,(239.3 млн $ деньгами + 730.1 млн $ долгом) / 3278475000 кВт·ч; газ 999 млн м³ по 730.9 $/1000 м³,допущение,2026-08-11
F0134,"Реальная цена кВт·ч от МГРЭС, полный счёт, 2023 [цена э/э по договору 489-22: 0,073]",0.5189,USD/кВт·ч,2023,ENE010100 + TradeData_*.csv + договоры/ANRE,-,(239.3 млн $ деньгами + 1461.8 млн $ долгом) / 3278475000 кВт·ч; газ 2000 млн м³ по 730.9 $/1000 м³,допущение,2026-08-11
F0135,"Реальная цена кВт·ч от МГРЭС, узкий счёт, 2024 [цена э/э по договору 489-22: 0,073]",0.2142,USD/кВт·ч,2024,ENE010100 + TradeData_*.csv + договоры/ANRE,-,(223.8 млн $ деньгами + 432.8 млн $ долгом) / 3065121100 кВт·ч; газ 934 млн м³ по 463.4 $/1000 м³,допущение,2026-08-11
F0136,"Реальная цена кВт·ч от МГРЭС, полный счёт, 2024 [цена э/э по договору 489-22: 0,073]",0.3754,USD/кВт·ч,2024,ENE010100 + TradeData_*.csv + договоры/ANRE,-,(223.8 млн $ деньгами + 926.8 млн $ долгом) / 3065121100 кВт·ч; газ 2000 млн м³ по 463.4 $/1000 м³,допущение,2026-08-11
F0137,"Сценарий себестоимости кВт·ч МГРЭС: A. Газ бесплатный, как было до 2025",0.0936,USD/кВт·ч,2026,HCA 44 + HCA 214 + TradeData/Pink Sheet + договор 489-22/MGRES,-,топливо 0/1000*0.3047 = 0.0000; транспорт газа 364 лей/1000 м³ = 0.0064; цена станции по договору 489-22 0.073; сети 245 лей/МВт·ч = 0.0142,допущение,2026-08-11
F0138,Сценарий себестоимости кВт·ч МГРЭС: B. Газ по цене Газпрома 2021 (311 $),0.1884,USD/кВт·ч,2026,HCA 44 + HCA 214 + TradeData/Pink Sheet + договор 489-22/MGRES,-,топливо 311/1000*0.3047 = 0.0949; транспорт газа 364 лей/1000 м³ = 0.0064; цена станции по договору 489-22 0.073; сети 245 лей/МВт·ч = 0.0142,допущение,2026-08-11
F0139,Сценарий себестоимости кВт·ч МГРЭС: C. Газ по цене Газпрома 2022 (834 $),0.3478,USD/кВт·ч,2026,HCA 44 + HCA 214 + TradeData/Pink Sheet + договор 489-22/MGRES,-,топливо 834/1000*0.3047 = 0.2543; транспорт газа 364 лей/1000 м³ = 0.0064; цена станции по договору 489-22 0.073; сети 245 лей/МВт·ч = 0.0142,допущение,2026-08-11
F0140,Сценарий себестоимости кВт·ч МГРЭС: D. Газ по европейскому индексу 2026 (551 $),0.2615,USD/кВт·ч,2026,HCA 44 + HCA 214 + TradeData/Pink Sheet + договор 489-22/MGRES,-,топливо 551/1000*0.3047 = 0.1679; транспорт газа 364 лей/1000 м³ = 0.0064; цена станции по договору 489-22 0.073; сети 245 лей/МВт·ч = 0.0142,допущение,2026-08-11
F0141,Сценарий себестоимости кВт·ч МГРЭС: E. Газ с премией за малый объём (700 $),0.3069,USD/кВт·ч,2026,HCA 44 + HCA 214 + TradeData/Pink Sheet + договор 489-22/MGRES,-,топливо 700/1000*0.3047 = 0.2133; транспорт газа 364 лей/1000 м³ = 0.0064; цена станции по договору 489-22 0.073; сети 245 лей/МВт·ч = 0.0142,допущение,2026-08-11
F0142,Румыния: оптовая цена э/э 2026 плюс передача,0.1534,USD/кВт·ч,2026 (8 месяцев),european_wholesale_electricity_price_data_monthly.csv + data.csv + HCA 214,-,119.64 €/МВт·ч * 1.1634 USD/EUR / 1000 + 0.0142,вычислено,2026-08-11
F0143,"Оптовая цена э/э Румынии, среднее за 8 месяцев 2026",119.64,EUR/МВт·ч,2026 (январь-август),european_wholesale_electricity_price_data_monthly.csv,строки Country=Romania,среднее по 8 месяцам,из_источника,2026-08-11
F0144,"Годовой счёт за 3000 ГВт·ч, сценарий A",281.0,млн USD,2026,расчёт,-,0.0936 $/кВт·ч * 3000000000 кВт·ч,вычислено,2026-08-11
F0145,"Годовой счёт за 3000 ГВт·ч, сценарий B",565.0,млн USD,2026,расчёт,-,0.1884 $/кВт·ч * 3000000000 кВт·ч,вычислено,2026-08-11
F0146,"Годовой счёт за 3000 ГВт·ч, сценарий C",1044.0,млн USD,2026,расчёт,-,0.3478 $/кВт·ч * 3000000000 кВт·ч,вычислено,2026-08-11
F0147,"Годовой счёт за 3000 ГВт·ч, сценарий D",785.0,млн USD,2026,расчёт,-,0.2615 $/кВт·ч * 3000000000 кВт·ч,вычислено,2026-08-11
F0148,"Годовой счёт за 3000 ГВт·ч, сценарий E",921.0,млн USD,2026,расчёт,-,0.3069 $/кВт·ч * 3000000000 кВт·ч,вычислено,2026-08-11
F0149,"Годовой счёт за 3000 ГВт·ч, сценарий Румыния, оптовая 2026 (119",460.0,млн USD,2026,расчёт,-,0.1534 $/кВт·ч * 3000000000 кВт·ч,вычислено,2026-08-11
F0150,"Сценарий себестоимости, вилка удельного расхода: A. Газ бесплатный, как было до 2025",0.0929..0.0947,USD/кВт·ч,2026,расчёт,-,"удельный расход 0,27 и 0,36 м³/кВт·ч",допущение,2026-08-11
F0151,"Сценарий себестоимости, вилка удельного расхода: B. Газ по цене Газпрома 2021 (311 $)",0.1769..0.2068,USD/кВт·ч,2026,расчёт,-,"удельный расход 0,27 и 0,36 м³/кВт·ч",допущение,2026-08-11
F0152,"Сценарий себестоимости, вилка удельного расхода: C. Газ по цене Газпрома 2022 (834 $)",0.3182..0.3952,USD/кВт·ч,2026,расчёт,-,"удельный расход 0,27 и 0,36 м³/кВт·ч",допущение,2026-08-11
F0153,"Сценарий себестоимости, вилка удельного расхода: D. Газ по европейскому индексу 2026 (551 $)",0.2417..0.2931,USD/кВт·ч,2026,расчёт,-,"удельный расход 0,27 и 0,36 м³/кВт·ч",допущение,2026-08-11
F0154,"Сценарий себестоимости, вилка удельного расхода: E. Газ с премией за малый объём (700 $)",0.2819..0.3467,USD/кВт·ч,2026,расчёт,-,"удельный расход 0,27 и 0,36 м³/кВт·ч",допущение,2026-08-11
F0155,"Сценарий с модернизацией до ПГУ (0,17 м³/кВт·ч): A. Газ бесплатный, как было до 2025",0.0912,USD/кВт·ч,2026,расчёт,-,топливо 0.0000 + транспорт 0.0040 + маржа 0.073 + сети 0.0142,допущение,2026-08-11
F0156,"Сценарий с модернизацией до ПГУ (0,17 м³/кВт·ч): B. Газ по цене Газпрома 2021 (311 $)",0.1507,USD/кВт·ч,2026,расчёт,-,топливо 0.0595 + транспорт 0.0040 + маржа 0.073 + сети 0.0142,допущение,2026-08-11
F0157,"Сценарий с модернизацией до ПГУ (0,17 м³/кВт·ч): C. Газ по цене Газпрома 2022 (834 $)",0.2507,USD/кВт·ч,2026,расчёт,-,топливо 0.1596 + транспорт 0.0040 + маржа 0.073 + сети 0.0142,допущение,2026-08-11
F0158,"Сценарий с модернизацией до ПГУ (0,17 м³/кВт·ч): D. Газ по европейскому индексу 2026 (551 $)",0.1966,USD/кВт·ч,2026,расчёт,-,топливо 0.1054 + транспорт 0.0040 + маржа 0.073 + сети 0.0142,допущение,2026-08-11
F0159,"Сценарий с модернизацией до ПГУ (0,17 м³/кВт·ч): E. Газ с премией за малый объём (700 $)",0.225,USD/кВт·ч,2026,расчёт,-,топливо 0.1338 + транспорт 0.0040 + маржа 0.073 + сети 0.0142,допущение,2026-08-11
F0160,Доходы республиканского бюджета ПМР на 2026 год,2727607990.0,рублей ПМР,2026,Приложение № 1 (доходы РБ) (тек. ред. на 28.05.26г.).xlsx,"лист 'после папки 117', строка 77, колонка ВСЕГО",,из_источника,2026-08-11
F0161,Расходы республиканского бюджета ПМР на 2026 год,5524279716.0,рублей ПМР,2026,Приложение № 2 (расходы РБ) (тек. ред. на 06.06.26г.).xlsx,"лист 'после папки 141', строка 316, колонка D 'Всего'",,из_источника,2026-08-11
F0162,Дефицит республиканского бюджета ПМР на 2026 год,2796671726.0,рублей ПМР,2026,Приложения № 1 и № 2 к закону о бюджете ПМР,-,5524279716 - 2727607990,вычислено,2026-08-11
F0163,Дефицит республиканского бюджета ПМР на 2026 год в долларах,173.7,млн USD,2026,Приложения № 1 и № 2 + cbpmr.csv,"курс ЦБ ПМР 16,1000 на 01.08.2026",2796671726 / 16.1,вычислено,2026-08-11
F0164,"Маржа Тирасполя, покрывающая дефицит бюджета, при объёме 3000 ГВт·ч",0.0579,USD/кВт·ч,2026,расчёт,-,173706318 $ / (3000 ГВт·ч * 1e6 кВт·ч),вычислено,2026-08-11
F0165,"Маржа Тирасполя, покрывающая дефицит бюджета, при объёме 2500 ГВт·ч",0.0695,USD/кВт·ч,2026,расчёт,-,173706318 $ / (2500 ГВт·ч * 1e6 кВт·ч),вычислено,2026-08-11
F0166,"Маржа Тирасполя, покрывающая дефицит бюджета, при объёме 2000 ГВт·ч",0.0869,USD/кВт·ч,2026,расчёт,-,173706318 $ / (2000 ГВт·ч * 1e6 кВт·ч),вычислено,2026-08-11
F0167,Стоимость э/э МГРЭС правому берегу за первые 10 месяцев 2024,252.4,млн USD,"2024, январь-10","ENE010100 + ANRE, средняя цена закупки э/э лицензиатами (прокси)",-,2676342 МВт·ч * 1000 * 0.09431 $/кВт·ч,требует_проверки,2026-08-11
F0168,"Бытовое потребление э/э на домохозяйство, 2025",152.8,кВт·ч в месяц,2025,ENE010100 + допущение о числе домохозяйств,строка 'din care: consumat în sectorul rezidential',1846456 МВт·ч * 1000 / 1006800 / 12,допущение,2026-08-11
F0169,"Платёжка домохозяйства, сценарий: Как было при бесплатном газе",247.0,лей в месяц,2026,расчёт,-,"152.8 кВт·ч * 0.0936 $/кВт·ч * 17.2928 лей/$ (энергия и передача, без распределения, сбыта и НДС)",допущение,2026-08-11
F0170,"Платёжка домохозяйства, сценарий: Румыния, как сегодня",405.0,лей в месяц,2026,расчёт,-,"152.8 кВт·ч * 0.1534 $/кВт·ч * 17.2928 лей/$ (энергия и передача, без распределения, сбыта и НДС)",допущение,2026-08-11
F0171,"Платёжка домохозяйства, сценарий: МГРЭС при европейском газе 2026",691.0,лей в месяц,2026,расчёт,-,"152.8 кВт·ч * 0.2615 $/кВт·ч * 17.2928 лей/$ (энергия и передача, без распределения, сбыта и НДС)",допущение,2026-08-11
F0172,"Платёжка домохозяйства, сценарий: МГРЭС при цене с премией 700 $",811.0,лей в месяц,2026,расчёт,-,"152.8 кВт·ч * 0.3069 $/кВт·ч * 17.2928 лей/$ (энергия и передача, без распределения, сбыта и НДС)",допущение,2026-08-11
F0173,"Moldelectrica: средняя мощность ТЭС (TPP), 2024-01",616.7,МВт,2024-01,Archive_data_for_period_*.zip,"колонка TPP, 15-минутный ряд","среднее по 2975 слотам, после дедупликации",из_источника,2026-08-11
F0174,"Moldelectrica: средняя мощность ТЭС (TPP), 2025-01",348.3,МВт,2025-01,Archive_data_for_period_*.zip,"колонка TPP, 15-минутный ряд","среднее по 2976 слотам, после дедупликации",из_источника,2026-08-11
F0175,"Moldelectrica: средняя мощность ТЭС (TPP), 2026-01",373.9,МВт,2026-01,Archive_data_for_period_*.zip,"колонка TPP, 15-минутный ряд","среднее по 2976 слотам, после дедупликации",из_источника,2026-08-11
F0176,"Moldelectrica: средний переток MD-RO, 2024-01",326.2,МВт,2024-01,Archive_data_for_period_*.zip,колонка MD-RO (плюс = импорт из Румынии в Молдову),среднее по месяцу,из_источника,2026-08-11
F0177,"Moldelectrica: средний переток MD-UA, 2024-01",-238.4,МВт,2024-01,Archive_data_for_period_*.zip,колонка MD-UA (минус = экспорт из Молдовы в Украину),среднее по месяцу,из_источника,2026-08-11
F0178,"Moldelectrica: средний переток MD-RO, 2024-02",300.7,МВт,2024-02,Archive_data_for_period_*.zip,колонка MD-RO (плюс = импорт из Румынии в Молдову),среднее по месяцу,из_источника,2026-08-11
F0179,"Moldelectrica: средний переток MD-UA, 2024-02",-277.2,МВт,2024-02,Archive_data_for_period_*.zip,колонка MD-UA (минус = экспорт из Молдовы в Украину),среднее по месяцу,из_источника,2026-08-11
F0180,"Moldelectrica: средний переток MD-RO, 2024-03",178.1,МВт,2024-03,Archive_data_for_period_*.zip,колонка MD-RO (плюс = импорт из Румынии в Молдову),среднее по месяцу,из_источника,2026-08-11
F0181,"Moldelectrica: средний переток MD-UA, 2024-03",-180.3,МВт,2024-03,Archive_data_for_period_*.zip,колонка MD-UA (минус = экспорт из Молдовы в Украину),среднее по месяцу,из_источника,2026-08-11
F0182,"Moldelectrica: средний переток MD-RO, 2024-04",295.5,МВт,2024-04,Archive_data_for_period_*.zip,колонка MD-RO (плюс = импорт из Румынии в Молдову),среднее по месяцу,из_источника,2026-08-11
F0183,"Moldelectrica: средний переток MD-UA, 2024-04",-316.6,МВт,2024-04,Archive_data_for_period_*.zip,колонка MD-UA (минус = экспорт из Молдовы в Украину),среднее по месяцу,из_источника,2026-08-11
F0184,"Moldelectrica: средний переток MD-RO, 2024-05",123.9,МВт,2024-05,Archive_data_for_period_*.zip,колонка MD-RO (плюс = импорт из Румынии в Молдову),среднее по месяцу,из_источника,2026-08-11
F0185,"Moldelectrica: средний переток MD-UA, 2024-05",-137.2,МВт,2024-05,Archive_data_for_period_*.zip,колонка MD-UA (минус = экспорт из Молдовы в Украину),среднее по месяцу,из_источника,2026-08-11
F0186,"Moldelectrica: средний переток MD-RO, 2024-06",278.1,МВт,2024-06,Archive_data_for_period_*.zip,колонка MD-RO (плюс = импорт из Румынии в Молдову),среднее по месяцу,из_источника,2026-08-11
F0187,"Moldelectrica: средний переток MD-UA, 2024-06",-268.7,МВт,2024-06,Archive_data_for_period_*.zip,колонка MD-UA (минус = экспорт из Молдовы в Украину),среднее по месяцу,из_источника,2026-08-11
F0188,"Moldelectrica: средний переток MD-RO, 2024-07",375.2,МВт,2024-07,Archive_data_for_period_*.zip,колонка MD-RO (плюс = импорт из Румынии в Молдову),среднее по месяцу,из_источника,2026-08-11
F0189,"Moldelectrica: средний переток MD-UA, 2024-07",-329.8,МВт,2024-07,Archive_data_for_period_*.zip,колонка MD-UA (минус = экспорт из Молдовы в Украину),среднее по месяцу,из_источника,2026-08-11
F0190,"Moldelectrica: средний переток MD-RO, 2024-08",203.9,МВт,2024-08,Archive_data_for_period_*.zip,колонка MD-RO (плюс = импорт из Румынии в Молдову),среднее по месяцу,из_источника,2026-08-11
F0191,"Moldelectrica: средний переток MD-UA, 2024-08",-183.3,МВт,2024-08,Archive_data_for_period_*.zip,колонка MD-UA (минус = экспорт из Молдовы в Украину),среднее по месяцу,из_источника,2026-08-11
F0192,"Moldelectrica: средний переток MD-RO, 2024-09",316.3,МВт,2024-09,Archive_data_for_period_*.zip,колонка MD-RO (плюс = импорт из Румынии в Молдову),среднее по месяцу,из_источника,2026-08-11
F0193,"Moldelectrica: средний переток MD-UA, 2024-09",-335.4,МВт,2024-09,Archive_data_for_period_*.zip,колонка MD-UA (минус = экспорт из Молдовы в Украину),среднее по месяцу,из_источника,2026-08-11
F0194,"Moldelectrica: средний переток MD-RO, 2024-10",109.6,МВт,2024-10,Archive_data_for_period_*.zip,колонка MD-RO (плюс = импорт из Румынии в Молдову),среднее по месяцу,из_источника,2026-08-11
F0195,"Moldelectrica: средний переток MD-UA, 2024-10",-124.3,МВт,2024-10,Archive_data_for_period_*.zip,колонка MD-UA (минус = экспорт из Молдовы в Украину),среднее по месяцу,из_источника,2026-08-11
F0196,"Moldelectrica: средний переток MD-RO, 2024-11",143.4,МВт,2024-11,Archive_data_for_period_*.zip,колонка MD-RO (плюс = импорт из Румынии в Молдову),среднее по месяцу,из_источника,2026-08-11
F0197,"Moldelectrica: средний переток MD-UA, 2024-11",-54.6,МВт,2024-11,Archive_data_for_period_*.zip,колонка MD-UA (минус = экспорт из Молдовы в Украину),среднее по месяцу,из_источника,2026-08-11
F0198,"Moldelectrica: средний переток MD-RO, 2024-12",388.5,МВт,2024-12,Archive_data_for_period_*.zip,колонка MD-RO (плюс = импорт из Румынии в Молдову),среднее по месяцу,из_источника,2026-08-11
F0199,"Moldelectrica: средний переток MD-UA, 2024-12",-243.6,МВт,2024-12,Archive_data_for_period_*.zip,колонка MD-UA (минус = экспорт из Молдовы в Украину),среднее по месяцу,из_источника,2026-08-11
F0200,"Moldelectrica: средний переток MD-RO, 2025-01",313.8,МВт,2025-01,Archive_data_for_period_*.zip,колонка MD-RO (плюс = импорт из Румынии в Молдову),среднее по месяцу,из_источника,2026-08-11
F0201,"Moldelectrica: средний переток MD-UA, 2025-01",8.3,МВт,2025-01,Archive_data_for_period_*.zip,колонка MD-UA (минус = экспорт из Молдовы в Украину),среднее по месяцу,из_источника,2026-08-11
F0202,"Moldelectrica: средний переток MD-RO, 2025-02",455.7,МВт,2025-02,Archive_data_for_period_*.zip,колонка MD-RO (плюс = импорт из Румынии в Молдову),среднее по месяцу,из_источника,2026-08-11
F0203,"Moldelectrica: средний переток MD-UA, 2025-02",-128.4,МВт,2025-02,Archive_data_for_period_*.zip,колонка MD-UA (минус = экспорт из Молдовы в Украину),среднее по месяцу,из_источника,2026-08-11
F0204,"Moldelectrica: средний переток MD-RO, 2025-03",454.3,МВт,2025-03,Archive_data_for_period_*.zip,колонка MD-RO (плюс = импорт из Румынии в Молдову),среднее по месяцу,из_источника,2026-08-11
F0205,"Moldelectrica: средний переток MD-UA, 2025-03",-163.8,МВт,2025-03,Archive_data_for_period_*.zip,колонка MD-UA (минус = экспорт из Молдовы в Украину),среднее по месяцу,из_источника,2026-08-11
F0206,"Moldelectrica: средний переток MD-RO, 2025-04",169.3,МВт,2025-04,Archive_data_for_period_*.zip,колонка MD-RO (плюс = импорт из Румынии в Молдову),среднее по месяцу,из_источника,2026-08-11
F0207,"Moldelectrica: средний переток MD-UA, 2025-04",131.0,МВт,2025-04,Archive_data_for_period_*.zip,колонка MD-UA (минус = экспорт из Молдовы в Украину),среднее по месяцу,из_источника,2026-08-11
F0208,"Moldelectrica: средний переток MD-RO, 2025-05",226.7,МВт,2025-05,Archive_data_for_period_*.zip,колонка MD-RO (плюс = импорт из Румынии в Молдову),среднее по месяцу,из_источника,2026-08-11
F0209,"Moldelectrica: средний переток MD-UA, 2025-05",64.5,МВт,2025-05,Archive_data_for_period_*.zip,колонка MD-UA (минус = экспорт из Молдовы в Украину),среднее по месяцу,из_источника,2026-08-11
F0210,"Moldelectrica: средний переток MD-RO, 2025-06",178.8,МВт,2025-06,Archive_data_for_period_*.zip,колонка MD-RO (плюс = импорт из Румынии в Молдову),среднее по месяцу,из_источника,2026-08-11
F0211,"Moldelectrica: средний переток MD-UA, 2025-06",100.6,МВт,2025-06,Archive_data_for_period_*.zip,колонка MD-UA (минус = экспорт из Молдовы в Украину),среднее по месяцу,из_источника,2026-08-11
F0212,"Moldelectrica: средний переток MD-RO, 2025-07",264.4,МВт,2025-07,Archive_data_for_period_*.zip,колонка MD-RO (плюс = импорт из Румынии в Молдову),среднее по месяцу,из_источника,2026-08-11
F0213,"Moldelectrica: средний переток MD-UA, 2025-07",91.3,МВт,2025-07,Archive_data_for_period_*.zip,колонка MD-UA (минус = экспорт из Молдовы в Украину),среднее по месяцу,из_источника,2026-08-11
F0214,"Moldelectrica: средний переток MD-RO, 2025-08",303.7,МВт,2025-08,Archive_data_for_period_*.zip,колонка MD-RO (плюс = импорт из Румынии в Молдову),среднее по месяцу,из_источника,2026-08-11
F0215,"Moldelectrica: средний переток MD-UA, 2025-08",36.9,МВт,2025-08,Archive_data_for_period_*.zip,колонка MD-UA (минус = экспорт из Молдовы в Украину),среднее по месяцу,из_источника,2026-08-11
F0216,"Moldelectrica: средний переток MD-RO, 2025-09",158.4,МВт,2025-09,Archive_data_for_period_*.zip,колонка MD-RO (плюс = импорт из Румынии в Молдову),среднее по месяцу,из_источника,2026-08-11
F0217,"Moldelectrica: средний переток MD-UA, 2025-09",178.6,МВт,2025-09,Archive_data_for_period_*.zip,колонка MD-UA (минус = экспорт из Молдовы в Украину),среднее по месяцу,из_источника,2026-08-11
F0218,"Moldelectrica: средний переток MD-RO, 2025-10",504.1,МВт,2025-10,Archive_data_for_period_*.zip,колонка MD-RO (плюс = импорт из Румынии в Молдову),среднее по месяцу,из_источника,2026-08-11
F0219,"Moldelectrica: средний переток MD-UA, 2025-10",-117.7,МВт,2025-10,Archive_data_for_period_*.zip,колонка MD-UA (минус = экспорт из Молдовы в Украину),среднее по месяцу,из_источника,2026-08-11
F0220,"Moldelectrica: средний переток MD-RO, 2025-11",615.5,МВт,2025-11,Archive_data_for_period_*.zip,колонка MD-RO (плюс = импорт из Румынии в Молдову),среднее по месяцу,из_источника,2026-08-11
F0221,"Moldelectrica: средний переток MD-UA, 2025-11",-244.6,МВт,2025-11,Archive_data_for_period_*.zip,колонка MD-UA (минус = экспорт из Молдовы в Украину),среднее по месяцу,из_источника,2026-08-11
F0222,"Moldelectrica: средний переток MD-RO, 2025-12",638.7,МВт,2025-12,Archive_data_for_period_*.zip,колонка MD-RO (плюс = импорт из Румынии в Молдову),среднее по месяцу,из_источника,2026-08-11
F0223,"Moldelectrica: средний переток MD-UA, 2025-12",-249.4,МВт,2025-12,Archive_data_for_period_*.zip,колонка MD-UA (минус = экспорт из Молдовы в Украину),среднее по месяцу,из_источника,2026-08-11
F0224,"Moldelectrica: средний переток MD-RO, 2026-01",835.1,МВт,2026-01,Archive_data_for_period_*.zip,колонка MD-RO (плюс = импорт из Румынии в Молдову),среднее по месяцу,из_источника,2026-08-11
F0225,"Moldelectrica: средний переток MD-UA, 2026-01",-443.7,МВт,2026-01,Archive_data_for_period_*.zip,колонка MD-UA (минус = экспорт из Молдовы в Украину),среднее по месяцу,из_источника,2026-08-11
F0226,"Moldelectrica: средний переток MD-RO, 2026-02",1066.4,МВт,2026-02,Archive_data_for_period_*.zip,колонка MD-RO (плюс = импорт из Румынии в Молдову),среднее по месяцу,из_источника,2026-08-11
F0227,"Moldelectrica: средний переток MD-UA, 2026-02",-686.8,МВт,2026-02,Archive_data_for_period_*.zip,колонка MD-UA (минус = экспорт из Молдовы в Украину),среднее по месяцу,из_источника,2026-08-11
F0228,"Moldelectrica: средний переток MD-RO, 2026-03",704.6,МВт,2026-03,Archive_data_for_period_*.zip,колонка MD-RO (плюс = импорт из Румынии в Молдову),среднее по месяцу,из_источника,2026-08-11
F0229,"Moldelectrica: средний переток MD-UA, 2026-03",-466.1,МВт,2026-03,Archive_data_for_period_*.zip,колонка MD-UA (минус = экспорт из Молдовы в Украину),среднее по месяцу,из_источника,2026-08-11
F0230,"Moldelectrica: средний переток MD-RO, 2026-04",524.9,МВт,2026-04,Archive_data_for_period_*.zip,колонка MD-RO (плюс = импорт из Румынии в Молдову),среднее по месяцу,из_источника,2026-08-11
F0231,"Moldelectrica: средний переток MD-UA, 2026-04",-253.7,МВт,2026-04,Archive_data_for_period_*.zip,колонка MD-UA (минус = экспорт из Молдовы в Украину),среднее по месяцу,из_источника,2026-08-11
F0232,"Moldelectrica: средний переток MD-RO, 2026-05",490.4,МВт,2026-05,Archive_data_for_period_*.zip,колонка MD-RO (плюс = импорт из Румынии в Молдову),среднее по месяцу,из_источника,2026-08-11
F0233,"Moldelectrica: средний переток MD-UA, 2026-05",-262.1,МВт,2026-05,Archive_data_for_period_*.zip,колонка MD-UA (минус = экспорт из Молдовы в Украину),среднее по месяцу,из_источника,2026-08-11
F0234,"Moldelectrica: средний переток MD-RO, 2026-06",529.8,МВт,2026-06,Archive_data_for_period_*.zip,колонка MD-RO (плюс = импорт из Румынии в Молдову),среднее по месяцу,из_источника,2026-08-11
F0235,"Moldelectrica: средний переток MD-UA, 2026-06",-236.0,МВт,2026-06,Archive_data_for_period_*.zip,колонка MD-UA (минус = экспорт из Молдовы в Украину),среднее по месяцу,из_источника,2026-08-11
F0236,"Moldelectrica: средний переток MD-RO, 2026-07",511.4,МВт,2026-07,Archive_data_for_period_*.zip,колонка MD-RO (плюс = импорт из Румынии в Молдову),среднее по месяцу,из_источника,2026-08-11
F0237,"Moldelectrica: средний переток MD-UA, 2026-07",-179.8,МВт,2026-07,Archive_data_for_period_*.zip,колонка MD-UA (минус = экспорт из Молдовы в Украину),среднее по месяцу,из_источника,2026-08-11
F0238,"Moldelectrica: средний переток MD-RO, 2026-08",504.9,МВт,2026-08,Archive_data_for_period_*.zip,колонка MD-RO (плюс = импорт из Румынии в Молдову),среднее по месяцу,из_источника,2026-08-11
F0239,"Moldelectrica: средний переток MD-UA, 2026-08",-150.9,МВт,2026-08,Archive_data_for_period_*.zip,колонка MD-UA (минус = экспорт из Молдовы в Украину),среднее по месяцу,из_источника,2026-08-11
F0240,"Бытовое потребление природного газа, 2015",292.0,млн м³ при 20 °C,2015,ENE010400_20260809-013825.xlsx,"строка 'din care: consumat în sectorul rezidential', сумма 12 месяцев",сумма помесячных значений,из_источника,2026-08-11
F0241,"Бытовое потребление природного газа, 2016",292.1,млн м³ при 20 °C,2016,ENE010400_20260809-013825.xlsx,"строка 'din care: consumat în sectorul rezidential', сумма 12 месяцев",сумма помесячных значений,из_источника,2026-08-11
F0242,"Бытовое потребление природного газа, 2017",309.5,млн м³ при 20 °C,2017,ENE010400_20260809-013825.xlsx,"строка 'din care: consumat în sectorul rezidential', сумма 12 месяцев",сумма помесячных значений,из_источника,2026-08-11
F0243,"Бытовое потребление природного газа, 2018",354.0,млн м³ при 20 °C,2018,ENE010400_20260809-013825.xlsx,"строка 'din care: consumat în sectorul rezidential', сумма 12 месяцев",сумма помесячных значений,из_источника,2026-08-11
F0244,"Бытовое потребление природного газа, 2019",363.1,млн м³ при 20 °C,2019,ENE010400_20260809-013825.xlsx,"строка 'din care: consumat în sectorul rezidential', сумма 12 месяцев",сумма помесячных значений,из_источника,2026-08-11
F0245,"Бытовое потребление природного газа, 2020",402.6,млн м³ при 20 °C,2020,ENE010400_20260809-013825.xlsx,"строка 'din care: consumat în sectorul rezidential', сумма 12 месяцев",сумма помесячных значений,из_источника,2026-08-11
F0246,"Бытовое потребление природного газа, 2021",480.5,млн м³ при 20 °C,2021,ENE010400_20260809-013825.xlsx,"строка 'din care: consumat în sectorul rezidential', сумма 12 месяцев",сумма помесячных значений,из_источника,2026-08-11
F0247,"Бытовое потребление природного газа, 2022",343.8,млн м³ при 20 °C,2022,ENE010400_20260809-013825.xlsx,"строка 'din care: consumat în sectorul rezidential', сумма 12 месяцев",сумма помесячных значений,из_источника,2026-08-11
F0248,"Бытовое потребление природного газа, 2023",286.9,млн м³ при 20 °C,2023,ENE010400_20260809-013825.xlsx,"строка 'din care: consumat în sectorul rezidential', сумма 12 месяцев",сумма помесячных значений,из_источника,2026-08-11
F0249,"Бытовое потребление природного газа, 2024",316.7,млн м³ при 20 °C,2024,ENE010400_20260809-013825.xlsx,"строка 'din care: consumat în sectorul rezidential', сумма 12 месяцев",сумма помесячных значений,из_источника,2026-08-11
F0250,"Бытовое потребление природного газа, 2025",326.2,млн м³ при 20 °C,2025,ENE010400_20260809-013825.xlsx,"строка 'din care: consumat în sectorul rezidential', сумма 12 месяцев",сумма помесячных значений,из_источника,2026-08-11
F0251,Глубина падения бытового потребления газа от пика,-40.3,%,2021 -> 2023,ENE010400_20260809-013825.xlsx,-,(286.9 / 480.5 - 1) * 100,вычислено,2026-08-11
F0252,Уровень невозврата бытового потребления газа к пику,-32.1,%,2021 -> 2025,ENE010400_20260809-013825.xlsx,-,(326.2 / 480.5 - 1) * 100,вычислено,2026-08-11
F0253,"Собственная генерация э/э Молдовы, 2015",934.4,ГВт·ч,2015,ENE010100_20260809-013935 (2).xlsx,строка 'Producerea',сумма 12 месяцев,из_источника,2026-08-11
F0254,"Импорт э/э, 2015",17.7,ГВт·ч,2015,ENE010100_20260809-013935 (2).xlsx,строка 'Import',сумма 12 месяцев,из_источника,2026-08-11
F0255,"Экспорт э/э, 2015",0.1,ГВт·ч,2015,ENE010100_20260809-013935 (2).xlsx,строка 'Export',сумма 12 месяцев,из_источника,2026-08-11
F0256,"Бытовое потребление э/э, 2015",1670.4,ГВт·ч,2015,ENE010100_20260809-013935 (2).xlsx,строка 'din care: consumat în sectorul rezidential',сумма 12 месяцев,из_источника,2026-08-11
F0257,"Импорт природного газа (правый берег), 2015",1008.5,млн м³ при 20 °C,2015,ENE010400_20260809-013825.xlsx,строка 'Import',сумма 12 месяцев,из_источника,2026-08-11
F0258,"Валовое внутреннее потребление газа (правый берег), 2015",1009.5,млн м³ при 20 °C,2015,ENE010400_20260809-013825.xlsx,строка 'Consumul intern brut',сумма 12 месяцев,из_источника,2026-08-11
F0259,"Собственная генерация э/э Молдовы, 2016",897.2,ГВт·ч,2016,ENE010100_20260809-013935 (2).xlsx,строка 'Producerea',сумма 12 месяцев,из_источника,2026-08-11
F0260,"Импорт э/э, 2016",3.7,ГВт·ч,2016,ENE010100_20260809-013935 (2).xlsx,строка 'Import',сумма 12 месяцев,из_источника,2026-08-11
F0261,"Экспорт э/э, 2016",0.1,ГВт·ч,2016,ENE010100_20260809-013935 (2).xlsx,строка 'Export',сумма 12 месяцев,из_источника,2026-08-11
F0262,"Бытовое потребление э/э, 2016",1633.8,ГВт·ч,2016,ENE010100_20260809-013935 (2).xlsx,строка 'din care: consumat în sectorul rezidential',сумма 12 месяцев,из_источника,2026-08-11
F0263,"Импорт природного газа (правый берег), 2016",1020.7,млн м³ при 20 °C,2016,ENE010400_20260809-013825.xlsx,строка 'Import',сумма 12 месяцев,из_источника,2026-08-11
F0264,"Валовое внутреннее потребление газа (правый берег), 2016",1019.1,млн м³ при 20 °C,2016,ENE010400_20260809-013825.xlsx,строка 'Consumul intern brut',сумма 12 месяцев,из_источника,2026-08-11
F0265,"Собственная генерация э/э Молдовы, 2017",884.6,ГВт·ч,2017,ENE010100_20260809-013935 (2).xlsx,строка 'Producerea',сумма 12 месяцев,из_источника,2026-08-11
F0266,"Импорт э/э, 2017",1133.9,ГВт·ч,2017,ENE010100_20260809-013935 (2).xlsx,строка 'Import',сумма 12 месяцев,из_источника,2026-08-11
F0267,"Экспорт э/э, 2017",0.1,ГВт·ч,2017,ENE010100_20260809-013935 (2).xlsx,строка 'Export',сумма 12 месяцев,из_источника,2026-08-11
F0268,"Бытовое потребление э/э, 2017",1635.9,ГВт·ч,2017,ENE010100_20260809-013935 (2).xlsx,строка 'din care: consumat în sectorul rezidential',сумма 12 месяцев,из_источника,2026-08-11
F0269,"Импорт природного газа (правый берег), 2017",1033.9,млн м³ при 20 °C,2017,ENE010400_20260809-013825.xlsx,строка 'Import',сумма 12 месяцев,из_источника,2026-08-11
F0270,"Валовое внутреннее потребление газа (правый берег), 2017",1035.4,млн м³ при 20 °C,2017,ENE010400_20260809-013825.xlsx,строка 'Consumul intern brut',сумма 12 месяцев,из_источника,2026-08-11
F0271,"Собственная генерация э/э Молдовы, 2018",931.4,ГВт·ч,2018,ENE010100_20260809-013935 (2).xlsx,строка 'Producerea',сумма 12 месяцев,из_источника,2026-08-11
F0272,"Импорт э/э, 2018",955.8,ГВт·ч,2018,ENE010100_20260809-013935 (2).xlsx,строка 'Import',сумма 12 месяцев,из_источника,2026-08-11
F0273,"Экспорт э/э, 2018",0.1,ГВт·ч,2018,ENE010100_20260809-013935 (2).xlsx,строка 'Export',сумма 12 месяцев,из_источника,2026-08-11
F0274,"Бытовое потребление э/э, 2018",1641.8,ГВт·ч,2018,ENE010100_20260809-013935 (2).xlsx,строка 'din care: consumat în sectorul rezidential',сумма 12 месяцев,из_источника,2026-08-11
F0275,"Импорт природного газа (правый берег), 2018",1129.7,млн м³ при 20 °C,2018,ENE010400_20260809-013825.xlsx,строка 'Import',сумма 12 месяцев,из_источника,2026-08-11
F0276,"Валовое внутреннее потребление газа (правый берег), 2018",1126.8,млн м³ при 20 °C,2018,ENE010400_20260809-013825.xlsx,строка 'Consumul intern brut',сумма 12 месяцев,из_источника,2026-08-11
F0277,"Собственная генерация э/э Молдовы, 2019",892.6,ГВт·ч,2019,ENE010100_20260809-013935 (2).xlsx,строка 'Producerea',сумма 12 месяцев,из_источника,2026-08-11
F0278,"Импорт э/э, 2019",639.1,ГВт·ч,2019,ENE010100_20260809-013935 (2).xlsx,строка 'Import',сумма 12 месяцев,из_источника,2026-08-11
F0279,"Экспорт э/э, 2019",0.1,ГВт·ч,2019,ENE010100_20260809-013935 (2).xlsx,строка 'Export',сумма 12 месяцев,из_источника,2026-08-11
F0280,"Бытовое потребление э/э, 2019",1670.8,ГВт·ч,2019,ENE010100_20260809-013935 (2).xlsx,строка 'din care: consumat în sectorul rezidential',сумма 12 месяцев,из_источника,2026-08-11
F0281,"Импорт природного газа (правый берег), 2019",1063.7,млн м³ при 20 °C,2019,ENE010400_20260809-013825.xlsx,строка 'Import',сумма 12 месяцев,из_источника,2026-08-11
F0282,"Валовое внутреннее потребление газа (правый берег), 2019",1065.2,млн м³ при 20 °C,2019,ENE010400_20260809-013825.xlsx,строка 'Consumul intern brut',сумма 12 месяцев,из_источника,2026-08-11
F0283,"Собственная генерация э/э Молдовы, 2020",1184.2,ГВт·ч,2020,ENE010100_20260809-013935 (2).xlsx,строка 'Producerea',сумма 12 месяцев,из_источника,2026-08-11
F0284,"Импорт э/э, 2020",167.1,ГВт·ч,2020,ENE010100_20260809-013935 (2).xlsx,строка 'Import',сумма 12 месяцев,из_источника,2026-08-11
F0285,"Экспорт э/э, 2020",0.1,ГВт·ч,2020,ENE010100_20260809-013935 (2).xlsx,строка 'Export',сумма 12 месяцев,из_источника,2026-08-11
F0286,"Бытовое потребление э/э, 2020",1729.5,ГВт·ч,2020,ENE010100_20260809-013935 (2).xlsx,строка 'din care: consumat în sectorul rezidential',сумма 12 месяцев,из_источника,2026-08-11
F0287,"Импорт природного газа (правый берег), 2020",1075.8,млн м³ при 20 °C,2020,ENE010400_20260809-013825.xlsx,строка 'Import',сумма 12 месяцев,из_источника,2026-08-11
F0288,"Валовое внутреннее потребление газа (правый берег), 2020",1080.7,млн м³ при 20 °C,2020,ENE010400_20260809-013825.xlsx,строка 'Consumul intern brut',сумма 12 месяцев,из_источника,2026-08-11
F0289,"Собственная генерация э/э Молдовы, 2021",1045.3,ГВт·ч,2021,ENE010100_20260809-013935 (2).xlsx,строка 'Producerea',сумма 12 месяцев,из_источника,2026-08-11
F0290,"Импорт э/э, 2021",161.5,ГВт·ч,2021,ENE010100_20260809-013935 (2).xlsx,строка 'Import',сумма 12 месяцев,из_источника,2026-08-11
F0291,"Экспорт э/э, 2021",0.1,ГВт·ч,2021,ENE010100_20260809-013935 (2).xlsx,строка 'Export',сумма 12 месяцев,из_источника,2026-08-11
F0292,"Бытовое потребление э/э, 2021",1825.2,ГВт·ч,2021,ENE010100_20260809-013935 (2).xlsx,строка 'din care: consumat în sectorul rezidential',сумма 12 месяцев,из_источника,2026-08-11
F0293,"Импорт природного газа (правый берег), 2021",1236.3,млн м³ при 20 °C,2021,ENE010400_20260809-013825.xlsx,строка 'Import',сумма 12 месяцев,из_источника,2026-08-11
F0294,"Валовое внутреннее потребление газа (правый берег), 2021",1232.2,млн м³ при 20 °C,2021,ENE010400_20260809-013825.xlsx,строка 'Consumul intern brut',сумма 12 месяцев,из_источника,2026-08-11
F0295,"Собственная генерация э/э Молдовы, 2022",793.8,ГВт·ч,2022,ENE010100_20260809-013935 (2).xlsx,строка 'Producerea',сумма 12 месяцев,из_источника,2026-08-11
F0296,"Импорт э/э, 2022",1048.4,ГВт·ч,2022,ENE010100_20260809-013935 (2).xlsx,строка 'Import',сумма 12 месяцев,из_источника,2026-08-11
F0297,"Экспорт э/э, 2022",94.2,ГВт·ч,2022,ENE010100_20260809-013935 (2).xlsx,строка 'Export',сумма 12 месяцев,из_источника,2026-08-11
F0298,"Бытовое потребление э/э, 2022",1727.6,ГВт·ч,2022,ENE010100_20260809-013935 (2).xlsx,строка 'din care: consumat în sectorul rezidential',сумма 12 месяцев,из_источника,2026-08-11
F0299,"Импорт природного газа (правый берег), 2022",958.4,млн м³ при 20 °C,2022,ENE010400_20260809-013825.xlsx,строка 'Import',сумма 12 месяцев,из_источника,2026-08-11
F0300,"Валовое внутреннее потребление газа (правый берег), 2022",873.4,млн м³ при 20 °C,2022,ENE010400_20260809-013825.xlsx,строка 'Consumul intern brut',сумма 12 месяцев,из_источника,2026-08-11
F0301,"Собственная генерация э/э Молдовы, 2023",820.4,ГВт·ч,2023,ENE010100_20260809-013935 (2).xlsx,строка 'Producerea',сумма 12 месяцев,из_источника,2026-08-11
F0302,"Импорт э/э, 2023",544.7,ГВт·ч,2023,ENE010100_20260809-013935 (2).xlsx,строка 'Import',сумма 12 месяцев,из_источника,2026-08-11
F0303,"Экспорт э/э, 2023",465.0,ГВт·ч,2023,ENE010100_20260809-013935 (2).xlsx,строка 'Export',сумма 12 месяцев,из_источника,2026-08-11
F0304,"Бытовое потребление э/э, 2023",1658.7,ГВт·ч,2023,ENE010100_20260809-013935 (2).xlsx,строка 'din care: consumat în sectorul rezidential',сумма 12 месяцев,из_источника,2026-08-11
F0305,"Импорт природного газа (правый берег), 2023",639.3,млн м³ при 20 °C,2023,ENE010400_20260809-013825.xlsx,строка 'Import',сумма 12 месяцев,из_источника,2026-08-11
F0306,"Валовое внутреннее потребление газа (правый берег), 2023",719.1,млн м³ при 20 °C,2023,ENE010400_20260809-013825.xlsx,строка 'Consumul intern brut',сумма 12 месяцев,из_источника,2026-08-11
F0307,"Собственная генерация э/э Молдовы, 2024",999.2,ГВт·ч,2024,ENE010100_20260809-013935 (2).xlsx,строка 'Producerea',сумма 12 месяцев,из_источника,2026-08-11
F0308,"Импорт э/э, 2024",770.3,ГВт·ч,2024,ENE010100_20260809-013935 (2).xlsx,строка 'Import',сумма 12 месяцев,из_источника,2026-08-11
F0309,"Экспорт э/э, 2024",465.4,ГВт·ч,2024,ENE010100_20260809-013935 (2).xlsx,строка 'Export',сумма 12 месяцев,из_источника,2026-08-11
F0310,"Бытовое потребление э/э, 2024",1803.8,ГВт·ч,2024,ENE010100_20260809-013935 (2).xlsx,строка 'din care: consumat în sectorul rezidential',сумма 12 месяцев,из_источника,2026-08-11
F0311,"Импорт природного газа (правый берег), 2024",908.2,млн м³ при 20 °C,2024,ENE010400_20260809-013825.xlsx,строка 'Import',сумма 12 месяцев,из_источника,2026-08-11
F0312,"Валовое внутреннее потребление газа (правый берег), 2024",908.7,млн м³ при 20 °C,2024,ENE010400_20260809-013825.xlsx,строка 'Consumul intern brut',сумма 12 месяцев,из_источника,2026-08-11
F0313,"Собственная генерация э/э Молдовы, 2025",1163.4,ГВт·ч,2025,ENE010100_20260809-013935 (2).xlsx,строка 'Producerea',сумма 12 месяцев,из_источника,2026-08-11
F0314,"Импорт э/э, 2025",3296.8,ГВт·ч,2025,ENE010100_20260809-013935 (2).xlsx,строка 'Import',сумма 12 месяцев,из_источника,2026-08-11
F0315,"Экспорт э/э, 2025",348.2,ГВт·ч,2025,ENE010100_20260809-013935 (2).xlsx,строка 'Export',сумма 12 месяцев,из_источника,2026-08-11
F0316,"Бытовое потребление э/э, 2025",1846.5,ГВт·ч,2025,ENE010100_20260809-013935 (2).xlsx,строка 'din care: consumat în sectorul rezidential',сумма 12 месяцев,из_источника,2026-08-11
F0317,"Импорт природного газа (правый берег), 2025",959.2,млн м³ при 20 °C,2025,ENE010400_20260809-013825.xlsx,строка 'Import',сумма 12 месяцев,из_источника,2026-08-11
F0318,"Валовое внутреннее потребление газа (правый берег), 2025",957.2,млн м³ при 20 °C,2025,ENE010400_20260809-013825.xlsx,строка 'Consumul intern brut',сумма 12 месяцев,из_источника,2026-08-11
F0319,"Договор № 010422/MGRES (D1): цена э/э, период 2022-05-01..2022-05-31",0.0595,USD/кВт·ч,2022-05-01..2022-05-31,OCR_Contracts_MGRES_FULL.txt,"п. 4.1 цена, п. 4.2 сумма, Прил. 3 объём",,из_источника,2026-08-11
F0320,"Договор № 010422/MGRES (D1): объём, период 2022-05-01..2022-05-31",221352.0,МВт·ч,2022-05-01..2022-05-31,OCR_Contracts_MGRES_FULL.txt,"п. 4.1 цена, п. 4.2 сумма, Прил. 3 объём",,из_источника,2026-08-11
F0321,"Договор № 010422/MGRES (D1): сумма договора, период 2022-05-01..2022-05-31",13170444.0,USD,2022-05-01..2022-05-31,OCR_Contracts_MGRES_FULL.txt,"п. 4.1 цена, п. 4.2 сумма, Прил. 3 объём",,из_источника,2026-08-11
F0322,Договор № 010422/MGRES (D1): расхождение цена*объём против суммы,0.0,USD,2022-05-01..2022-05-31,OCR_Contracts_MGRES_FULL.txt,"п. 4.1 цена, п. 4.2 сумма, Прил. 3 объём",221352.0 * 1000 * 0.0595 - 13170444.0,вычислено,2026-08-11
F0323,"Доп. соглашение № 1 к 010422/MGRES (D2a): цена э/э, период 2022-05-01..2022-05-31",0.0595,USD/кВт·ч,2022-05-01..2022-05-31,OCR_Contracts_MGRES_FULL.txt,"п. 1.5 цена; сумма договора после правки 26 481 327,36 за оба месяца",,из_источника,2026-08-11
F0324,"Доп. соглашение № 1 к 010422/MGRES (D2a): объём, период 2022-05-01..2022-05-31",221352.0,МВт·ч,2022-05-01..2022-05-31,OCR_Contracts_MGRES_FULL.txt,"п. 1.5 цена; сумма договора после правки 26 481 327,36 за оба месяца",,из_источника,2026-08-11
F0325,"Доп. соглашение № 1 к 010422/MGRES (D2a): сумма договора, период 2022-05-01..2022-05-31",13170444.0,USD,2022-05-01..2022-05-31,OCR_Contracts_MGRES_FULL.txt,"п. 1.5 цена; сумма договора после правки 26 481 327,36 за оба месяца",,из_источника,2026-08-11
F0326,Доп. соглашение № 1 к 010422/MGRES (D2a): расхождение цена*объём против суммы,0.0,USD,2022-05-01..2022-05-31,OCR_Contracts_MGRES_FULL.txt,"п. 1.5 цена; сумма договора после правки 26 481 327,36 за оба месяца",221352.0 * 1000 * 0.0595 - 13170444.0,вычислено,2026-08-11
F0327,"Доп. соглашение № 1 к 010422/MGRES (D2b): цена э/э, период 2022-06-01..2022-06-30",0.0599,USD/кВт·ч,2022-06-01..2022-06-30,OCR_Contracts_MGRES_FULL.txt,"п. 1.5 цена; объём Прил. 3 - 222,218420 тыс. МВт·ч",,из_источника,2026-08-11
F0328,"Доп. соглашение № 1 к 010422/MGRES (D2b): объём, период 2022-06-01..2022-06-30",222218.42,МВт·ч,2022-06-01..2022-06-30,OCR_Contracts_MGRES_FULL.txt,"п. 1.5 цена; объём Прил. 3 - 222,218420 тыс. МВт·ч",,из_источника,2026-08-11
F0329,"Доп. соглашение № 1 к 010422/MGRES (D2b): сумма договора, период 2022-06-01..2022-06-30",13310883.36,USD,2022-06-01..2022-06-30,OCR_Contracts_MGRES_FULL.txt,"п. 1.5 цена; объём Прил. 3 - 222,218420 тыс. МВт·ч",,из_источника,2026-08-11
F0330,Доп. соглашение № 1 к 010422/MGRES (D2b): расхождение цена*объём против суммы,-0.0,USD,2022-06-01..2022-06-30,OCR_Contracts_MGRES_FULL.txt,"п. 1.5 цена; объём Прил. 3 - 222,218420 тыс. МВт·ч",222218.42 * 1000 * 0.0599 - 13310883.36,вычислено,2026-08-11
F0331,"Договор № 362-22/MGRES (D4a): цена э/э, период 2022-07-01..2022-08-01",0.0599,USD/кВт·ч,2022-07-01..2022-08-01,OCR_Contracts_MGRES_FULL.txt,п. 4.1 цена; Прил. 3 п. 1.1 объём,,из_источника,2026-08-11
F0332,"Договор № 362-22/MGRES (D4a): объём, период 2022-07-01..2022-08-01",245856.0,МВт·ч,2022-07-01..2022-08-01,OCR_Contracts_MGRES_FULL.txt,п. 4.1 цена; Прил. 3 п. 1.1 объём,,из_источника,2026-08-11
F0333,"Договор № 362-22/MGRES (D4b): цена э/э, период 2022-08-01..2022-09-01",0.0599,USD/кВт·ч,2022-08-01..2022-09-01,OCR_Contracts_MGRES_FULL.txt,п. 4.1 цена; Прил. 3 п. 1.1 объём,,из_источника,2026-08-11
F0334,"Договор № 362-22/MGRES (D4b): объём, период 2022-08-01..2022-09-01",245856.0,МВт·ч,2022-08-01..2022-09-01,OCR_Contracts_MGRES_FULL.txt,п. 4.1 цена; Прил. 3 п. 1.1 объём,,из_источника,2026-08-11
F0335,"Доп. соглашение № 1 к 362-22/MGRES (D5a): цена э/э, период 2022-07-01..2022-08-01",0.0599,USD/кВт·ч,2022-07-01..2022-08-01,OCR_Contracts_MGRES_FULL.txt,"п. 1.2, Прил. 1: 245,855274 тыс. МВт·ч",,из_источника,2026-08-11
F0336,"Доп. соглашение № 1 к 362-22/MGRES (D5a): объём, период 2022-07-01..2022-08-01",245855.274,МВт·ч,2022-07-01..2022-08-01,OCR_Contracts_MGRES_FULL.txt,"п. 1.2, Прил. 1: 245,855274 тыс. МВт·ч",,из_источника,2026-08-11
F0337,"Доп. соглашение № 1 к 408-22/MGRES (D6a): цена э/э, период 2022-09-01..2022-10-01",0.0599,USD/кВт·ч,2022-09-01..2022-10-01,OCR_Contracts_MGRES_FULL.txt,п. 1.3 a) сумма; объём в документе не приведён,,из_источника,2026-08-11
F0338,"Доп. соглашение № 1 к 408-22/MGRES (D6a): сумма договора, период 2022-09-01..2022-10-01",13671653.9,USD,2022-09-01..2022-10-01,OCR_Contracts_MGRES_FULL.txt,п. 1.3 a) сумма; объём в документе не приведён,,из_источника,2026-08-11
F0339,"Доп. соглашение № 1 к 408-22/MGRES (D6a): объём, восстановленный из суммы и цены",228241.301,МВт·ч,2022-09-01..2022-10-01,OCR_Contracts_MGRES_FULL.txt,п. 1.3 a) сумма; объём в документе не приведён,13671653.9 / 0.0599 / 1000,вычислено,2026-08-11
F0340,"Доп. соглашение № 1 к 408-22/MGRES (D6b): цена э/э, период 2022-10-01..2022-11-01",0.0625,USD/кВт·ч,2022-10-01..2022-11-01,OCR_Contracts_MGRES_FULL.txt,"п. 1.2 b) цена, п. 1.3 b) сумма, Прил. 1 п. 2.1 объём",,из_источника,2026-08-11
F0341,"Доп. соглашение № 1 к 408-22/MGRES (D6b): объём, период 2022-10-01..2022-11-01",246290.0,МВт·ч,2022-10-01..2022-11-01,OCR_Contracts_MGRES_FULL.txt,"п. 1.2 b) цена, п. 1.3 b) сумма, Прил. 1 п. 2.1 объём",,из_источника,2026-08-11
F0342,"Доп. соглашение № 1 к 408-22/MGRES (D6b): сумма договора, период 2022-10-01..2022-11-01",15393125.0,USD,2022-10-01..2022-11-01,OCR_Contracts_MGRES_FULL.txt,"п. 1.2 b) цена, п. 1.3 b) сумма, Прил. 1 п. 2.1 объём",,из_источника,2026-08-11
F0343,Доп. соглашение № 1 к 408-22/MGRES (D6b): расхождение цена*объём против суммы,0.0,USD,2022-10-01..2022-11-01,OCR_Contracts_MGRES_FULL.txt,"п. 1.2 b) цена, п. 1.3 b) сумма, Прил. 1 п. 2.1 объём",246290.0 * 1000 * 0.0625 - 15393125.0,вычислено,2026-08-11
F0344,"Договор № 489-22/MGRES (D7): цена э/э, период 2022-12-04..2023-01-01",0.073,USD/кВт·ч,2022-12-04..2023-01-01,OCR_Contracts_MGRES_FULL.txt,"п. 4.2 a) цена, п. 4.3 a) сумма, Прил. 3 п. 1.1 объём",,из_источника,2026-08-11
F0345,"Договор № 489-22/MGRES (D7): объём, период 2022-12-04..2023-01-01",204763.0,МВт·ч,2022-12-04..2023-01-01,OCR_Contracts_MGRES_FULL.txt,"п. 4.2 a) цена, п. 4.3 a) сумма, Прил. 3 п. 1.1 объём",,из_источника,2026-08-11
F0346,"Договор № 489-22/MGRES (D7): сумма договора, период 2022-12-04..2023-01-01",14947691.76,USD,2022-12-04..2023-01-01,OCR_Contracts_MGRES_FULL.txt,"п. 4.2 a) цена, п. 4.3 a) сумма, Прил. 3 п. 1.1 объём",,из_источника,2026-08-11
F0347,Договор № 489-22/MGRES (D7): расхождение цена*объём против суммы,7.24,USD,2022-12-04..2023-01-01,OCR_Contracts_MGRES_FULL.txt,"п. 4.2 a) цена, п. 4.3 a) сумма, Прил. 3 п. 1.1 объём",204763.0 * 1000 * 0.073 - 14947691.76,вычислено,2026-08-11
F0348,"Доп. соглашение № 1 к 489-22/MGRES (D8): цена э/э, период 2023-01-01..2023-02-01",0.073,USD/кВт·ч,2023-01-01..2023-02-01,OCR_Contracts_MGRES_FULL.txt,"п. 1.2 b) цена, п. 1.3 b) сумма, Прил. 1 объём",,из_источника,2026-08-11
F0349,"Доп. соглашение № 1 к 489-22/MGRES (D8): объём, период 2023-01-01..2023-02-01",251691.741,МВт·ч,2023-01-01..2023-02-01,OCR_Contracts_MGRES_FULL.txt,"п. 1.2 b) цена, п. 1.3 b) сумма, Прил. 1 объём",,из_источника,2026-08-11
F0350,"Доп. соглашение № 1 к 489-22/MGRES (D8): сумма договора, период 2023-01-01..2023-02-01",18373497.09,USD,2023-01-01..2023-02-01,OCR_Contracts_MGRES_FULL.txt,"п. 1.2 b) цена, п. 1.3 b) сумма, Прил. 1 объём",,из_источника,2026-08-11
F0351,Доп. соглашение № 1 к 489-22/MGRES (D8): расхождение цена*объём против суммы,0.0,USD,2023-01-01..2023-02-01,OCR_Contracts_MGRES_FULL.txt,"п. 1.2 b) цена, п. 1.3 b) сумма, Прил. 1 объём",251691.741 * 1000 * 0.073 - 18373497.09,вычислено,2026-08-11
F0352,"Произведено электроэнергии (ПМР), 2001",3649.9,млн кВт·ч,2001,statisticheskiy_ezhegodnik_pmr_2020.pdf,"табл. 8.10, стр. PDF 105",,из_источника,2026-08-11
F0353,"Потреблено электроэнергии внутри республики (ПМР), 2001",2183.1,млн кВт·ч,2001,statisticheskiy_ezhegodnik_pmr_2020.pdf,"табл. 8.10, стр. PDF 105",,из_источника,2026-08-11
F0354,"Отпущено электроэнергии за пределы республики (ПМР), 2001",1466.8,млн кВт·ч,2001,statisticheskiy_ezhegodnik_pmr_2020.pdf,"табл. 8.10, стр. PDF 105",,из_источника,2026-08-11
F0355,"Произведено электроэнергии (ПМР), 2005",2995.9,млн кВт·ч,2005,statisticheskiy_ezhegodnik_pmr_2020.pdf,"табл. 8.10, стр. PDF 105",,из_источника,2026-08-11
F0356,"Получено электроэнергии из-за пределов республики (ПМР), 2005",659.2,млн кВт·ч,2005,statisticheskiy_ezhegodnik_pmr_2020.pdf,"табл. 8.10, стр. PDF 105",,из_источника,2026-08-11
F0357,"Потреблено электроэнергии внутри республики (ПМР), 2005",2107.9,млн кВт·ч,2005,statisticheskiy_ezhegodnik_pmr_2020.pdf,"табл. 8.10, стр. PDF 105",,из_источника,2026-08-11
F0358,"Отпущено электроэнергии за пределы республики (ПМР), 2005",1547.2,млн кВт·ч,2005,statisticheskiy_ezhegodnik_pmr_2020.pdf,"табл. 8.10, стр. PDF 105",,из_источника,2026-08-11
F0359,"Произведено электроэнергии (ПМР), 2010",5060.6,млн кВт·ч,2010,statisticheskiy_ezhegodnik_pmr_2020.pdf,"табл. 8.10, стр. PDF 105",,из_источника,2026-08-11
F0360,"Получено электроэнергии из-за пределов республики (ПМР), 2010",1.9,млн кВт·ч,2010,statisticheskiy_ezhegodnik_pmr_2020.pdf,"табл. 8.10, стр. PDF 105",,из_источника,2026-08-11
F0361,"Потреблено электроэнергии внутри республики (ПМР), 2010",1671.7,млн кВт·ч,2010,statisticheskiy_ezhegodnik_pmr_2020.pdf,"табл. 8.10, стр. PDF 105",,из_источника,2026-08-11
F0362,"Отпущено электроэнергии за пределы республики (ПМР), 2010",3390.8,млн кВт·ч,2010,statisticheskiy_ezhegodnik_pmr_2020.pdf,"табл. 8.10, стр. PDF 105",,из_источника,2026-08-11
F0363,"Произведено электроэнергии (ПМР), 2011",4786.1,млн кВт·ч,2011,statisticheskiy_ezhegodnik_pmr_2016.pdf,"табл. 8.10, стр. PDF 101",,из_источника,2026-08-11
F0364,"Получено электроэнергии из-за пределов республики (ПМР), 2011",1.6,млн кВт·ч,2011,statisticheskiy_ezhegodnik_pmr_2016.pdf,"табл. 8.10, стр. PDF 101",,из_источника,2026-08-11
F0365,"Потреблено электроэнергии внутри республики (ПМР), 2011",1763.0,млн кВт·ч,2011,statisticheskiy_ezhegodnik_pmr_2016.pdf,"табл. 8.10, стр. PDF 101",,из_источника,2026-08-11
F0366,"Отпущено электроэнергии за пределы республики (ПМР), 2011",3023.1,млн кВт·ч,2011,statisticheskiy_ezhegodnik_pmr_2016.pdf,"табл. 8.10, стр. PDF 101",,из_источника,2026-08-11
F0367,"Произведено электроэнергии (ПМР), 2012",4884.8,млн кВт·ч,2012,statisticheskiy_ezhegodnik_pmr_2016.pdf,"табл. 8.10, стр. PDF 101",,из_источника,2026-08-11
F0368,"Получено электроэнергии из-за пределов республики (ПМР), 2012",1.9,млн кВт·ч,2012,statisticheskiy_ezhegodnik_pmr_2016.pdf,"табл. 8.10, стр. PDF 101",,из_источника,2026-08-11
F0369,"Потреблено электроэнергии внутри республики (ПМР), 2012",1832.3,млн кВт·ч,2012,statisticheskiy_ezhegodnik_pmr_2016.pdf,"табл. 8.10, стр. PDF 101",,из_источника,2026-08-11
F0370,"Отпущено электроэнергии за пределы республики (ПМР), 2012",3054.4,млн кВт·ч,2012,statisticheskiy_ezhegodnik_pmr_2016.pdf,"табл. 8.10, стр. PDF 101",,из_источника,2026-08-11
F0371,"Произведено электроэнергии (ПМР), 2013",3604.2,млн кВт·ч,2013,statisticheskiy_ezhegodnik_pmr_2016.pdf,"табл. 8.10, стр. PDF 101",,из_источника,2026-08-11
F0372,"Получено электроэнергии из-за пределов республики (ПМР), 2013",1.6,млн кВт·ч,2013,statisticheskiy_ezhegodnik_pmr_2016.pdf,"табл. 8.10, стр. PDF 101",,из_источника,2026-08-11
F0373,"Потреблено электроэнергии внутри республики (ПМР), 2013",1643.8,млн кВт·ч,2013,statisticheskiy_ezhegodnik_pmr_2016.pdf,"табл. 8.10, стр. PDF 101",,из_источника,2026-08-11
F0374,"Отпущено электроэнергии за пределы республики (ПМР), 2013",1962.0,млн кВт·ч,2013,statisticheskiy_ezhegodnik_pmr_2016.pdf,"табл. 8.10, стр. PDF 101",,из_источника,2026-08-11
F0375,"Произведено электроэнергии (ПМР), 2014",4416.7,млн кВт·ч,2014,statisticheskiy_ezhegodnik_pmr_2016.pdf,"табл. 8.10, стр. PDF 101",,из_источника,2026-08-11
F0376,"Получено электроэнергии из-за пределов республики (ПМР), 2014",1.8,млн кВт·ч,2014,statisticheskiy_ezhegodnik_pmr_2016.pdf,"табл. 8.10, стр. PDF 101",,из_источника,2026-08-11
F0377,"Потреблено электроэнергии внутри республики (ПМР), 2014",1807.6,млн кВт·ч,2014,statisticheskiy_ezhegodnik_pmr_2016.pdf,"табл. 8.10, стр. PDF 101",,из_источника,2026-08-11
F0378,"Отпущено электроэнергии за пределы республики (ПМР), 2014",2610.9,млн кВт·ч,2014,statisticheskiy_ezhegodnik_pmr_2016.pdf,"табл. 8.10, стр. PDF 101",,из_источника,2026-08-11
F0379,"Произведено электроэнергии (ПМР), 2015",5111.3,млн кВт·ч,2015,statisticheskiy_ezhegodnik_pmr_2020.pdf,"табл. 8.10, стр. PDF 105",,из_источника,2026-08-11
F0380,"Получено электроэнергии из-за пределов республики (ПМР), 2015",1.6,млн кВт·ч,2015,statisticheskiy_ezhegodnik_pmr_2020.pdf,"табл. 8.10, стр. PDF 105",,из_источника,2026-08-11
F0381,"Потреблено электроэнергии внутри республики (ПМР), 2015",1770.4,млн кВт·ч,2015,statisticheskiy_ezhegodnik_pmr_2020.pdf,"табл. 8.10, стр. PDF 105",,из_источника,2026-08-11
F0382,"Отпущено электроэнергии за пределы республики (ПМР), 2015",3342.5,млн кВт·ч,2015,statisticheskiy_ezhegodnik_pmr_2020.pdf,"табл. 8.10, стр. PDF 105",,из_источника,2026-08-11
F0383,"Произведено электроэнергии (ПМР), 2016",4946.3,млн кВт·ч,2016,statisticheskiy_ezhegodnik_pmr_2021.pdf,"табл. 8.13, стр. PDF 105",,из_источника,2026-08-11
F0384,"Получено электроэнергии из-за пределов республики (ПМР), 2016",1.4,млн кВт·ч,2016,statisticheskiy_ezhegodnik_pmr_2021.pdf,"табл. 8.13, стр. PDF 105",,из_источника,2026-08-11
F0385,"Потреблено электроэнергии внутри республики (ПМР), 2016",1604.7,млн кВт·ч,2016,statisticheskiy_ezhegodnik_pmr_2021.pdf,"табл. 8.13, стр. PDF 105",,из_источника,2026-08-11
F0386,"Отпущено электроэнергии за пределы республики (ПМР), 2016",3343.0,млн кВт·ч,2016,statisticheskiy_ezhegodnik_pmr_2021.pdf,"табл. 8.13, стр. PDF 105",,из_источника,2026-08-11
F0387,"Произведено электроэнергии (ПМР), 2017",4067.2,млн кВт·ч,2017,statisticheskiy_ezhegodnik_pmr_2021.pdf,"табл. 8.13, стр. PDF 105",,из_источника,2026-08-11
F0388,"Получено электроэнергии из-за пределов республики (ПМР), 2017",1.7,млн кВт·ч,2017,statisticheskiy_ezhegodnik_pmr_2021.pdf,"табл. 8.13, стр. PDF 105",,из_источника,2026-08-11
F0389,"Потреблено электроэнергии внутри республики (ПМР), 2017",1790.4,млн кВт·ч,2017,statisticheskiy_ezhegodnik_pmr_2021.pdf,"табл. 8.13, стр. PDF 105",,из_источника,2026-08-11
F0390,"Отпущено электроэнергии за пределы республики (ПМР), 2017",2278.5,млн кВт·ч,2017,statisticheskiy_ezhegodnik_pmr_2021.pdf,"табл. 8.13, стр. PDF 105",,из_источника,2026-08-11
F0391,"Произведено электроэнергии (ПМР), 2018",4434.7,млн кВт·ч,2018,statisticheskiy_ezhegodnik_pmr_2021.pdf,"табл. 8.13, стр. PDF 105",,из_источника,2026-08-11
F0392,"Получено электроэнергии из-за пределов республики (ПМР), 2018",1.7,млн кВт·ч,2018,statisticheskiy_ezhegodnik_pmr_2021.pdf,"табл. 8.13, стр. PDF 105",,из_источника,2026-08-11
F0393,"Потреблено электроэнергии внутри республики (ПМР), 2018",1892.5,млн кВт·ч,2018,statisticheskiy_ezhegodnik_pmr_2021.pdf,"табл. 8.13, стр. PDF 105",,из_источника,2026-08-11
F0394,"Отпущено электроэнергии за пределы республики (ПМР), 2018",2543.9,млн кВт·ч,2018,statisticheskiy_ezhegodnik_pmr_2021.pdf,"табл. 8.13, стр. PDF 105",,из_источника,2026-08-11
F0395,"Произведено электроэнергии (ПМР), 2019",4756.0,млн кВт·ч,2019,statisticheskiy_ezhegodnik_pmr_2021.pdf,"табл. 8.13, стр. PDF 105",,из_источника,2026-08-11
F0396,"Получено электроэнергии из-за пределов республики (ПМР), 2019",1.7,млн кВт·ч,2019,statisticheskiy_ezhegodnik_pmr_2021.pdf,"табл. 8.13, стр. PDF 105",,из_источника,2026-08-11
F0397,"Потреблено электроэнергии внутри республики (ПМР), 2019",1901.0,млн кВт·ч,2019,statisticheskiy_ezhegodnik_pmr_2021.pdf,"табл. 8.13, стр. PDF 105",,из_источника,2026-08-11
F0398,"Отпущено электроэнергии за пределы республики (ПМР), 2019",2856.7,млн кВт·ч,2019,statisticheskiy_ezhegodnik_pmr_2021.pdf,"табл. 8.13, стр. PDF 105",,из_источника,2026-08-11
F0399,"Произведено электроэнергии (ПМР), 2020",5196.0,млн кВт·ч,2020,statisticheskiy_ezhegodnik_pmr_2021.pdf,"табл. 8.13, стр. PDF 105",,из_источника,2026-08-11
F0400,"Получено электроэнергии из-за пределов республики (ПМР), 2020",1.7,млн кВт·ч,2020,statisticheskiy_ezhegodnik_pmr_2021.pdf,"табл. 8.13, стр. PDF 105",,из_источника,2026-08-11
F0401,"Потреблено электроэнергии внутри республики (ПМР), 2020",1946.0,млн кВт·ч,2020,statisticheskiy_ezhegodnik_pmr_2021.pdf,"табл. 8.13, стр. PDF 105",,из_источника,2026-08-11
F0402,"Отпущено электроэнергии за пределы республики (ПМР), 2020",3251.7,млн кВт·ч,2020,statisticheskiy_ezhegodnik_pmr_2021.pdf,"табл. 8.13, стр. PDF 105",,из_источника,2026-08-11
F0403,"Подано сетевого газа в сеть (ПМР, коммунальная сеть), 2001",525.2,млн м³,2001,statisticheskiy_ezhegodnik_pmr_2020.pdf,"табл. 4.4.7, стр. PDF 82",,из_источника,2026-08-11
F0404,"Отпущено сетевого газа потребителям (ПМР), 2001",522.2,млн м³,2001,statisticheskiy_ezhegodnik_pmr_2020.pdf,"табл. 4.4.7, стр. PDF 82",,из_источника,2026-08-11
F0405,"Отпущено сетевого газа населению (ПМР), 2001",196.4,млн м³,2001,statisticheskiy_ezhegodnik_pmr_2020.pdf,"табл. 4.4.7, стр. PDF 82",,из_источника,2026-08-11
F0406,"Подано сетевого газа в сеть (ПМР, коммунальная сеть), 2005",464.1,млн м³,2005,statisticheskiy_ezhegodnik_pmr_2020.pdf,"табл. 4.4.7, стр. PDF 82",,из_источника,2026-08-11
F0407,"Отпущено сетевого газа потребителям (ПМР), 2005",456.1,млн м³,2005,statisticheskiy_ezhegodnik_pmr_2020.pdf,"табл. 4.4.7, стр. PDF 82",,из_источника,2026-08-11
F0408,"Отпущено сетевого газа населению (ПМР), 2005",164.8,млн м³,2005,statisticheskiy_ezhegodnik_pmr_2020.pdf,"табл. 4.4.7, стр. PDF 82",,из_источника,2026-08-11
F0409,"Подано сетевого газа в сеть (ПМР, коммунальная сеть), 2010",550.3,млн м³,2010,statisticheskiy_ezhegodnik_pmr_2020.pdf,"табл. 4.4.7, стр. PDF 82",,из_источника,2026-08-11
F0410,"Отпущено сетевого газа потребителям (ПМР), 2010",538.7,млн м³,2010,statisticheskiy_ezhegodnik_pmr_2020.pdf,"табл. 4.4.7, стр. PDF 82",,из_источника,2026-08-11
F0411,"Отпущено сетевого газа населению (ПМР), 2010",174.3,млн м³,2010,statisticheskiy_ezhegodnik_pmr_2020.pdf,"табл. 4.4.7, стр. PDF 82",,из_источника,2026-08-11
F0412,"Подано сетевого газа в сеть (ПМР, коммунальная сеть), 2011",615.4,млн м³,2011,statisticheskiy_ezhegodnik_pmr_2016.pdf,"табл. 4.4.7, стр. PDF 78",,из_источника,2026-08-11
F0413,"Отпущено сетевого газа потребителям (ПМР), 2011",601.7,млн м³,2011,statisticheskiy_ezhegodnik_pmr_2016.pdf,"табл. 4.4.7, стр. PDF 78",,из_источника,2026-08-11
F0414,"Отпущено сетевого газа населению (ПМР), 2011",184.5,млн м³,2011,statisticheskiy_ezhegodnik_pmr_2016.pdf,"табл. 4.4.7, стр. PDF 78",,из_источника,2026-08-11
F0415,"Подано сетевого газа в сеть (ПМР, коммунальная сеть), 2012",625.1,млн м³,2012,statisticheskiy_ezhegodnik_pmr_2016.pdf,"табл. 4.4.7, стр. PDF 78",,из_источника,2026-08-11
F0416,"Отпущено сетевого газа потребителям (ПМР), 2012",611.1,млн м³,2012,statisticheskiy_ezhegodnik_pmr_2016.pdf,"табл. 4.4.7, стр. PDF 78",,из_источника,2026-08-11
F0417,"Отпущено сетевого газа населению (ПМР), 2012",184.1,млн м³,2012,statisticheskiy_ezhegodnik_pmr_2016.pdf,"табл. 4.4.7, стр. PDF 78",,из_источника,2026-08-11
F0418,"Подано сетевого газа в сеть (ПМР, коммунальная сеть), 2013",603.3,млн м³,2013,statisticheskiy_ezhegodnik_pmr_2016.pdf,"табл. 4.4.7, стр. PDF 78",,из_источника,2026-08-11
F0419,"Отпущено сетевого газа потребителям (ПМР), 2013",590.3,млн м³,2013,statisticheskiy_ezhegodnik_pmr_2016.pdf,"табл. 4.4.7, стр. PDF 78",,из_источника,2026-08-11
F0420,"Отпущено сетевого газа населению (ПМР), 2013",180.6,млн м³,2013,statisticheskiy_ezhegodnik_pmr_2016.pdf,"табл. 4.4.7, стр. PDF 78",,из_источника,2026-08-11
F0421,"Подано сетевого газа в сеть (ПМР, коммунальная сеть), 2014",593.6,млн м³,2014,statisticheskiy_ezhegodnik_pmr_2016.pdf,"табл. 4.4.7, стр. PDF 78",,из_источника,2026-08-11
F0422,"Отпущено сетевого газа потребителям (ПМР), 2014",582.6,млн м³,2014,statisticheskiy_ezhegodnik_pmr_2016.pdf,"табл. 4.4.7, стр. PDF 78",,из_источника,2026-08-11
F0423,"Отпущено сетевого газа населению (ПМР), 2014",180.1,млн м³,2014,statisticheskiy_ezhegodnik_pmr_2016.pdf,"табл. 4.4.7, стр. PDF 78",,из_источника,2026-08-11
F0424,"Подано сетевого газа в сеть (ПМР, коммунальная сеть), 2015",569.7,млн м³,2015,statisticheskiy_ezhegodnik_pmr_2020.pdf,"табл. 4.4.7, стр. PDF 82",,из_источника,2026-08-11
F0425,"Отпущено сетевого газа потребителям (ПМР), 2015",561.5,млн м³,2015,statisticheskiy_ezhegodnik_pmr_2020.pdf,"табл. 4.4.7, стр. PDF 82",,из_источника,2026-08-11
F0426,"Отпущено сетевого газа населению (ПМР), 2015",175.4,млн м³,2015,statisticheskiy_ezhegodnik_pmr_2020.pdf,"табл. 4.4.7, стр. PDF 82",,из_источника,2026-08-11
F0427,"Подано сетевого газа в сеть (ПМР, коммунальная сеть), 2016",595.0,млн м³,2016,statisticheskiy_ezhegodnik_pmr_2021.pdf,"табл. 4.4.7, стр. PDF 80",,из_источника,2026-08-11
F0428,"Отпущено сетевого газа потребителям (ПМР), 2016",586.4,млн м³,2016,statisticheskiy_ezhegodnik_pmr_2021.pdf,"табл. 4.4.7, стр. PDF 80",,из_источника,2026-08-11
F0429,"Отпущено сетевого газа населению (ПМР), 2016",185.7,млн м³,2016,statisticheskiy_ezhegodnik_pmr_2021.pdf,"табл. 4.4.7, стр. PDF 80",,из_источника,2026-08-11
F0430,"Подано сетевого газа в сеть (ПМР, коммунальная сеть), 2017",605.8,млн м³,2017,statisticheskiy_ezhegodnik_pmr_2021.pdf,"табл. 4.4.7, стр. PDF 80",,из_источника,2026-08-11
F0431,"Отпущено сетевого газа потребителям (ПМР), 2017",597.5,млн м³,2017,statisticheskiy_ezhegodnik_pmr_2021.pdf,"табл. 4.4.7, стр. PDF 80",,из_источника,2026-08-11
F0432,"Отпущено сетевого газа населению (ПМР), 2017",190.7,млн м³,2017,statisticheskiy_ezhegodnik_pmr_2021.pdf,"табл. 4.4.7, стр. PDF 80",,из_источника,2026-08-11
F0433,"Подано сетевого газа в сеть (ПМР, коммунальная сеть), 2018",635.4,млн м³,2018,statisticheskiy_ezhegodnik_pmr_2021.pdf,"табл. 4.4.7, стр. PDF 80",,из_источника,2026-08-11
F0434,"Отпущено сетевого газа потребителям (ПМР), 2018",627.3,млн м³,2018,statisticheskiy_ezhegodnik_pmr_2021.pdf,"табл. 4.4.7, стр. PDF 80",,из_источника,2026-08-11
F0435,"Отпущено сетевого газа населению (ПМР), 2018",199.1,млн м³,2018,statisticheskiy_ezhegodnik_pmr_2021.pdf,"табл. 4.4.7, стр. PDF 80",,из_источника,2026-08-11
F0436,"Подано сетевого газа в сеть (ПМР, коммунальная сеть), 2019",616.4,млн м³,2019,statisticheskiy_ezhegodnik_pmr_2021.pdf,"табл. 4.4.7, стр. PDF 80",,из_источника,2026-08-11
F0437,"Отпущено сетевого газа потребителям (ПМР), 2019",608.6,млн м³,2019,statisticheskiy_ezhegodnik_pmr_2021.pdf,"табл. 4.4.7, стр. PDF 80",,из_источника,2026-08-11
F0438,"Отпущено сетевого газа населению (ПМР), 2019",183.6,млн м³,2019,statisticheskiy_ezhegodnik_pmr_2021.pdf,"табл. 4.4.7, стр. PDF 80",,из_источника,2026-08-11
F0439,"Подано сетевого газа в сеть (ПМР, коммунальная сеть), 2020",590.8,млн м³,2020,statisticheskiy_ezhegodnik_pmr_2021.pdf,"табл. 4.4.7, стр. PDF 80",,из_источника,2026-08-11
F0440,"Отпущено сетевого газа потребителям (ПМР), 2020",582.9,млн м³,2020,statisticheskiy_ezhegodnik_pmr_2021.pdf,"табл. 4.4.7, стр. PDF 80",,из_источника,2026-08-11
F0441,"Отпущено сетевого газа населению (ПМР), 2020",180.8,млн м³,2020,statisticheskiy_ezhegodnik_pmr_2021.pdf,"табл. 4.4.7, стр. PDF 80",,из_источника,2026-08-11
F0442,"Экспорт топливно-энергетических товаров (ПМР), 2001",44.7,млн $,2001,statisticheskiy_ezhegodnik_pmr_2020.pdf,"табл. 15.2 и 15.3, стр. PDF 177",,из_источника,2026-08-11
F0443,"Импорт топливно-энергетических товаров (ПМР), 2001",149.7,млн $,2001,statisticheskiy_ezhegodnik_pmr_2020.pdf,"табл. 15.2 и 15.3, стр. PDF 177",,из_источника,2026-08-11
F0444,"Экспорт товаров всего (ПМР), 2001",390.2,млн $,2001,statisticheskiy_ezhegodnik_pmr_2020.pdf,"табл. 15.2 и 15.3, стр. PDF 177",,из_источника,2026-08-11
F0445,"Импорт товаров всего (ПМР), 2001",529.2,млн $,2001,statisticheskiy_ezhegodnik_pmr_2020.pdf,"табл. 15.2 и 15.3, стр. PDF 177",,из_источника,2026-08-11
F0446,"Экспорт топливно-энергетических товаров (ПМР), 2005",47.2,млн $,2005,statisticheskiy_ezhegodnik_pmr_2020.pdf,"табл. 15.2 и 15.3, стр. PDF 177",,из_источника,2026-08-11
F0447,"Импорт топливно-энергетических товаров (ПМР), 2005",173.2,млн $,2005,statisticheskiy_ezhegodnik_pmr_2020.pdf,"табл. 15.2 и 15.3, стр. PDF 177",,из_источника,2026-08-11
F0448,"Экспорт товаров всего (ПМР), 2005",579.7,млн $,2005,statisticheskiy_ezhegodnik_pmr_2020.pdf,"табл. 15.2 и 15.3, стр. PDF 177",,из_источника,2026-08-11
F0449,"Импорт товаров всего (ПМР), 2005",855.6,млн $,2005,statisticheskiy_ezhegodnik_pmr_2020.pdf,"табл. 15.2 и 15.3, стр. PDF 177",,из_источника,2026-08-11
F0450,"Экспорт топливно-энергетических товаров (ПМР), 2010",183.7,млн $,2010,statisticheskiy_ezhegodnik_pmr_2020.pdf,"табл. 15.2 и 15.3, стр. PDF 177",,из_источника,2026-08-11
F0451,"Импорт топливно-энергетических товаров (ПМР), 2010",567.3,млн $,2010,statisticheskiy_ezhegodnik_pmr_2020.pdf,"табл. 15.2 и 15.3, стр. PDF 177",,из_источника,2026-08-11
F0452,"Экспорт товаров всего (ПМР), 2010",584.9,млн $,2010,statisticheskiy_ezhegodnik_pmr_2020.pdf,"табл. 15.2 и 15.3, стр. PDF 177",,из_источника,2026-08-11
F0453,"Импорт товаров всего (ПМР), 2010",1294.6,млн $,2010,statisticheskiy_ezhegodnik_pmr_2020.pdf,"табл. 15.2 и 15.3, стр. PDF 177",,из_источника,2026-08-11
F0454,"Экспорт топливно-энергетических товаров (ПМР), 2011",173.8,млн $,2011,statisticheskiy_ezhegodnik_pmr_2016.pdf,"табл. 15.2 и 15.3, стр. PDF 168",,из_источника,2026-08-11
F0455,"Импорт топливно-энергетических товаров (ПМР), 2011",775.1,млн $,2011,statisticheskiy_ezhegodnik_pmr_2016.pdf,"табл. 15.2 и 15.3, стр. PDF 168",,из_источника,2026-08-11
F0456,"Экспорт товаров всего (ПМР), 2011",691.8,млн $,2011,statisticheskiy_ezhegodnik_pmr_2016.pdf,"табл. 15.2 и 15.3, стр. PDF 168",,из_источника,2026-08-11
F0457,"Импорт товаров всего (ПМР), 2011",1736.1,млн $,2011,statisticheskiy_ezhegodnik_pmr_2016.pdf,"табл. 15.2 и 15.3, стр. PDF 168",,из_источника,2026-08-11
F0458,"Экспорт топливно-энергетических товаров (ПМР), 2012",193.8,млн $,2012,statisticheskiy_ezhegodnik_pmr_2016.pdf,"табл. 15.2 и 15.3, стр. PDF 168",,из_источника,2026-08-11
F0459,"Импорт топливно-энергетических товаров (ПМР), 2012",905.8,млн $,2012,statisticheskiy_ezhegodnik_pmr_2016.pdf,"табл. 15.2 и 15.3, стр. PDF 168",,из_источника,2026-08-11
F0460,"Экспорт товаров всего (ПМР), 2012",696.6,млн $,2012,statisticheskiy_ezhegodnik_pmr_2016.pdf,"табл. 15.2 и 15.3, стр. PDF 168",,из_источника,2026-08-11
F0461,"Импорт товаров всего (ПМР), 2012",1800.2,млн $,2012,statisticheskiy_ezhegodnik_pmr_2016.pdf,"табл. 15.2 и 15.3, стр. PDF 168",,из_источника,2026-08-11
F0462,"Экспорт топливно-энергетических товаров (ПМР), 2013",143.6,млн $,2013,statisticheskiy_ezhegodnik_pmr_2016.pdf,"табл. 15.2 и 15.3, стр. PDF 168",,из_источника,2026-08-11
F0463,"Импорт топливно-энергетических товаров (ПМР), 2013",755.0,млн $,2013,statisticheskiy_ezhegodnik_pmr_2016.pdf,"табл. 15.2 и 15.3, стр. PDF 168",,из_источника,2026-08-11
F0464,"Экспорт товаров всего (ПМР), 2013",586.9,млн $,2013,statisticheskiy_ezhegodnik_pmr_2016.pdf,"табл. 15.2 и 15.3, стр. PDF 168",,из_источника,2026-08-11
F0465,"Импорт товаров всего (ПМР), 2013",1661.2,млн $,2013,statisticheskiy_ezhegodnik_pmr_2016.pdf,"табл. 15.2 и 15.3, стр. PDF 168",,из_источника,2026-08-11
F0466,"Экспорт топливно-энергетических товаров (ПМР), 2014",167.0,млн $,2014,statisticheskiy_ezhegodnik_pmr_2016.pdf,"табл. 15.2 и 15.3, стр. PDF 168",,из_источника,2026-08-11
F0467,"Импорт топливно-энергетических товаров (ПМР), 2014",757.1,млн $,2014,statisticheskiy_ezhegodnik_pmr_2016.pdf,"табл. 15.2 и 15.3, стр. PDF 168",,из_источника,2026-08-11
F0468,"Экспорт товаров всего (ПМР), 2014",715.9,млн $,2014,statisticheskiy_ezhegodnik_pmr_2016.pdf,"табл. 15.2 и 15.3, стр. PDF 168",,из_источника,2026-08-11
F0469,"Импорт товаров всего (ПМР), 2014",1634.7,млн $,2014,statisticheskiy_ezhegodnik_pmr_2016.pdf,"табл. 15.2 и 15.3, стр. PDF 168",,из_источника,2026-08-11
F0470,"Экспорт топливно-энергетических товаров (ПМР), 2015",227.1,млн $,2015,statisticheskiy_ezhegodnik_pmr_2020.pdf,"табл. 15.2 и 15.3, стр. PDF 177",,из_источника,2026-08-11
F0471,"Импорт топливно-энергетических товаров (ПМР), 2015",575.0,млн $,2015,statisticheskiy_ezhegodnik_pmr_2020.pdf,"табл. 15.2 и 15.3, стр. PDF 177",,из_источника,2026-08-11
F0472,"Экспорт товаров всего (ПМР), 2015",611.1,млн $,2015,statisticheskiy_ezhegodnik_pmr_2020.pdf,"табл. 15.2 и 15.3, стр. PDF 177",,из_источника,2026-08-11
F0473,"Импорт товаров всего (ПМР), 2015",1138.3,млн $,2015,statisticheskiy_ezhegodnik_pmr_2020.pdf,"табл. 15.2 и 15.3, стр. PDF 177",,из_источника,2026-08-11
F0474,"Экспорт топливно-энергетических товаров (ПМР), 2016",187.1,млн $,2016,statisticheskiy_ezhegodnik_pmr_2021.pdf,"табл. 15.2 и 15.3, стр. PDF 175",,из_источника,2026-08-11
F0475,"Импорт топливно-энергетических товаров (ПМР), 2016",408.8,млн $,2016,statisticheskiy_ezhegodnik_pmr_2021.pdf,"табл. 15.2 и 15.3, стр. PDF 175",,из_источника,2026-08-11
F0476,"Экспорт товаров всего (ПМР), 2016",530.4,млн $,2016,statisticheskiy_ezhegodnik_pmr_2021.pdf,"табл. 15.2 и 15.3, стр. PDF 175",,из_источника,2026-08-11
F0477,"Импорт товаров всего (ПМР), 2016",857.8,млн $,2016,statisticheskiy_ezhegodnik_pmr_2021.pdf,"табл. 15.2 и 15.3, стр. PDF 175",,из_источника,2026-08-11
F0478,"Экспорт топливно-энергетических товаров (ПМР), 2017",106.9,млн $,2017,statisticheskiy_ezhegodnik_pmr_2021.pdf,"табл. 15.2 и 15.3, стр. PDF 175",,из_источника,2026-08-11
F0479,"Импорт топливно-энергетических товаров (ПМР), 2017",333.6,млн $,2017,statisticheskiy_ezhegodnik_pmr_2021.pdf,"табл. 15.2 и 15.3, стр. PDF 175",,из_источника,2026-08-11
F0480,"Экспорт товаров всего (ПМР), 2017",521.6,млн $,2017,statisticheskiy_ezhegodnik_pmr_2021.pdf,"табл. 15.2 и 15.3, стр. PDF 175",,из_источника,2026-08-11
F0481,"Импорт товаров всего (ПМР), 2017",927.8,млн $,2017,statisticheskiy_ezhegodnik_pmr_2021.pdf,"табл. 15.2 и 15.3, стр. PDF 175",,из_источника,2026-08-11
F0482,"Экспорт топливно-энергетических товаров (ПМР), 2018",119.5,млн $,2018,statisticheskiy_ezhegodnik_pmr_2021.pdf,"табл. 15.2 и 15.3, стр. PDF 175",,из_источника,2026-08-11
F0483,"Импорт топливно-энергетических товаров (ПМР), 2018",447.8,млн $,2018,statisticheskiy_ezhegodnik_pmr_2021.pdf,"табл. 15.2 и 15.3, стр. PDF 175",,из_источника,2026-08-11
F0484,"Экспорт товаров всего (ПМР), 2018",685.7,млн $,2018,statisticheskiy_ezhegodnik_pmr_2021.pdf,"табл. 15.2 и 15.3, стр. PDF 175",,из_источника,2026-08-11
F0485,"Импорт товаров всего (ПМР), 2018",1154.5,млн $,2018,statisticheskiy_ezhegodnik_pmr_2021.pdf,"табл. 15.2 и 15.3, стр. PDF 175",,из_источника,2026-08-11
F0486,"Экспорт топливно-энергетических товаров (ПМР), 2019",144.9,млн $,2019,statisticheskiy_ezhegodnik_pmr_2021.pdf,"табл. 15.2 и 15.3, стр. PDF 175",,из_источника,2026-08-11
F0487,"Импорт топливно-энергетических товаров (ПМР), 2019",489.5,млн $,2019,statisticheskiy_ezhegodnik_pmr_2021.pdf,"табл. 15.2 и 15.3, стр. PDF 175",,из_источника,2026-08-11
F0488,"Экспорт товаров всего (ПМР), 2019",655.9,млн $,2019,statisticheskiy_ezhegodnik_pmr_2021.pdf,"табл. 15.2 и 15.3, стр. PDF 175",,из_источника,2026-08-11
F0489,"Импорт товаров всего (ПМР), 2019",1150.8,млн $,2019,statisticheskiy_ezhegodnik_pmr_2021.pdf,"табл. 15.2 и 15.3, стр. PDF 175",,из_источника,2026-08-11
F0490,"Экспорт топливно-энергетических товаров (ПМР), 2020",159.9,млн $,2020,statisticheskiy_ezhegodnik_pmr_2021.pdf,"табл. 15.2 и 15.3, стр. PDF 175",,из_источника,2026-08-11
F0491,"Импорт топливно-энергетических товаров (ПМР), 2020",340.7,млн $,2020,statisticheskiy_ezhegodnik_pmr_2021.pdf,"табл. 15.2 и 15.3, стр. PDF 175",,из_источника,2026-08-11
F0492,"Экспорт товаров всего (ПМР), 2020",632.5,млн $,2020,statisticheskiy_ezhegodnik_pmr_2021.pdf,"табл. 15.2 и 15.3, стр. PDF 175",,из_источника,2026-08-11
F0493,"Импорт товаров всего (ПМР), 2020",1009.7,млн $,2020,statisticheskiy_ezhegodnik_pmr_2021.pdf,"табл. 15.2 и 15.3, стр. PDF 175",,из_источника,2026-08-11
F0494,"Сверка двух статслужб: расхождение НБС против Госстата ПМР, 2015",-1.15,%,2015,pmr_ezhegodnik.csv + ENE010100_20260809-013935 (2).xlsx,«Отпущено за пределы республики» против «Procurat din alte surse»,(3304.1 - 3342.5) / 3342.5 * 100,вычислено,2026-08-11
F0495,"Сверка двух статслужб: расхождение НБС против Госстата ПМР, 2016",-0.74,%,2016,pmr_ezhegodnik.csv + ENE010100_20260809-013935 (2).xlsx,«Отпущено за пределы республики» против «Procurat din alte surse»,(3318.1 - 3343.0) / 3343.0 * 100,вычислено,2026-08-11
F0496,"Сверка двух статслужб: расхождение НБС против Госстата ПМР, 2017",1.99,%,2017,pmr_ezhegodnik.csv + ENE010100_20260809-013935 (2).xlsx,«Отпущено за пределы республики» против «Procurat din alte surse»,(2323.7 - 2278.5) / 2278.5 * 100,вычислено,2026-08-11
F0497,"Сверка двух статслужб: расхождение НБС против Госстата ПМР, 2018",16.53,%,2018,pmr_ezhegodnik.csv + ENE010100_20260809-013935 (2).xlsx,«Отпущено за пределы республики» против «Procurat din alte surse»,(2964.5 - 2543.9) / 2543.9 * 100,вычислено,2026-08-11
F0498,"Сверка двух статслужб: расхождение НБС против Госстата ПМР, 2019",-1.12,%,2019,pmr_ezhegodnik.csv + ENE010100_20260809-013935 (2).xlsx,«Отпущено за пределы республики» против «Procurat din alte surse»,(2824.8 - 2856.7) / 2856.7 * 100,вычислено,2026-08-11
F0499,"Сверка двух статслужб: расхождение НБС против Госстата ПМР, 2020",-0.01,%,2020,pmr_ezhegodnik.csv + ENE010100_20260809-013935 (2).xlsx,«Отпущено за пределы республики» против «Procurat din alte surse»,(3251.3 - 3251.7) / 3251.7 * 100,вычислено,2026-08-11
F0500,"Оценка цены экспорта э/э ПМР по таможенной категории, 2001",3.05,цент/кВт·ч,2001,statisticheskiy_ezhegodnik_pmr_*.pdf,табл. 15.2 строка «топливно-энергетические товары» / табл. 8.13 строка «Отпущено за пределы республики»,44.7 млн $ / 1466.8 млн кВт·ч * 100,оценка,2026-08-11
F0501,"Оценка цены экспорта э/э ПМР по таможенной категории, 2005",3.05,цент/кВт·ч,2005,statisticheskiy_ezhegodnik_pmr_*.pdf,табл. 15.2 строка «топливно-энергетические товары» / табл. 8.13 строка «Отпущено за пределы республики»,47.2 млн $ / 1547.2 млн кВт·ч * 100,оценка,2026-08-11
F0502,"Оценка цены экспорта э/э ПМР по таможенной категории, 2010",5.42,цент/кВт·ч,2010,statisticheskiy_ezhegodnik_pmr_*.pdf,табл. 15.2 строка «топливно-энергетические товары» / табл. 8.13 строка «Отпущено за пределы республики»,183.7 млн $ / 3390.8 млн кВт·ч * 100,оценка,2026-08-11
F0503,"Оценка цены экспорта э/э ПМР по таможенной категории, 2011",5.75,цент/кВт·ч,2011,statisticheskiy_ezhegodnik_pmr_*.pdf,табл. 15.2 строка «топливно-энергетические товары» / табл. 8.13 строка «Отпущено за пределы республики»,173.8 млн $ / 3023.1 млн кВт·ч * 100,оценка,2026-08-11
F0504,"Оценка цены экспорта э/э ПМР по таможенной категории, 2012",6.34,цент/кВт·ч,2012,statisticheskiy_ezhegodnik_pmr_*.pdf,табл. 15.2 строка «топливно-энергетические товары» / табл. 8.13 строка «Отпущено за пределы республики»,193.8 млн $ / 3054.4 млн кВт·ч * 100,оценка,2026-08-11
F0505,"Оценка цены экспорта э/э ПМР по таможенной категории, 2013",7.32,цент/кВт·ч,2013,statisticheskiy_ezhegodnik_pmr_*.pdf,табл. 15.2 строка «топливно-энергетические товары» / табл. 8.13 строка «Отпущено за пределы республики»,143.6 млн $ / 1962.0 млн кВт·ч * 100,оценка,2026-08-11
F0506,"Оценка цены экспорта э/э ПМР по таможенной категории, 2014",6.4,цент/кВт·ч,2014,statisticheskiy_ezhegodnik_pmr_*.pdf,табл. 15.2 строка «топливно-энергетические товары» / табл. 8.13 строка «Отпущено за пределы республики»,167.0 млн $ / 2610.9 млн кВт·ч * 100,оценка,2026-08-11
F0507,"Оценка цены экспорта э/э ПМР по таможенной категории, 2015",6.79,цент/кВт·ч,2015,statisticheskiy_ezhegodnik_pmr_*.pdf,табл. 15.2 строка «топливно-энергетические товары» / табл. 8.13 строка «Отпущено за пределы республики»,227.1 млн $ / 3342.5 млн кВт·ч * 100,оценка,2026-08-11
F0508,"Оценка цены экспорта э/э ПМР по таможенной категории, 2016",5.6,цент/кВт·ч,2016,statisticheskiy_ezhegodnik_pmr_*.pdf,табл. 15.2 строка «топливно-энергетические товары» / табл. 8.13 строка «Отпущено за пределы республики»,187.1 млн $ / 3343.0 млн кВт·ч * 100,оценка,2026-08-11
F0509,"Оценка цены экспорта э/э ПМР по таможенной категории, 2017",4.69,цент/кВт·ч,2017,statisticheskiy_ezhegodnik_pmr_*.pdf,табл. 15.2 строка «топливно-энергетические товары» / табл. 8.13 строка «Отпущено за пределы республики»,106.9 млн $ / 2278.5 млн кВт·ч * 100,оценка,2026-08-11
F0510,"Оценка цены экспорта э/э ПМР по таможенной категории, 2018",4.7,цент/кВт·ч,2018,statisticheskiy_ezhegodnik_pmr_*.pdf,табл. 15.2 строка «топливно-энергетические товары» / табл. 8.13 строка «Отпущено за пределы республики»,119.5 млн $ / 2543.9 млн кВт·ч * 100,оценка,2026-08-11
F0511,"Оценка цены экспорта э/э ПМР по таможенной категории, 2019",5.07,цент/кВт·ч,2019,statisticheskiy_ezhegodnik_pmr_*.pdf,табл. 15.2 строка «топливно-энергетические товары» / табл. 8.13 строка «Отпущено за пределы республики»,144.9 млн $ / 2856.7 млн кВт·ч * 100,оценка,2026-08-11
F0512,"Оценка цены экспорта э/э ПМР по таможенной категории, 2020",4.92,цент/кВт·ч,2020,statisticheskiy_ezhegodnik_pmr_*.pdf,табл. 15.2 строка «топливно-энергетические товары» / табл. 8.13 строка «Отпущено за пределы республики»,159.9 млн $ / 3251.7 млн кВт·ч * 100,оценка,2026-08-11
F0513,"Газ левого берега на электроэнергию, 2001",1112,млн м³,2001,statisticheskiy_ezhegodnik_pmr_*.pdf + приказ ПМР 2015,"табл. 8.13 «Произведено электроэнергии» x норматив 356,1 г у.т./кВт·ч",3649.9 млн кВт·ч * 0.3047 м³/кВт·ч,вычислено,2026-08-11
F0514,"Газ левого берега всего, 2001",1637,млн м³,2001,statisticheskiy_ezhegodnik_pmr_*.pdf,электроэнергия по нормативу + табл. 4.4.7 «Подано в сеть»,1112 + 525.2 ,вычислено,2026-08-11
F0515,"Доля газа левого берега, идущая на электроэнергию, 2001",67.9,%,2001,statisticheskiy_ezhegodnik_pmr_*.pdf,-,1112 / 1637 * 100,вычислено,2026-08-11
F0516,"Газ левого берега на электроэнергию, 2005",913,млн м³,2005,statisticheskiy_ezhegodnik_pmr_*.pdf + приказ ПМР 2015,"табл. 8.13 «Произведено электроэнергии» x норматив 356,1 г у.т./кВт·ч",2995.9 млн кВт·ч * 0.3047 м³/кВт·ч,вычислено,2026-08-11
F0517,"Газ левого берега всего, 2005",1377,млн м³,2005,statisticheskiy_ezhegodnik_pmr_*.pdf,электроэнергия по нормативу + табл. 4.4.7 «Подано в сеть»,913 + 464.1 ,вычислено,2026-08-11
F0518,"Доля газа левого берега, идущая на электроэнергию, 2005",66.3,%,2005,statisticheskiy_ezhegodnik_pmr_*.pdf,-,913 / 1377 * 100,вычислено,2026-08-11
F0519,"Газ левого берега на электроэнергию, 2010",1542,млн м³,2010,statisticheskiy_ezhegodnik_pmr_*.pdf + приказ ПМР 2015,"табл. 8.13 «Произведено электроэнергии» x норматив 356,1 г у.т./кВт·ч",5060.6 млн кВт·ч * 0.3047 м³/кВт·ч,вычислено,2026-08-11
F0520,"Газ левого берега всего, 2010",2092,млн м³,2010,statisticheskiy_ezhegodnik_pmr_*.pdf,электроэнергия по нормативу + табл. 4.4.7 «Подано в сеть»,1542 + 550.3 ,вычислено,2026-08-11
F0521,"Доля газа левого берега, идущая на электроэнергию, 2010",73.7,%,2010,statisticheskiy_ezhegodnik_pmr_*.pdf,-,1542 / 2092 * 100,вычислено,2026-08-11
F0522,"Газ левого берега на электроэнергию, 2011",1458,млн м³,2011,statisticheskiy_ezhegodnik_pmr_*.pdf + приказ ПМР 2015,"табл. 8.13 «Произведено электроэнергии» x норматив 356,1 г у.т./кВт·ч",4786.1 млн кВт·ч * 0.3047 м³/кВт·ч,вычислено,2026-08-11
F0523,"Газ левого берега всего, 2011",2074,млн м³,2011,statisticheskiy_ezhegodnik_pmr_*.pdf,электроэнергия по нормативу + табл. 4.4.7 «Подано в сеть»,1458 + 615.4 ,вычислено,2026-08-11
F0524,"Доля газа левого берега, идущая на электроэнергию, 2011",70.3,%,2011,statisticheskiy_ezhegodnik_pmr_*.pdf,-,1458 / 2074 * 100,вычислено,2026-08-11
F0525,"Газ левого берега на электроэнергию, 2012",1488,млн м³,2012,statisticheskiy_ezhegodnik_pmr_*.pdf + приказ ПМР 2015,"табл. 8.13 «Произведено электроэнергии» x норматив 356,1 г у.т./кВт·ч",4884.8 млн кВт·ч * 0.3047 м³/кВт·ч,вычислено,2026-08-11
F0526,"Газ левого берега всего, 2012",2113,млн м³,2012,statisticheskiy_ezhegodnik_pmr_*.pdf,электроэнергия по нормативу + табл. 4.4.7 «Подано в сеть»,1488 + 625.1 ,вычислено,2026-08-11
F0527,"Доля газа левого берега, идущая на электроэнергию, 2012",70.4,%,2012,statisticheskiy_ezhegodnik_pmr_*.pdf,-,1488 / 2113 * 100,вычислено,2026-08-11
F0528,"Газ левого берега на электроэнергию, 2013",1098,млн м³,2013,statisticheskiy_ezhegodnik_pmr_*.pdf + приказ ПМР 2015,"табл. 8.13 «Произведено электроэнергии» x норматив 356,1 г у.т./кВт·ч",3604.2 млн кВт·ч * 0.3047 м³/кВт·ч,вычислено,2026-08-11
F0529,"Газ левого берега всего, 2013",1701,млн м³,2013,statisticheskiy_ezhegodnik_pmr_*.pdf,электроэнергия по нормативу + табл. 4.4.7 «Подано в сеть»,1098 + 603.3 ,вычислено,2026-08-11
F0530,"Доля газа левого берега, идущая на электроэнергию, 2013",64.5,%,2013,statisticheskiy_ezhegodnik_pmr_*.pdf,-,1098 / 1701 * 100,вычислено,2026-08-11
F0531,"Газ левого берега на электроэнергию, 2014",1346,млн м³,2014,statisticheskiy_ezhegodnik_pmr_*.pdf + приказ ПМР 2015,"табл. 8.13 «Произведено электроэнергии» x норматив 356,1 г у.т./кВт·ч",4416.7 млн кВт·ч * 0.3047 м³/кВт·ч,вычислено,2026-08-11
F0532,"Газ левого берега всего, 2014",1939,млн м³,2014,statisticheskiy_ezhegodnik_pmr_*.pdf,электроэнергия по нормативу + табл. 4.4.7 «Подано в сеть»,1346 + 593.6 ,вычислено,2026-08-11
F0533,"Доля газа левого берега, идущая на электроэнергию, 2014",69.4,%,2014,statisticheskiy_ezhegodnik_pmr_*.pdf,-,1346 / 1939 * 100,вычислено,2026-08-11
F0534,"Газ левого берега на электроэнергию, 2015",1557,млн м³,2015,statisticheskiy_ezhegodnik_pmr_*.pdf + приказ ПМР 2015,"табл. 8.13 «Произведено электроэнергии» x норматив 356,1 г у.т./кВт·ч",5111.3 млн кВт·ч * 0.3047 м³/кВт·ч,вычислено,2026-08-11
F0535,"Газ левого берега всего, 2015",2127,млн м³,2015,statisticheskiy_ezhegodnik_pmr_*.pdf,электроэнергия по нормативу + табл. 4.4.7 «Подано в сеть»,1557 + 569.7 ,вычислено,2026-08-11
F0536,"Доля газа левого берега, идущая на электроэнергию, 2015",73.2,%,2015,statisticheskiy_ezhegodnik_pmr_*.pdf,-,1557 / 2127 * 100,вычислено,2026-08-11
F0537,"Газ левого берега на электроэнергию, 2016",1507,млн м³,2016,statisticheskiy_ezhegodnik_pmr_*.pdf + приказ ПМР 2015,"табл. 8.13 «Произведено электроэнергии» x норматив 356,1 г у.т./кВт·ч",4946.3 млн кВт·ч * 0.3047 м³/кВт·ч,вычислено,2026-08-11
F0538,"Газ левого берега всего, 2016",2102,млн м³,2016,statisticheskiy_ezhegodnik_pmr_*.pdf,электроэнергия по нормативу + табл. 4.4.7 «Подано в сеть»,1507 + 595.0 ,вычислено,2026-08-11
F0539,"Доля газа левого берега, идущая на электроэнергию, 2016",71.7,%,2016,statisticheskiy_ezhegodnik_pmr_*.pdf,-,1507 / 2102 * 100,вычислено,2026-08-11
F0540,"Газ левого берега на электроэнергию, 2017",1239,млн м³,2017,statisticheskiy_ezhegodnik_pmr_*.pdf + приказ ПМР 2015,"табл. 8.13 «Произведено электроэнергии» x норматив 356,1 г у.т./кВт·ч",4067.2 млн кВт·ч * 0.3047 м³/кВт·ч,вычислено,2026-08-11
F0541,"Газ левого берега всего, 2017",1845,млн м³,2017,statisticheskiy_ezhegodnik_pmr_*.pdf,электроэнергия по нормативу + табл. 4.4.7 «Подано в сеть»,1239 + 605.8 ,вычислено,2026-08-11
F0542,"Доля газа левого берега, идущая на электроэнергию, 2017",67.2,%,2017,statisticheskiy_ezhegodnik_pmr_*.pdf,-,1239 / 1845 * 100,вычислено,2026-08-11
F0543,"Газ левого берега на электроэнергию, 2018",1351,млн м³,2018,statisticheskiy_ezhegodnik_pmr_*.pdf + приказ ПМР 2015,"табл. 8.13 «Произведено электроэнергии» x норматив 356,1 г у.т./кВт·ч",4434.7 млн кВт·ч * 0.3047 м³/кВт·ч,вычислено,2026-08-11
F0544,"Газ левого берега всего, 2018",1987,млн м³,2018,statisticheskiy_ezhegodnik_pmr_*.pdf,электроэнергия по нормативу + табл. 4.4.7 «Подано в сеть»,1351 + 635.4 ,вычислено,2026-08-11
F0545,"Доля газа левого берега, идущая на электроэнергию, 2018",68.0,%,2018,statisticheskiy_ezhegodnik_pmr_*.pdf,-,1351 / 1987 * 100,вычислено,2026-08-11
F0546,"Газ левого берега на электроэнергию, 2019",1449,млн м³,2019,statisticheskiy_ezhegodnik_pmr_*.pdf + приказ ПМР 2015,"табл. 8.13 «Произведено электроэнергии» x норматив 356,1 г у.т./кВт·ч",4756.0 млн кВт·ч * 0.3047 м³/кВт·ч,вычислено,2026-08-11
F0547,"Газ левого берега всего, 2019",2066,млн м³,2019,statisticheskiy_ezhegodnik_pmr_*.pdf,электроэнергия по нормативу + табл. 4.4.7 «Подано в сеть»,1449 + 616.4 ,вычислено,2026-08-11
F0548,"Доля газа левого берега, идущая на электроэнергию, 2019",70.2,%,2019,statisticheskiy_ezhegodnik_pmr_*.pdf,-,1449 / 2066 * 100,вычислено,2026-08-11
F0549,"Газ левого берега на электроэнергию, 2020",1583,млн м³,2020,statisticheskiy_ezhegodnik_pmr_*.pdf + приказ ПМР 2015,"табл. 8.13 «Произведено электроэнергии» x норматив 356,1 г у.т./кВт·ч",5196.0 млн кВт·ч * 0.3047 м³/кВт·ч,вычислено,2026-08-11
F0550,"Газ левого берега всего, 2020",2174,млн м³,2020,statisticheskiy_ezhegodnik_pmr_*.pdf,электроэнергия по нормативу + табл. 4.4.7 «Подано в сеть»,1583 + 590.8 ,вычислено,2026-08-11
F0551,"Доля газа левого берега, идущая на электроэнергию, 2020",72.8,%,2020,statisticheskiy_ezhegodnik_pmr_*.pdf,-,1583 / 2174 * 100,вычислено,2026-08-11
F0552,"Тариф 2010, НГЭС Костешты (Î.S. NHE Costeşti)",1.38,цент/кВт·ч,2010,Raport final 2010_31.03.11.doc,"«tariful la energia electrică produsă de Î.S. „NHE Costeşti”, fiind stabilit în cuantum de 17,00 bani/kWh»",17.0 бань / 12.3 лей/$,вычислено,2026-08-11
F0553,"Тариф 2010, НГЭС Костешты (Î.S. NHE Costeşti), в банях",17.0,бань/кВт·ч,2010,Raport final 2010_31.03.11.doc,"«tariful la energia electrică produsă de Î.S. „NHE Costeşti”, fiind stabilit în cuantum de 17,00 bani/kWh»",-,из_источника,2026-08-11
F0554,"Тариф 2010, ТЭЦ-2 (S.A. CET-2)",7.85,цент/кВт·ч,2010,Raport final 2010_31.03.11.doc,"«produsă de S.A. „CET–2” - 96,60 bani/kWh»",96.6 бань / 12.3 лей/$,вычислено,2026-08-11
F0555,"Тариф 2010, ТЭЦ-2 (S.A. CET-2), в банях",96.6,бань/кВт·ч,2010,Raport final 2010_31.03.11.doc,"«produsă de S.A. „CET–2” - 96,60 bani/kWh»",-,из_источника,2026-08-11
F0556,"Тариф 2010, ТЭЦ Норд (S.A. CET Nord)",8.38,цент/кВт·ч,2010,Raport final 2010_31.03.11.doc,"«produsă de S.A. „CET Nord” - 103,03 bani/kWh»",103.03 бань / 12.3 лей/$,вычислено,2026-08-11
F0557,"Тариф 2010, ТЭЦ Норд (S.A. CET Nord), в банях",103.03,бань/кВт·ч,2010,Raport final 2010_31.03.11.doc,"«produsă de S.A. „CET Nord” - 103,03 bani/kWh»",-,из_источника,2026-08-11
F0558,"Тариф 2010, ТЭЦ-1 (S.A. CET-1)",10.72,цент/кВт·ч,2010,Raport final 2010_31.03.11.doc,"«produsă de S.A. „CET–1” - 131,84 bani/kWh»",131.84 бань / 12.3 лей/$,вычислено,2026-08-11
F0559,"Тариф 2010, ТЭЦ-1 (S.A. CET-1), в банях",131.84,бань/кВт·ч,2010,Raport final 2010_31.03.11.doc,"«produsă de S.A. „CET–1” - 131,84 bani/kWh»",-,из_источника,2026-08-11
F0560,"Тариф 2010, Розница, RED Union Fenosa, 110 кВ",7.72,цент/кВт·ч,2010,Raport final 2010_31.03.11.doc,«tariful de 95 bani/kWh»,95.0 бань / 12.3 лей/$,вычислено,2026-08-11
F0561,"Тариф 2010, Розница, RED Union Fenosa, 110 кВ, в банях",95.0,бань/кВт·ч,2010,Raport final 2010_31.03.11.doc,«tariful de 95 bani/kWh»,-,из_источника,2026-08-11
F0562,"Тариф 2010, Розница, RED Union Fenosa, прочие категории",10.81,цент/кВт·ч,2010,Raport final 2010_31.03.11.doc,«un tarif de 133 bani/kWh»,133.0 бань / 12.3 лей/$,вычислено,2026-08-11
F0563,"Тариф 2010, Розница, RED Union Fenosa, прочие категории, в банях",133.0,бань/кВт·ч,2010,Raport final 2010_31.03.11.doc,«un tarif de 133 bani/kWh»,-,из_источника,2026-08-11
F0564,"Тариф 2010, Розница, RED Nord и RED Nord-Vest",11.63,цент/кВт·ч,2010,Raport final 2010_31.03.11.doc,«vor aplica pentru toate categoriile de consumatori tariful de 143 bani/kWh»,143.0 бань / 12.3 лей/$,вычислено,2026-08-11
F0565,"Тариф 2010, Розница, RED Nord и RED Nord-Vest, в банях",143.0,бань/кВт·ч,2010,Raport final 2010_31.03.11.doc,«vor aplica pentru toate categoriile de consumatori tariful de 143 bani/kWh»,-,из_источника,2026-08-11
F0566,"Тариф 2010, МГРЭС (CERS Moldovenească)",5.83,цент/кВт·ч,2010,Raport final 2010_31.03.11.doc,цена закупки у станции приведена в отчёте напрямую в центах,-,из_источника,2026-08-11
F0567,"Тариф 2010, МГРЭС (CERS Moldovenească), в банях",71.71,бань/кВт·ч,2010,Raport final 2010_31.03.11.doc,"цена 5,83 ¢/kWh приведена в отчёте напрямую; в бани пересчитана здесь",5.83 цента * 12.3 лей/$,вычислено,2026-08-11
F0568,"Насколько МГРЭС дешевле: НГЭС Костешты (Î.S. NHE Costeşti), 2010",-321.8,%,2010,Raport final 2010_31.03.11.doc,сравнение тарифов января 2010,(1.38 - 5.83) / 1.38 * 100,вычислено,2026-08-11
F0569,"Насколько МГРЭС дешевле: ТЭЦ-2 (S.A. CET-2), 2010",25.8,%,2010,Raport final 2010_31.03.11.doc,сравнение тарифов января 2010,(7.85 - 5.83) / 7.85 * 100,вычислено,2026-08-11
F0570,"Насколько МГРЭС дешевле: ТЭЦ Норд (S.A. CET Nord), 2010",30.4,%,2010,Raport final 2010_31.03.11.doc,сравнение тарифов января 2010,(8.38 - 5.83) / 8.38 * 100,вычислено,2026-08-11
F0571,"Насколько МГРЭС дешевле: ТЭЦ-1 (S.A. CET-1), 2010",45.6,%,2010,Raport final 2010_31.03.11.doc,сравнение тарифов января 2010,(10.72 - 5.83) / 10.72 * 100,вычислено,2026-08-11
F0572,Норматив удельного расхода топлива на 2016 год: ЗАО «Молдавская ГРЭС»,356.1,г у.т./кВт·ч,2016,приказ Минрегионразвития ПМР 15.05.2015,"Приказ Министерства регионального развития, транспорта и связи ПМР, рег. Минюст ПМР 15.05.2015, «Об утверждении на 2016 год нормативов удельного расхода топлива...», п. 1",,из_источника,2026-08-11
F0573,Норматив в кубометрах газа: ЗАО «Молдавская ГРЭС»,0.3052,м³/кВт·ч,2016,приказ Минрегионразвития ПМР 15.05.2015 + convert.py,"пересчёт по низшей теплоте сгорания 34,2 МДж/м³","356.1 / 1000 * 29,3076 / 34,2",вычислено,2026-08-11
F0574,Норматив удельного расхода топлива на 2016 год: ООО «Тиротекс-Энерго»,303.8,г у.т./кВт·ч,2016,приказ Минрегионразвития ПМР 15.05.2015,"Приказ Министерства регионального развития, транспорта и связи ПМР, рег. Минюст ПМР 15.05.2015, «Об утверждении на 2016 год нормативов удельного расхода топлива...», п. 1",,из_источника,2026-08-11
F0575,Норматив в кубометрах газа: ООО «Тиротекс-Энерго»,0.2603,м³/кВт·ч,2016,приказ Минрегионразвития ПМР 15.05.2015 + convert.py,"пересчёт по низшей теплоте сгорания 34,2 МДж/м³","303.8 / 1000 * 29,3076 / 34,2",вычислено,2026-08-11
F0576,Насколько экономичнее МГРЭС: ООО «Тиротекс-Энерго»,14.7,%,2016,приказ Минрегионразвития ПМР 15.05.2015,сравнение п. 1 приказа,(356.1 - 303.8) / 356.1 * 100,вычислено,2026-08-11
F0577,"Норматив удельного расхода топлива на 2016 год: ООО «Тираспольтрансгаз-Приднестровье», когенерационная станция",293.0,г у.т./кВт·ч,2016,приказ Минрегионразвития ПМР 15.05.2015,"Приказ Министерства регионального развития, транспорта и связи ПМР, рег. Минюст ПМР 15.05.2015, «Об утверждении на 2016 год нормативов удельного расхода топлива...», п. 1",,из_источника,2026-08-11
F0578,"Норматив в кубометрах газа: ООО «Тираспольтрансгаз-Приднестровье», когенерационная станция",0.2511,м³/кВт·ч,2016,приказ Минрегионразвития ПМР 15.05.2015 + convert.py,"пересчёт по низшей теплоте сгорания 34,2 МДж/м³","293.0 / 1000 * 29,3076 / 34,2",вычислено,2026-08-11
F0579,"Насколько экономичнее МГРЭС: ООО «Тираспольтрансгаз-Приднестровье», когенерационная станция",17.7,%,2016,приказ Минрегионразвития ПМР 15.05.2015,сравнение п. 1 приказа,(356.1 - 293.0) / 356.1 * 100,вычислено,2026-08-11
F0580,"Ценовая лестница МГРЭС, 2010 (контракт)",4.69,цент/кВт·ч,2010,Raport final 2010_31.03.11.doc,"цена, включённая в предыдущий тариф; действовала до января 2010",,из_источника,2026-08-11
F0581,"Ценовая лестница МГРЭС, 2010 (контракт)",5.83,цент/кВт·ч,2010,Raport final 2010_31.03.11.doc,"цена по договору с CERS Moldovenească, установлена в январе 2010, рост 24,0%",,из_источника,2026-08-11
F0582,"Ценовая лестница МГРЭС, 2011 (контракт)",6.1,цент/кВт·ч,2011,"protv.md, 01.04.2011","период 2011-04-01..2012-04-01; «potrivit contractului incheiat intre Union Fenosa si centrala de la Cuciurgan, pretul de achizitie este de 6,1 centi pentru un kilowatt-ora» - вторичный источник, телеканал; цена за январь-март 2011 не установлена",,из_источника,2026-08-11
F0583,"Ценовая лестница МГРЭС, 2012 (контракт)",6.9,цент/кВт·ч,2012,"old.ipn.md, 03.04.2012","период 2012-04-02..2013-01-02; «Contractul prevede livrarea energiei electrice la preţul de 6,9 cenţi pentru un kilowatt, cu 13,2% mai mult decât până la 31 martie» - Gas Natural Fenosa, новый контракт с Кучурганской станцией",,из_источника,2026-08-11
F0584,"Ценовая лестница МГРЭС, 2013 (контракт)",6.9,цент/кВт·ч,2013,"adevarul.ro, 03.01.2013 + radiochisinau.md, 12.07.2013","период 2013-01-03..2014-03-31; «Noul acord este pentru o perioadă de un an, iar preţul rămâne cel vechi, de 6,9 cenţi pentru un kilowatt»; срок подтверждён: «La 31 martie 2014, expiră contractele actuale de achiziţie a energiei electrice la un preţ de 6,9 cenţi» (adevarul.ro, 25.03.2014)",,из_источника,2026-08-11
F0585,"Ценовая лестница МГРЭС, 2014 (контракт)",6.8,цент/кВт·ч,2014,"Ministerul Economiei RM, 01.04.2014 (old.mei.gov.md, архивная копия rise.md)","период 2014-04-01..2015-03-31; «s-a reușit reducerea prețului de import a energiei electrice de la 6,9 cenți pentru un kWh la 6,8 cenți pentru un kWh... Republica Moldova va cumpăra energie electrică de la aceiași generatori: DTEK Vostokenergo (Ucraina) și Centrala de la Cuciurgan». ОГОВОРКА: с октября 2014 в цепочку встроен посредник EnergoKapital (Тирасполь), цена для Молдовы осталась 6,8, но станция получала меньше",,из_источника,2026-08-11
F0586,"Ценовая лестница МГРЭС, 2019 (контракт)",5.24,цент/кВт·ч,2019,"rdp.moldelectrica.md, Castigator E_2019 от 15.03.2019 + RED Union Fenosa, 14.03.2019","период 2019-04-01..2020-03-31; «Câştigător: SA „Energocom”. Prețul ofertei câştigătoare: Sursa 1 (Ucraina, 15% din volum) - 0,0644 USD/kWh; Sursa 2 (CERS Moldovenească, 85% din volum) - 0,0524 USD/kWh»; то же в коммюнике RED Union Fenosa: 85% от CERS Moldovenească по 52,4 USD/MWh, средневзвешенная по контракту 54,2",,из_источника,2026-08-11
F0587,"Ценовая лестница МГРЭС, 2020 (контракт)",4.99,цент/кВт·ч,2020,"premierenergy.md, таблица «Informația privind prețul de referință», раздел закупок 2020","период 2020-04-01..2020-06-30; «01.04.2020 - 30.06.2020 | 0,0499 | SA „Energocom” | CERS Moldovenească»",,из_источника,2026-08-11
F0588,"Ценовая лестница МГРЭС, 2020 (контракт)",4.87,цент/кВт·ч,2020,"premierenergy.md, таблица цен 2020 + rdp.moldelectrica.md, Castigator E_2020 от 22.06.2020","период 2020-07-01..2021-03-31; «01.07.2020 - 31.03.2021 | 0,04865 | SA „Energocom” | CERS Moldovenească»; тендер Moldelectrica: «Pre ul ofertei câ tigătoare: 0,04865 USD/kWh»",,из_источника,2026-08-11
F0589,"Ценовая лестница МГРЭС, 2015 (контракт)",6.79,цент/кВт·ч,2015,"moldpres.md, 01.04.2017","период 2015-04-01..2016-02-29; «Moldova paid a purchase price of 48,995 dollars per 1 megawatt, compared to 67.95 dollars until 1 March 2016» - вторичный источник, госагентство Молдовы",,из_источника,2026-08-11
F0590,"Ценовая лестница МГРЭС, 2016 (контракт)",4.9,цент/кВт·ч,2016,"moldpres.md, 01.04.2017","период 2016-04-01..2017-03-31; «Suppliers ... purchased from 1 April 2016 ... 28 per cent cheaper ... 48,995 dollars per 1 megawatt» - вторичный источник, госагентство Молдовы",,из_источника,2026-08-11
F0591,"Ценовая лестница МГРЭС, 2017 (контракт)",4.5,цент/кВт·ч,2017,"Ministerul Economiei si Infrastructurii RM, 05.06.2017","период 2017-06-07..2018-03-31; «SA Energocom va procura, începând cu 7 iunie curent, o parte din energia electrică ... de la Centrala Electrică de la Cuciurgan, la prețul de 45 USD/MWh»",,из_источника,2026-08-11
F0592,"Ценовая лестница МГРЭС, 2021 (контракт)",5.35,цент/кВт·ч,2021,"premierenergy.md, 01.04.2021 + rdp.moldelectrica.md, 30.03.2021","период 2021-04-01..2022-03-31; «a semnat noul contract ... cu Centrala electrică de la Cuciurgan (ЗАО Молдавская ГРЭС) ... la prețul de 0,0535 USD/kWh»; та же цена - победившая оферта на тендере Moldelectrica",,из_источника,2026-08-11
F0593,"Ценовая лестница МГРЭС, 2023 (контракт)",7.35,цент/кВт·ч,2023,"premierenergy.md, Comunicat Ianuarie 2023","период 2023-01-01..2023-01-31; 91,1 % объёма от МГРЭС",,из_источника,2026-08-11
F0594,"Ценовая лестница МГРЭС, 2023 (контракт)",7.37,цент/кВт·ч,2023,"premierenergy.md, Comunicat Februarie 2023","период 2023-02-01..2023-02-28; 85,1 % объёма от МГРЭС",,из_источника,2026-08-11
F0595,"Ценовая лестница МГРЭС, 2023 (контракт)",6.67,цент/кВт·ч,2023,"premierenergy.md, Comunicat Noiembrie 2023","период 2023-11-01..2023-11-30; 87,96 % объёма от МГРЭС",,из_источника,2026-08-11
F0596,"Ценовая лестница МГРЭС, 2024 (контракт)",6.66,цент/кВт·ч,2024,"premierenergy.md, Comunicat Ianuarie 2024","период 2024-01-01..2024-01-31; 68,47 % объёма от МГРЭС",,из_источника,2026-08-11
F0597,"Ценовая лестница МГРЭС, 2024 (контракт)",6.67,цент/кВт·ч,2024,"premierenergy.md, Comunicat Februarie 2024","период 2024-02-01..2024-02-29; 82,33 % объёма от МГРЭС",,из_источника,2026-08-11
F0598,"Ценовая лестница МГРЭС, 2024 (контракт)",6.66,цент/кВт·ч,2024,"premierenergy.md, Comunicat Martie 2024","период 2024-03-01..2024-03-31; 90,84 % объёма от МГРЭС",,из_источника,2026-08-11
F0599,"Ценовая лестница МГРЭС, 2024 (контракт)",6.66,цент/кВт·ч,2024,"premierenergy.md, Comunicat Aprilie 2024","период 2024-04-01..2024-04-30; 97,68 % объёма от МГРЭС",,из_источника,2026-08-11
F0600,"Ценовая лестница МГРЭС, 2024 (контракт)",6.66,цент/кВт·ч,2024,"premierenergy.md, Comunicat Mai 2024","период 2024-05-01..2024-05-31; 96,59 % объёма от МГРЭС",,из_источника,2026-08-11
F0601,"Ценовая лестница МГРЭС, 2024 (контракт)",6.68,цент/кВт·ч,2024,"premierenergy.md, Comunicat Iulie 2024","период 2024-07-01..2024-07-31; 83,77 % объёма от МГРЭС",,из_источника,2026-08-11
F0602,"Ценовая лестница МГРЭС, 2024 (контракт)",6.67,цент/кВт·ч,2024,"premierenergy.md, Comunicat August 2024","период 2024-08-01..2024-08-31; 89,39 % объёма от МГРЭС",,из_источника,2026-08-11
F0603,"Ценовая лестница МГРЭС, 2024 (контракт)",6.71,цент/кВт·ч,2024,"premierenergy.md, Comunicat Septembrie 2024","период 2024-09-01..2024-09-30; 93,10 % объёма от МГРЭС",,из_источника,2026-08-11
F0604,"Ценовая лестница МГРЭС, 2024 (контракт)",6.74,цент/кВт·ч,2024,"premierenergy.md, Comunicat Octombrie 2024","период 2024-10-01..2024-10-31; 92,66 % объёма от МГРЭС",,из_источника,2026-08-11
F0605,"Ценовая лестница МГРЭС, 2001 (оценка)",3.05,цент/кВт·ч,2001,statisticheskiy_ezhegodnik_pmr_*.pdf,экспорт ТЭ товаров / отпуск э/э за пределы республики,,оценка,2026-08-11
F0606,"Ценовая лестница МГРЭС, 2005 (оценка)",3.05,цент/кВт·ч,2005,statisticheskiy_ezhegodnik_pmr_*.pdf,экспорт ТЭ товаров / отпуск э/э за пределы республики,,оценка,2026-08-11
F0607,"Ценовая лестница МГРЭС, 2010 (оценка)",5.42,цент/кВт·ч,2010,statisticheskiy_ezhegodnik_pmr_*.pdf,экспорт ТЭ товаров / отпуск э/э за пределы республики,,оценка,2026-08-11
F0608,"Ценовая лестница МГРЭС, 2011 (оценка)",5.75,цент/кВт·ч,2011,statisticheskiy_ezhegodnik_pmr_*.pdf,экспорт ТЭ товаров / отпуск э/э за пределы республики,,оценка,2026-08-11
F0609,"Ценовая лестница МГРЭС, 2012 (оценка)",6.34,цент/кВт·ч,2012,statisticheskiy_ezhegodnik_pmr_*.pdf,экспорт ТЭ товаров / отпуск э/э за пределы республики,,оценка,2026-08-11
F0610,"Ценовая лестница МГРЭС, 2013 (оценка)",7.32,цент/кВт·ч,2013,statisticheskiy_ezhegodnik_pmr_*.pdf,экспорт ТЭ товаров / отпуск э/э за пределы республики,,оценка,2026-08-11
F0611,"Ценовая лестница МГРЭС, 2014 (оценка)",6.4,цент/кВт·ч,2014,statisticheskiy_ezhegodnik_pmr_*.pdf,экспорт ТЭ товаров / отпуск э/э за пределы республики,,оценка,2026-08-11
F0612,"Ценовая лестница МГРЭС, 2015 (оценка)",6.79,цент/кВт·ч,2015,statisticheskiy_ezhegodnik_pmr_*.pdf,экспорт ТЭ товаров / отпуск э/э за пределы республики,,оценка,2026-08-11
F0613,"Ценовая лестница МГРЭС, 2016 (оценка)",5.6,цент/кВт·ч,2016,statisticheskiy_ezhegodnik_pmr_*.pdf,экспорт ТЭ товаров / отпуск э/э за пределы республики,,оценка,2026-08-11
F0614,"Ценовая лестница МГРЭС, 2017 (оценка)",4.69,цент/кВт·ч,2017,statisticheskiy_ezhegodnik_pmr_*.pdf,экспорт ТЭ товаров / отпуск э/э за пределы республики,,оценка,2026-08-11
F0615,"Ценовая лестница МГРЭС, 2018 (оценка)",4.7,цент/кВт·ч,2018,statisticheskiy_ezhegodnik_pmr_*.pdf,экспорт ТЭ товаров / отпуск э/э за пределы республики,,оценка,2026-08-11
F0616,"Ценовая лестница МГРЭС, 2019 (оценка)",5.07,цент/кВт·ч,2019,statisticheskiy_ezhegodnik_pmr_*.pdf,экспорт ТЭ товаров / отпуск э/э за пределы республики,,оценка,2026-08-11
F0617,"Ценовая лестница МГРЭС, 2020 (оценка)",4.92,цент/кВт·ч,2020,statisticheskiy_ezhegodnik_pmr_*.pdf,экспорт ТЭ товаров / отпуск э/э за пределы республики,,оценка,2026-08-11
F0618,"Ценовая лестница МГРЭС, 2018 (blended)",5.16,цент/кВт·ч,2018,RAPORT DE ACTIVITATE 2019 FINAL 30.11.2020.docx.pdf,"средняя цена импорта э/э: МГРЭС плюс Украина, доля МГРЭС не выделена",,из_источника,2026-08-11
F0619,"Ценовая лестница МГРЭС, 2019 (blended)",5.38,цент/кВт·ч,2019,RAPORT DE ACTIVITATE 2019 FINAL 30.11.2020.docx.pdf,"средняя цена импорта э/э: МГРЭС плюс Украина, доля МГРЭС не выделена",,из_источника,2026-08-11
F0620,"Ценовая лестница МГРЭС, 2022 (контракт)",5.95,цент/кВт·ч,2022,OCR_Contracts_MGRES_FULL.txt,"Договор № 010422/MGRES, период с 2022-05-01, п. 4.1 цена, п. 4.2 сумма, Прил. 3 объём",,из_источника,2026-08-11
F0621,"Ценовая лестница МГРЭС, 2022 (контракт)",5.99,цент/кВт·ч,2022,OCR_Contracts_MGRES_FULL.txt,"Доп. соглашение № 1 к 010422/MGRES, период с 2022-06-01, п. 1.5 цена; объём Прил. 3 - 222,218420 тыс. МВт·ч",,из_источника,2026-08-11
F0622,"Ценовая лестница МГРЭС, 2022 (контракт)",6.25,цент/кВт·ч,2022,OCR_Contracts_MGRES_FULL.txt,"Доп. соглашение № 1 к 408-22/MGRES, период с 2022-10-01, п. 1.2 b) цена, п. 1.3 b) сумма, Прил. 1 п. 2.1 объём",,из_источника,2026-08-11
F0623,"Ценовая лестница МГРЭС, 2022 (контракт)",7.3,цент/кВт·ч,2022,OCR_Contracts_MGRES_FULL.txt,"Договор № 489-22/MGRES, период с 2022-12-04, п. 4.2 a) цена, п. 4.3 a) сумма, Прил. 3 п. 1.1 объём",,из_источника,2026-08-11
F0624,"Ценовая лестница МГРЭС, 2023 (контракт)",7.3,цент/кВт·ч,2023,OCR_Contracts_MGRES_FULL.txt,"Доп. соглашение № 1 к 489-22/MGRES, период с 2023-01-01, п. 1.2 b) цена, п. 1.3 b) сумма, Прил. 1 объём",,из_источника,2026-08-11
F0625,"Ценовая лестница МГРЭС, 2022 (контракт)",7.35,цент/кВт·ч,2022,Raport privind Activitatea ANRE in anul 2022.pdf,"73,5 USD/МВт·ч в декабре 2022 - независимое подтверждение договорной цены 7,30",,из_источника,2026-08-11
F0626,"Сверка оценки по ежегоднику с прямой ценой, 2010",-7.1,%,2010,statisticheskiy_ezhegodnik_pmr_*.pdf + отчёт ANRE,оценка 5.42 против «контракт ANRE (январь 2010)» 5.83,(5.42 - 5.83) / 5.83 * 100,вычислено,2026-08-11
F0627,"Сверка оценки по ежегоднику с прямой ценой, 2011",-5.8,%,2011,statisticheskiy_ezhegodnik_pmr_*.pdf + отчёт ANRE,"оценка 5.75 против «контракт с 01.04.2011 (61,0 USD/МВт·ч); январь-март не установлен» 6.10",(5.75 - 6.10) / 6.10 * 100,вычислено,2026-08-11
F0628,"Сверка оценки по ежегоднику с прямой ценой, 2012",-5.3,%,2012,statisticheskiy_ezhegodnik_pmr_*.pdf + отчёт ANRE,"оценка 6.34 против «контракты 2012, взвешенные по месяцам (3 мес. 6,10 + 9 мес. 6,90)» 6.70",(6.34 - 6.70) / 6.70 * 100,вычислено,2026-08-11
F0629,"Сверка оценки по ежегоднику с прямой ценой, 2013",6.1,%,2013,statisticheskiy_ezhegodnik_pmr_*.pdf + отчёт ANRE,"оценка 7.32 против «контракт 6,90 весь год» 6.90",(7.32 - 6.90) / 6.90 * 100,вычислено,2026-08-11
F0630,"Сверка оценки по ежегоднику с прямой ценой, 2014",-6.3,%,2014,statisticheskiy_ezhegodnik_pmr_*.pdf + отчёт ANRE,"оценка 6.40 против «контракты 2014, взвешенные по месяцам (3 мес. 6,90 + 9 мес. 6,80)» 6.83",(6.40 - 6.83) / 6.83 * 100,вычислено,2026-08-11
F0631,"Сверка оценки по ежегоднику с прямой ценой, 2015",-0.0,%,2015,statisticheskiy_ezhegodnik_pmr_*.pdf + отчёт ANRE,"оценка 6.79 против «контракт 67,95 USD/МВт·ч (действовал до 01.03.2016)» 6.79",(6.79 - 6.79) / 6.79 * 100,вычислено,2026-08-11
F0632,"Сверка оценки по ежегоднику с прямой ценой, 2016",4.2,%,2016,statisticheskiy_ezhegodnik_pmr_*.pdf + отчёт ANRE,"оценка 5.60 против «контракты 2016, взвешенные по месяцам (3 мес. 6,795 + 9 мес. 4,8995)» 5.37",(5.60 - 5.37) / 5.37 * 100,вычислено,2026-08-11
F0633,"Сверка оценки по ежегоднику с прямой ценой, 2017",4.3,%,2017,statisticheskiy_ezhegodnik_pmr_*.pdf + отчёт ANRE,"оценка 4.69 против «контракт МГРЭС с 07.06.2017 (45,0 USD/МВт·ч)» 4.50",(4.69 - 4.50) / 4.50 * 100,вычислено,2026-08-11
F0634,"Сверка оценки по ежегоднику с прямой ценой, 2018",-9.0,%,2018,statisticheskiy_ezhegodnik_pmr_*.pdf + отчёт ANRE,оценка 4.70 против «средняя цена импорта ANRE (blended)» 5.16,(4.70 - 5.16) / 5.16 * 100,вычислено,2026-08-11
F0635,"Сверка оценки по ежегоднику с прямой ценой, 2019",-3.2,%,2019,statisticheskiy_ezhegodnik_pmr_*.pdf + отчёт ANRE,"оценка 5.07 против «цена МГРЭС по контракту 01.04.2019-31.03.2020 (52,4 USD/МВт·ч, 9 месяцев из 12)» 5.24",(5.07 - 5.24) / 5.24 * 100,вычислено,2026-08-11
F0636,"Сверка оценки по ежегоднику с прямой ценой, 2020",-1.5,%,2020,statisticheskiy_ezhegodnik_pmr_*.pdf + отчёт ANRE,"оценка 4.92 против «контракты 2020, взвешенные по месяцам (3 мес. 5,24 + 3 мес. 4,99 + 6 мес. 4,865)» 4.99",(4.92 - 4.99) / 4.99 * 100,вычислено,2026-08-11
F0637,"Средняя цена закупки у МГРЭС по коммюнике Premier Energy, 2024",66.79,USD/МВт·ч,2024,"premierenergy.md, помесячные коммюнике",среднее по 9 опубликованным месяцам,66.6 + 66.68 + 66.6 + 66.6 + 66.6 + 66.76 + 66.74 + 67.08 + 67.41 делить на 9,вычислено,2026-08-11
F0638,"Выручка МГРЭС от поставок в Молдову, 2024 (верхняя граница)",205.0,млн USD,2024,premierenergy.md + годовой отчёт ANRE за 2024,"цена включает маржу Energocom, поэтому это верхняя граница",66.7856 USD/МВт·ч * 3068.8 млн кВт·ч * 1000 / 1e6,вычислено,2026-08-11
F0639,"Доля газа левого берега, сожжённого ради электричества правому берегу",43.4,%,2010-2020,статежегодники ПМР + норматив ПМР,взвешенно по объёмам за 11 лет,9646 / 22221 * 100,оценка,2026-08-11
F0640,"Долг левого берега, приходящийся на электричество правому берегу",3303.0,млн USD,31.10.2021,аудит Wikborg Rein/FRA + расчёт доли по объёмам газа,7608.9 млн * 43.4%,,оценка,2026-08-11
F0641,То же на одно домохозяйство правого берега,3281,USD,31.10.2021,аудит + перепись 2024,3303.0 млн / 1006800,,оценка,2026-08-11
F0642,"Средневзвешенная цена закупки у МГРЭС, 2011",61.0,USD/МВт·ч,2011,normalize.MGRES_CENY,покрыто договорами 9 месяцев из 12,"среднее по месяцам, в которых действовал известный договор",оценка,2026-08-11
F0643,"Средневзвешенная цена закупки у МГРЭС, 2012",67.0,USD/МВт·ч,2012,normalize.MGRES_CENY,покрыто договорами 12 месяцев из 12,"среднее по месяцам, в которых действовал известный договор",вычислено,2026-08-11
F0644,"Средневзвешенная цена закупки у МГРЭС, 2013",69.0,USD/МВт·ч,2013,normalize.MGRES_CENY,покрыто договорами 12 месяцев из 12,"среднее по месяцам, в которых действовал известный договор",вычислено,2026-08-11
F0645,"Средневзвешенная цена закупки у МГРЭС, 2014",68.25,USD/МВт·ч,2014,normalize.MGRES_CENY,покрыто договорами 12 месяцев из 12,"среднее по месяцам, в которых действовал известный договор",вычислено,2026-08-11
F0646,"Средневзвешенная цена закупки у МГРЭС, 2015",67.96,USD/МВт·ч,2015,normalize.MGRES_CENY,покрыто договорами 12 месяцев из 12,"среднее по месяцам, в которых действовал известный договор",вычислено,2026-08-11
F0647,"Средневзвешенная цена закупки у МГРЭС, 2016",52.44,USD/МВт·ч,2016,normalize.MGRES_CENY,покрыто договорами 11 месяцев из 12,"среднее по месяцам, в которых действовал известный договор",оценка,2026-08-11
F0648,"Средневзвешенная цена закупки у МГРЭС, 2017",46.2,USD/МВт·ч,2017,normalize.MGRES_CENY,покрыто договорами 10 месяцев из 12,"среднее по месяцам, в которых действовал известный договор",оценка,2026-08-11
F0649,"Средневзвешенная цена закупки у МГРЭС, 2018",45.0,USD/МВт·ч,2018,normalize.MGRES_CENY,покрыто договорами 3 месяцев из 12,"среднее по месяцам, в которых действовал известный договор",оценка,2026-08-11
F0650,"Средневзвешенная цена закупки у МГРЭС, 2019",52.4,USD/МВт·ч,2019,normalize.MGRES_CENY,покрыто договорами 9 месяцев из 12,"среднее по месяцам, в которых действовал известный договор",оценка,2026-08-11
F0651,"Средневзвешенная цена закупки у МГРЭС, 2020",49.9,USD/МВт·ч,2020,normalize.MGRES_CENY,покрыто договорами 12 месяцев из 12,"среднее по месяцам, в которых действовал известный договор",вычислено,2026-08-11
F0652,"Средневзвешенная цена закупки у МГРЭС, 2021",52.29,USD/МВт·ч,2021,normalize.MGRES_CENY,покрыто договорами 12 месяцев из 12,"среднее по месяцам, в которых действовал известный договор",вычислено,2026-08-11
F0653,"Средневзвешенная цена закупки у МГРЭС, 2022",59.51,USD/МВт·ч,2022,normalize.MGRES_CENY,покрыто договорами 10 месяцев из 12,"среднее по месяцам, в которых действовал известный договор",оценка,2026-08-11
F0654,"Средневзвешенная цена закупки у МГРЭС, 2023",71.3,USD/МВт·ч,2023,normalize.MGRES_CENY,покрыто договорами 3 месяцев из 12,"среднее по месяцам, в которых действовал известный договор",оценка,2026-08-11
F0655,"Средневзвешенная цена закупки у МГРЭС, 2024",66.79,USD/МВт·ч,2024,normalize.MGRES_CENY,покрыто договорами 9 месяцев из 12,"среднее по месяцам, в которых действовал известный договор",оценка,2026-08-11
F0656,"Реальная цена кВт·ч от МГРЭС с учётом газа в долг, 2015",14.6,цент/кВт·ч,2015,normalize.MGRES_CENY + отчёты ANRE + Ember,деньгами 6.80 + газ 7.80,6.80 + 0.3047 * 256.0 / 10,вычислено,2026-08-11
F0657,"Оптовая цена э/э Румынии в центах, 2015",4.04,цент/кВт·ч,2015,european_wholesale_...csv + data.csv,средняя за год по бирже OPCOM,36.37 EUR/МВт·ч * 1.1096 / 10,вычислено,2026-08-11
F0658,"Реальная цена кВт·ч от МГРЭС с учётом газа в долг, 2016",11.14,цент/кВт·ч,2016,normalize.MGRES_CENY + отчёты ANRE + Ember,деньгами 5.24 + газ 5.90,5.24 + 0.3047 * 193.5 / 10,вычислено,2026-08-11
F0659,"Оптовая цена э/э Румынии в центах, 2016",3.67,цент/кВт·ч,2016,european_wholesale_...csv + data.csv,средняя за год по бирже OPCOM,33.13 EUR/МВт·ч * 1.1066 / 10,вычислено,2026-08-11
F0660,"Реальная цена кВт·ч от МГРЭС с учётом газа в долг, 2017",9.56,цент/кВт·ч,2017,normalize.MGRES_CENY + отчёты ANRE + Ember,деньгами 4.62 + газ 4.94,4.62 + 0.3047 * 162.05 / 10,вычислено,2026-08-11
F0661,"Оптовая цена э/э Румынии в центах, 2017",5.42,цент/кВт·ч,2017,european_wholesale_...csv + data.csv,средняя за год по бирже OPCOM,47.98 EUR/МВт·ч * 1.1293 / 10,вычислено,2026-08-11
F0662,"Реальная цена кВт·ч от МГРЭС с учётом газа в долг, 2019",12.36,цент/кВт·ч,2019,normalize.MGRES_CENY + отчёты ANRE + Ember,деньгами 5.24 + газ 7.12,5.24 + 0.3047 * 233.7 / 10,вычислено,2026-08-11
F0663,"Оптовая цена э/э Румынии в центах, 2019",5.64,цент/кВт·ч,2019,european_wholesale_...csv + data.csv,средняя за год по бирже OPCOM,50.35 EUR/МВт·ч * 1.1196 / 10,вычислено,2026-08-11
F0664,"Реальная цена кВт·ч от МГРЭС с учётом газа в долг, 2020",9.53,цент/кВт·ч,2020,normalize.MGRES_CENY + отчёты ANRE + Ember,деньгами 4.99 + газ 4.54,4.99 + 0.3047 * 148.87 / 10,вычислено,2026-08-11
F0665,"Оптовая цена э/э Румынии в центах, 2020",4.5,цент/кВт·ч,2020,european_wholesale_...csv + data.csv,средняя за год по бирже OPCOM,39.47 EUR/МВт·ч * 1.1413 / 10,вычислено,2026-08-11
F0666,"Реальная цена кВт·ч от МГРЭС с учётом газа в долг, 2021",14.66,цент/кВт·ч,2021,normalize.MGRES_CENY + отчёты ANRE + Ember,деньгами 5.23 + газ 9.43,5.23 + 0.3047 * 309.5 / 10,вычислено,2026-08-11
F0667,"Оптовая цена э/э Румынии в центах, 2021",13.14,цент/кВт·ч,2021,european_wholesale_...csv + data.csv,средняя за год по бирже OPCOM,111.03 EUR/МВт·ч * 1.1835 / 10,вычислено,2026-08-11
F0668,"Реальная цена кВт·ч от МГРЭС с учётом газа в долг, 2022",31.59,цент/кВт·ч,2022,normalize.MGRES_CENY + отчёты ANRE + Ember,деньгами 5.95 + газ 25.64,5.95 + 0.3047 * 841.6 / 10,вычислено,2026-08-11
F0669,"Оптовая цена э/э Румынии в центах, 2022",27.88,цент/кВт·ч,2022,european_wholesale_...csv + data.csv,средняя за год по бирже OPCOM,264.52 EUR/МВт·ч * 1.0539 / 10,вычислено,2026-08-11
F0670,Коэффициент: плотность_газа_кг_м3,0.717,кг/м³ при 0 °C,-,convert.py,модуль конвертаций,"Плотность чистого метана при 0 °C, 101,325 кПа. Используется для пересчёта массы Comtrade (кг) в объём. ИЗМЕРЕННАЯ плотность газпромовского газа в Молдове выше: 0,6955 кг/м³ при 20 °C = 0,7464 кг/м³ при 0 °C (протокол испытания пробы с ГРП-20, лаборатория ТУМ; «Молдавские Ведомости», вторичный источник). Базовое значение оставлено 0,717 для сопоставимости с ранее посчитанным; чувствительность считается отдельно, см. плотность_измеренная_20C.",допущение,2026-08-11
F0671,Коэффициент: плотность_измеренная_20C,0.6955,кг/м³ при 20 °C,-,convert.py,модуль конвертаций,"Протокол испытания пробы природного газа с ГРП-20 (ГОСТ 5542-87): абсолютная плотность 0,6955 кг/м³ при 20 °C и 101,325 кПа, метан 96,48%, этан 1,89%, пропан 0,60%. Источник вторичный: «Молдавские Ведомости», http://www.evedomosti.md/news/kachestvo-nashego-golubogo-topliva-mozhno-schitat-evropejski - первичный протокол не опубликован.",требует_проверки,2026-08-11
F0672,Коэффициент: теплотворность_низшая_МДж_м3,34.2,"МДж/м³ (низшая, при 20 °C)",-,convert.py,модуль конвертаций,"Фактическая низшая теплота сгорания газа, поставляемого в Молдову: 8161 ккал/м³ = 34,17 МДж/м³ при 20 °C и 101,325 кПа (протокол испытания, тот же источник). Нормативный минимум ANRE - 31,8 МДж/м³ (7600 ккал/м³), см. теплотворность_норматив_ANRE.",подтверждён,2026-08-11
F0673,Коэффициент: теплотворность_норматив_ANRE,31.8,"МДж/м³ (низшая, при 20 °C), минимум",-,convert.py,модуль конвертаций,"Постановление ANRE № 113, Положение о поставке природного газа, п. 64(1): «низшая теплота сгорания, МДж/м3 (ккал/м3) при 20 °C и 101,325 кПа, не менее 31,8 (7600)». Опубликовано: https://www.moldovagaz.md/files/documents/files/1601/ANRE_HOTARIRE_113_RU.pdf",подтверждён,2026-08-11
F0674,Коэффициент: теплотворность_для_индекса_МДж_м3,38.5,"МДж/м³ (высшая, при 0 °C)",-,convert.py,модуль конвертаций,"Используется ТОЛЬКО для перевода индекса World Bank «Natural gas, Europe» из $/mmbtu в $/1000 м³. Европейские газовые индексы котируются по ВЫСШЕЙ теплоте сгорания (GCV), поэтому здесь нельзя подставлять низшую 34,2. Значение 38,5 сохранено из первой редакции - оно воспроизводит контрольные 588 $/1000 м³ (2021) и 1 472 $/1000 м³ (2022). Точная GCV российского газа в источниках не найдена - остаётся допущением.",допущение,2026-08-11
F0675,Коэффициент: удельный_расход_м3_кВтч,0.3047,м³/кВт·ч,-,convert.py,модуль конвертаций,"Приказ Министерства промышленности ПМР от 23.12.2011 № 584 (САЗ 12-6, рег. Минюст ПМР № 5902 от 30.01.2012), п. 2: «Утвердить на 2012 год переводной коэффициент для определения объема природного газа, используемого на выработку электрической энергии на внутренний рынок Приднестровской Молдавской Республики в размере 3,282». 1 / 3,282 = 0,30469 м³/кВт·ч. Сходится с независимым путём: норматив 356,1 г у.т./кВт·ч при низшей теплотворности 34,2 МДж/м³ даёт 0,3052 м³/кВт·ч, расхождение 0,2%.",подтверждён,2026-08-11
F0676,Коэффициент: удельный_расход_норматив_г_ут_кВтч,356.1,г у.т./кВт·ч,-,convert.py,модуль конвертаций,"Приказ Министерства регионального развития, транспорта и связи ПМР от 16.04.2015 № 135 (рег. Минюст ПМР № 7104 от 15.05.2015, САЗ 15-20), п. 1 а): «Утвердить на 2016 год удельный расход топлива на отпущенную электрическую энергию: а) ЗАО «Молдавская ГРЭС» в размере 356,1 г у.т./кВтч». Это НОРМАТИВ («максимально допустимая технически обоснованная мера потребления топлива», Инструкция № 584 п. 3), а не факт. КПД нетто = 123/356,1 = 34,5%.",подтверждён,2026-08-11
F0677,Коэффициент: удельный_расход_вилка,"(0.3047, 0.3282)",м³/кВт·ч,-,convert.py,модуль конвертаций,"Нижний край - переводной коэффициент ПМР 3,282 (0,3047). Верхний - норматив 356,1 г у.т./кВт·ч при НОРМАТИВНОМ минимуме теплотворности 31,8 МДж/м³ (0,32824). Обе границы выведены из документов ПМР и ANRE, а не из общих соображений. Прежняя вилка 0,27-0,36 из плана статьи больше не нужна.",подтверждён,2026-08-11
F0678,Коэффициент: удельный_расход_ПГУ,0.1912,м³/кВт·ч,-,convert.py,модуль конвертаций,"Гипотетическая модернизация до парогазового цикла с КПД 55%. Пересчитано от подтверждённой базы: 0,3047 * (34,5 / 55) = 0,1912 м³/кВт·ч. Прежнее значение 0,17 в плане статьи выводилось из ошибочного КПД станции 28%; при фактическом нормативном КПД 34,5% выигрыш от модернизации меньше. Сам КПД 55% для ПГУ - допущение, документального подтверждения по МГРЭС нет.",допущение,2026-08-11
F0679,Коэффициент: КПД_нетто_МГРЭС,0.345,доля,-,convert.py,модуль конвертаций,"123 г у.т./кВт·ч (теоретический минимум: 860 ккал/кВт·ч / 7000 ккал/кг у.т.) делить на норматив 356,1 = 34,5%. Выше типичных 27-33% для паросиловых блоков 1964-1980 годов, потому что норматив средневзвешенный по станции, а два блока из двенадцати (№ 11 и 12, по 250 МВт, 1980 и 1982) - парогазовые. После 2022 года работали именно блоки 10, 11, 12.",подтверждён,2026-08-11
F0680,Коэффициент: приведение_20C_к_0C,0.9317755415316391,безразмерный,-,convert.py,модуль конвертаций,"Закон Гей-Люссака при постоянном давлении: V0 = V20 * 273,15/293,15 = 0,93179. НБС ENE010400 явно указывает 'mii m3 standard: la conditiile 20 oC si 760 mm coloana de mercur'.",подтверждён,2026-08-11
F0681,Коэффициент: мВтч_из_МВт_15мин,0.25,ч,-,convert.py,модуль конвертаций,"15-минутный шаг Moldelectrica: МВт * 0,25 = МВт·ч.",подтверждён,2026-08-11
F0682,Коэффициент: мМБТЕ_в_МДж,1055.05585262,МДж/mmbtu,-,convert.py,модуль конвертаций,"Определение British thermal unit (IT): 1 mmbtu = 1,05505585262 ГДж.",подтверждён,2026-08-11
F0683,Коэффициент: кг_ут_в_МДж,29.3076,МДж/кг у.т.,-,convert.py,модуль конвертаций,"Определение условного топлива: 7000 ккал/кг = 29,3076 МДж/кг.",подтверждён,2026-08-11
F0684,Коэффициент: курс_рубля_ПМР,16.1,рублей ПМР за 1 USD,-,convert.py,модуль конвертаций,"ЦБ ПМР, cbpmr.csv, курс на 01.08.2026 - 16,1000. Зафиксирован с 05.04.2018.",подтверждён,2026-08-11
F0685,Коэффициент: домохозяйств_правый_берег,1006800,домохозяйств,-,convert.py,модуль конвертаций,"Перепись населения и жилищ 2024, окончательные результаты, дата отсчёта 8 апреля 2024, опубликованы НБС 30.06.2026: «2 386,4 мии persoane (или 99,1% населения) проживали в 1006,8 тыс. домохозяйств, средний размер домохозяйства 2,4 человека». https://statistica.gov.md/ro/rezultatele-finale-ale-recensamantului-populatiei-si-locuintelor-2024-caracteris-10121_62519.html Прежнее допущение плана статьи - 1,1 млн - завышено на 9,3%.",подтверждён,2026-08-11
F0686,Коэффициент: установленная_мощность_МГРЭС_МВт,2520,МВт,-,convert.py,модуль конвертаций,"Верховный Совет ПМР, 26.09.2024, к 60-летию станции: «Установленная электрическая мощность - 2 520 МВт», «За 60 лет выработано 436 320 миллионов кВт/ч». https://vspmr.org/news/supreme-council/moldavskoy-gres-60-let.html Подтверждается отчётом Минэнерго Молдовы о мониторинге безопасности поставок 2020-2021: из ~3129 МВт по стране ~2568 МВт на левом берегу.",подтверждён,2026-08-11
F0687,Закупка э/э у CTE Moldovenească (2018),2544.0,млн кВт·ч,2018,Raport anual de activitate   ANRE 2018.pdf,"«Figura 1. Evoluția producerii, importului şi procurărilor de energie electrică în perioada 2001-2018, mil. kWh», линия «CTE Moldovenească, Transnistria», стр. PDF 10",,из_источника,2026-08-11
F0688,Импорт э/э (ANRE) (2018),956.0,млн кВт·ч,2018,Raport anual de activitate   ANRE 2018.pdf,"«Figura 1», линия «Importul de energie», стр. PDF 10",,из_источника,2026-08-11
F0689,Закупка э/э у CTE Moldovenească (2021),3445.6,млн кВт·ч,2021,Raport 2021 Final 1.pdf,стр. PDF 21,,из_источника,2026-08-11
F0690,Закупка э/э у CTE Moldovenească (2022),2706.0,млн кВт·ч,2022,Raport privind Activitatea ANRE in anul 2022.pdf,стр. PDF 17,,из_источника,2026-08-11
F0691,Закупка э/э у CTE Moldovenească (2023),3278.5,млн кВт·ч,2023,Raportul de activitate 2023.pdf,стр. PDF 17,,из_источника,2026-08-11
F0692,Закупка э/э у CTE Moldovenească (2024),3068.8,млн кВт·ч,2024,Raportul privind Activitatea ANRE în anul 2024.pdf,стр. PDF 10,,из_источника,2026-08-11
F0693,Закупка э/э у CTE Moldovenească (2025),0.0,млн кВт·ч,2025,Raportul de activitate 2025.pdf,стр. PDF 10,,из_источника,2026-08-11
F0694,"Тариф поставки э/э, центр (RED Union Fenosa), с мая 2012 (2012)",152.0,бань/кВт·ч,2012,Raport anual de activitate a ANRE pentru anul 2012_0.pdf,стр. PDF 30: «tariful mediu de furnizare a energiei electrice pentru consumatorii deserviţi de Î.C.S. RED Union Fenosa S.A. din mai 2012 a fost determinat în mărime de 152 bani/kWh»,,из_источника,2026-08-11
F0695,"Тариф поставки э/э, север (RED Nord), с мая 2012 (2012)",167.0,бань/кВт·ч,2012,Raport anual de activitate a ANRE pentru anul 2012_0.pdf,стр. PDF 30: «tariful mediu de livrare pentru consumatorii deserviţi de S.A. RED Nord - în mărime de 167 bani/kWh»,,из_источника,2026-08-11
F0696,"Тариф поставки э/э, центр (Gas Natural Fenosa), с марта 2017 (2017)",192.0,бань/кВт·ч,2017,Raport anual de activitate a ANRE in anul 2017.pdf,стр. PDF 98: «prețul mediu de furnizare a energiei electrice pentru consumatorii finali ai Î.C.S. Gas Natural Fenosa Furnizare Energie S.R.L. din martie 2017 a fost stabilit în mărime de 192 bani/kWh»,,из_источника,2026-08-11
F0697,"Тариф поставки э/э, север (FEE Nord), с марта 2017 (2017)",202.0,бань/кВт·ч,2017,Raport anual de activitate a ANRE in anul 2017.pdf,стр. PDF 98: «consumatorilor finali ai S.A. Furnizarea Energiei Electrice Nord ... 202 bani/kWh»,,из_источника,2026-08-11
F0698,"Тариф поставки э/э, центр (Gas Natural Fenosa), с 01.07.2018 (2018)",173.0,бань/кВт·ч,2018,Raport anual de activitate   ANRE 2018.pdf,"стр. PDF 107: «din 1 iulie 2018 a fost stabilit în mărime de 173 bani/kWh, cu 10.1 % mai mic față de prețul anterior»",,из_источника,2026-08-11
F0699,"Тариф поставки э/э, север (FEE Nord), с 01.07.2018 (2018)",179.0,бань/кВт·ч,2018,Raport anual de activitate   ANRE 2018.pdf,стр. PDF 107: «pentru consumatorii S.A. Furnizarea Energiei Electrice Nord a fost stabilit în mărime de 179 bani/kWh»,,из_источника,2026-08-11
F0700,"Тариф поставки э/э, центр (Premier Energy), с 23.08.2019 (2019)",177.0,бань/кВт·ч,2019,RAPORT DE ACTIVITATE 2019 FINAL 30.11.2020.docx.pdf,стр. PDF 109: «prețul mediu de furnizare a energiei electrice pentru consumatorii Î.C.S. Premier Energy S.R.L. din 23 august 2019 a fost stabilit în mărime de 177 bani/kWh»,,из_источника,2026-08-11
F0701,Средняя цена закупки газа (правый берег) (2005),76.1,USD/1000 м³,2005,Raport anual de activitate a ANRE in anul 2017.pdf,"Табл. 12, стр. PDF 24",,из_источника,2026-08-11
F0702,Средняя цена закупки газа (правый берег) (2010),250.1,USD/1000 м³,2010,Raport anual de activitate a ANRE in anul 2017.pdf,"Табл. 12, стр. PDF 24",,из_источника,2026-08-11
F0703,Средняя цена закупки газа (правый берег) (2015),256.0,USD/1000 м³,2015,Raport anual de activitate a ANRE in anul 2017.pdf,"Табл. 12, стр. PDF 24",,из_источника,2026-08-11
F0704,Средняя цена закупки газа (правый берег) (2016),193.5,USD/1000 м³,2016,Raport anual de activitate a ANRE in anul 2017.pdf,"Табл. 12, стр. PDF 24",,из_источника,2026-08-11
F0705,Средняя цена закупки газа (правый берег) (2017),162.05,USD/1000 м³,2017,Raport 2021 Final 1.pdf,"Табл. 13, стр. PDF 42",,из_источника,2026-08-11
F0706,Средняя цена закупки газа (правый берег) (2018),217.5,USD/1000 м³,2018,Raport 2021 Final 1.pdf,"Табл. 13, стр. PDF 42",,из_источника,2026-08-11
F0707,Средняя цена закупки газа (правый берег) (2019),233.7,USD/1000 м³,2019,Raport 2021 Final 1.pdf,"Табл. 13, стр. PDF 42",,из_источника,2026-08-11
F0708,Средняя цена закупки газа (правый берег) (2020),148.87,USD/1000 м³,2020,Raport 2021 Final 1.pdf,"Табл. 13, стр. PDF 42",,из_источника,2026-08-11
F0709,Средняя цена закупки газа (правый берег) (2021),309.5,USD/1000 м³,2021,Raport 2021 Final 1.pdf,"Табл. 13, стр. PDF 42",,из_источника,2026-08-11
F0710,Средняя цена закупки газа (правый берег) (2022),841.6,USD/1000 м³,2022,Raport privind Activitatea ANRE in anul 2022.pdf,стр. PDF 40,,из_источника,2026-08-11
F0711,Средняя цена закупки газа (правый берег) (2023),783.9,USD/1000 м³,2023,Raportul de activitate 2023.pdf,"Табл. 14, стр. PDF 43",,из_источника,2026-08-11
F0712,"Поставка газа Moldovagaz → Tiraspoltransgaz, февраль-декабрь (2025)",689.2,млн м³,2025,Raportul de activitate 2025.pdf,стр. PDF 51,,из_источника,2026-08-11
F0713,Контрактная цена э/э CERS Moldovenească (до пересмотра) (2010),4.69,цент/кВт·ч,2010,Raport final 2010_31.03.11.doc,"раздел о тарифах, январь 2010",,из_источника,2026-08-11
F0714,"Контрактная цена э/э CERS Moldovenească (после пересмотра, +24%) (2010)",5.83,цент/кВт·ч,2010,Raport final 2010_31.03.11.doc,"раздел о тарифах, январь 2010",,из_источника,2026-08-11
F0715,Средняя цена поставки э/э потребителям без НДС (2020),175.9,бань/кВт·ч,2020,Raportul de activitate 2025.pdf,"Табл. 2, стр. PDF 10",,из_источника,2026-08-11
F0716,Средняя цена поставки э/э потребителям без НДС (2021),154.0,бань/кВт·ч,2021,Raportul de activitate 2025.pdf,"Табл. 2, стр. PDF 10",,из_источника,2026-08-11
F0717,Средняя цена поставки э/э потребителям без НДС (2022),242.8,бань/кВт·ч,2022,Raportul de activitate 2025.pdf,"Табл. 2, стр. PDF 10",,из_источника,2026-08-11
F0718,Средняя цена поставки э/э потребителям без НДС (2023),290.9,бань/кВт·ч,2023,Raportul de activitate 2025.pdf,"Табл. 2, стр. PDF 10",,из_источника,2026-08-11
F0719,Средняя цена поставки э/э потребителям без НДС (2024),228.0,бань/кВт·ч,2024,Raportul de activitate 2025.pdf,"Табл. 2, стр. PDF 10",,из_источника,2026-08-11
F0720,Средняя цена поставки э/э потребителям без НДС (2025),366.6,бань/кВт·ч,2025,Raportul de activitate 2025.pdf,"Табл. 2, стр. PDF 10",,из_источника,2026-08-11
F0721,Средняя цена закупки э/э лицензиатами (2020),97.3,бань/кВт·ч,2020,Raportul de activitate 2025.pdf,"Табл. 2, стр. PDF 10",,из_источника,2026-08-11
F0722,Средняя цена закупки э/э лицензиатами (2021),104.1,бань/кВт·ч,2021,Raportul de activitate 2025.pdf,"Табл. 2, стр. PDF 10",,из_источника,2026-08-11
F0723,Средняя цена закупки э/э лицензиатами (2022),173.0,бань/кВт·ч,2022,Raportul de activitate 2025.pdf,"Табл. 2, стр. PDF 10",,из_источника,2026-08-11
F0724,Средняя цена закупки э/э лицензиатами (2023),178.7,бань/кВт·ч,2023,Raportul de activitate 2025.pdf,"Табл. 2, стр. PDF 10",,из_источника,2026-08-11
F0725,Средняя цена закупки э/э лицензиатами (2024),167.8,бань/кВт·ч,2024,Raportul de activitate 2025.pdf,"Табл. 2, стр. PDF 10",,из_источника,2026-08-11
F0726,Средняя цена закупки э/э лицензиатами (2025),238.7,бань/кВт·ч,2025,Raportul de activitate 2025.pdf,"Табл. 2, стр. PDF 10",,из_источника,2026-08-11
F0727,Закупка э/э лицензиатами всего (2025),4710.1,млн кВт·ч,2025,Raportul de activitate 2025.pdf,"Табл. 2, стр. PDF 10",,из_источника,2026-08-11
F0728,Закупка э/э лицензиатами всего (2024),4626.1,млн кВт·ч,2024,Raportul de activitate 2025.pdf,"Табл. 2, стр. PDF 10",,из_источника,2026-08-11
F0729,Закупка э/э лицензиатами всего (2023),4333.1,млн кВт·ч,2023,Raportul de activitate 2025.pdf,"Табл. 2, стр. PDF 10",,из_источника,2026-08-11
F0730,Закупка э/э лицензиатами всего (2022),4512.9,млн кВт·ч,2022,Raportul de activitate 2025.pdf,"Табл. 2, стр. PDF 10",,из_источника,2026-08-11
F0731,Закупка э/э лицензиатами всего (2021),4591.7,млн кВт·ч,2021,Raportul de activitate 2025.pdf,"Табл. 2, стр. PDF 10",,из_источника,2026-08-11
F0732,Закупка э/э лицензиатами всего (2020),4269.8,млн кВт·ч,2020,Raportul de activitate 2025.pdf,"Табл. 2, стр. PDF 10",,из_источника,2026-08-11
F0733,Средняя цена закупки э/э лицензиатами (2001),36.36,бань/кВт·ч,2001,RAPORT DE ACTIVITATE 2019 FINAL 30.11.2020.docx.pdf,"Табл. 1, стр. PDF 16",,из_источника,2026-08-11
F0734,Средняя цена закупки э/э лицензиатами (2005),35.13,бань/кВт·ч,2005,RAPORT DE ACTIVITATE 2019 FINAL 30.11.2020.docx.pdf,"Табл. 1, стр. PDF 16",,из_источника,2026-08-11
F0735,Средняя цена закупки э/э лицензиатами (2010),75.75,бань/кВт·ч,2010,RAPORT DE ACTIVITATE 2019 FINAL 30.11.2020.docx.pdf,"Табл. 1, стр. PDF 16",,из_источника,2026-08-11
F0736,Средняя цена закупки э/э лицензиатами (2017),99.04,бань/кВт·ч,2017,RAPORT DE ACTIVITATE 2019 FINAL 30.11.2020.docx.pdf,"Табл. 1, стр. PDF 16",,из_источника,2026-08-11
F0737,Средняя цена закупки э/э лицензиатами (2018),99.36,бань/кВт·ч,2018,RAPORT DE ACTIVITATE 2019 FINAL 30.11.2020.docx.pdf,"Табл. 1, стр. PDF 16",,из_источника,2026-08-11
F0738,Средняя цена закупки э/э лицензиатами (2019),105.6,бань/кВт·ч,2019,RAPORT DE ACTIVITATE 2019 FINAL 30.11.2020.docx.pdf,"Табл. 1, стр. PDF 16",,из_источника,2026-08-11
F0739,Закупка э/э лицензиатами всего (2001),3194.8,млн кВт·ч,2001,RAPORT DE ACTIVITATE 2019 FINAL 30.11.2020.docx.pdf,"Табл. 1, стр. PDF 16",,из_источника,2026-08-11
F0740,Закупка э/э лицензиатами всего (2005),3359.5,млн кВт·ч,2005,RAPORT DE ACTIVITATE 2019 FINAL 30.11.2020.docx.pdf,"Табл. 1, стр. PDF 16",,из_источника,2026-08-11
F0741,Закупка э/э лицензиатами всего (2010),3835.7,млн кВт·ч,2010,RAPORT DE ACTIVITATE 2019 FINAL 30.11.2020.docx.pdf,"Табл. 1, стр. PDF 16",,из_источника,2026-08-11
F0742,Закупка э/э лицензиатами всего (2017),4066.4,млн кВт·ч,2017,RAPORT DE ACTIVITATE 2019 FINAL 30.11.2020.docx.pdf,"Табл. 1, стр. PDF 16",,из_источника,2026-08-11
F0743,Закупка э/э лицензиатами всего (2018),4178.8,млн кВт·ч,2018,RAPORT DE ACTIVITATE 2019 FINAL 30.11.2020.docx.pdf,"Табл. 1, стр. PDF 16",,из_источника,2026-08-11
F0744,Закупка э/э лицензиатами всего (2019),4301.9,млн кВт·ч,2019,RAPORT DE ACTIVITATE 2019 FINAL 30.11.2020.docx.pdf,"Табл. 1, стр. PDF 16",,из_источника,2026-08-11
F0745,"Цена закупки э/э у CTE Moldovenească, декабрь (2022)",73.5,USD/МВт·ч,2022,Raport privind Activitatea ANRE in anul 2022.pdf,"стр. PDF 17: «creșterea prețului de procurare a energiei electrice de la sursa principală CTE Moldovenească cu circa 37,4 %, ajungând în luna decembrie la valoarea de 73,5 USD/MWh»",,из_источника,2026-08-11
F0746,"Диапазон цен закупки э/э на рынке Румынии, нижняя граница (2022)",90.0,USD/МВт·ч,2022,Raport privind Activitatea ANRE in anul 2022.pdf,стр. PDF 17,,из_источника,2026-08-11
F0747,"Диапазон цен закупки э/э на рынке Румынии, верхняя граница (2022)",250.0,USD/МВт·ч,2022,Raport privind Activitatea ANRE in anul 2022.pdf,стр. PDF 17,,из_источника,2026-08-11
F0748,"Средняя цена импорта э/э (blended, вкл. МГРЭС) (2018)",5.16,цент/кВт·ч,2018,RAPORT DE ACTIVITATE 2019 FINAL 30.11.2020.docx.pdf,"стр. PDF 109: «majorarea prețului mediu de import al energiei electrice de la 5,16 ¢/kWh la 5,38 ¢/kWh»",,из_источника,2026-08-11
F0749,"Средняя цена импорта э/э (blended, вкл. МГРЭС) (2019)",5.38,цент/кВт·ч,2019,RAPORT DE ACTIVITATE 2019 FINAL 30.11.2020.docx.pdf,стр. PDF 109,,из_источника,2026-08-11
F0750,Цена закупки газа Moldovagaz у Газпрома (до 01.01.2010) (2009),196.6,USD/1000 м³,2009,Raport final 2010_31.03.11.doc,"«majorarea, cu începere din 1 ianuarie 2010, a preţului de procurare a gazelor naturale de către S.A. „Moldovagaz” de la concernul rus S.A.D. „Gazprom” cu 17,9%, de la 196,6 USD până la 231,7 USD»",,из_источника,2026-08-11
F0751,Цена закупки газа Moldovagaz у Газпрома (с 01.01.2010) (2010),231.7,USD/1000 м³,2010,Raport final 2010_31.03.11.doc,тот же абзац,,из_источника,2026-08-11
F0752,Средний тариф на газ для конечных потребителей (2010),3542.0,лей/1000 м³,2010,Raport final 2010_31.03.11.doc,"«creştere cu 13,9 % a tarifului mediu la gazele naturale... 3542 lei/1000 m3»",,из_источника,2026-08-11
F0753,"Курс, применённый ANRE в тарифном решении (2010)",12.3,лей/USD,2010,Raport final 2010_31.03.11.doc,"«devalorizarea valutei naţionale... la 12,3 lei/$»",,из_источника,2026-08-11
F0754,"Курс, применённый ANRE в предыдущем тарифе (2009)",10.7,лей/USD,2009,Raport final 2010_31.03.11.doc,"«de la 10,7 lei/$ (rată prevăzută în tariful precedent)»",,из_источника,2026-08-11
F0755,Средняя цена закупки э/э лицензиатами (2011),81.6,бань/кВт·ч,2011,Raport anual de activitate a ANRE pentru anul 2013_2.pdf,"Табл. 8, стр. PDF ~24; текстового слоя нет, извлечено OCR (tesseract -l ron). Методика: только операторы распредсетей, без правомочных потребителей",,из_источника,2026-08-11
F0756,Средняя цена закупки э/э лицензиатами (2012),94.83,бань/кВт·ч,2012,Raport anual de activitate a ANRE pentru anul 2013_2.pdf,"Табл. 8, OCR",,из_источника,2026-08-11
F0757,Средняя цена закупки э/э лицензиатами (2013),98.59,бань/кВт·ч,2013,RAPORT 2014_de_activitate.pdf,"Табл. 1, стр. PDF 5",,из_источника,2026-08-11
F0758,Средняя цена закупки э/э лицензиатами (2014),105.72,бань/кВт·ч,2014,RAPORT 2014_de_activitate.pdf,"Табл. 1, стр. PDF 5",,из_источника,2026-08-11
F0759,Средняя цена закупки э/э лицензиатами (2015),132.91,бань/кВт·ч,2015,Raport anual de activitate 2015.pdf,"Табл. 1, стр. PDF 9",,из_источника,2026-08-11
F0760,Средняя цена закупки э/э лицензиатами (2016),113.31,бань/кВт·ч,2016,Raport anual de activitate_2016.pdf,"Табл. 1, стр. PDF 6",,из_источника,2026-08-11
F0761,Платежи Молдовы за э/э МГРЭС (вторичный источник) (2016),178.0,млн $,2016,"bne IntelliNews, «Moldova terminates power contract with Transnistria»","ВТОРИЧНЫЙ ИСТОЧНИК, первичного подтверждения нет: «In total, Moldova paid Transnistria $178mn for the electricity imported in 2016»",,из_источника,2026-08-11
F0762,"Цена победителя тендера 2017 (DTEK Trading, Украина) (2017)",50.2,USD/МВт·ч,2017,"Ministerul Economiei RM, 01.04.2017","контракт Energocom-DTEK на 01.04.2017-31.03.2018; оферты МГРЭС 58,5 и 54,4 отклонены",,из_источника,2026-08-11
F0763,"HCA 44 | цена газа, вход в сети транспортировки, без НДС (2026)",7906,лей/1000 м³,2026,HCA nr. 44 din 03.02.2026.pdf,"HCA nr. 44 din 03.02.2026.pdf, приложение",,из_источника,2026-08-11
F0764,"HCA 44 | цена газа, выход из сетей транспортировки, без НДС (2026)",8270,лей/1000 м³,2026,HCA nr. 44 din 03.02.2026.pdf,"HCA nr. 44 din 03.02.2026.pdf, приложение",,из_источника,2026-08-11
F0765,"HCA 44 | цена газа, выход из распределит. сетей высокого давления, без НДС (2026)",8365,лей/1000 м³,2026,HCA nr. 44 din 03.02.2026.pdf,"HCA nr. 44 din 03.02.2026.pdf, приложение",,из_источника,2026-08-11
F0766,"HCA 44 | цена газа, выход из распределит. сетей среднего давления, без НДС (2026)",9533,лей/1000 м³,2026,HCA nr. 44 din 03.02.2026.pdf,"HCA nr. 44 din 03.02.2026.pdf, приложение",,из_источника,2026-08-11
F0767,"HCA 44 | цена газа, выход из распределит. сетей низкого давления, без НДС (2026)",13353,лей/1000 м³,2026,HCA nr. 44 din 03.02.2026.pdf,"HCA nr. 44 din 03.02.2026.pdf, приложение",,из_источника,2026-08-11
F0768,"HCA 214 от 25.03.2026 | тариф на передачу э/э Moldelectrica, без НДС (2026)",245,лей/МВт·ч,2026,HCA nr. 214 din 25.03.2026,"HCA nr. 214 din 25.03.2026, п. 1 (файл в наборе назван 24.03.2026 - ошибка имени файла)",,из_источника,2026-08-11
